CrashFactId,Name,MinorInjuries,ModerateInjuries,SevereInjuries,FatalInjuries,PrimaryCollisionFactor,CollisionType,CrashTime,PrimaryCollisionFactor_Code,CollisionType_Code
592076,CR-0000067476,0,0,0,0,Violation Driver 1,Hit Object,21:38,5.0,2
592077,CR-0000065925,0,1,0,0,Violation Driver 1,Hit Object,12:25,5.0,2
592078,CR-0000066111,0,0,0,0,Violation Driver 1,Hit Object,01:53,5.0,2
592079,CR-0000065943,0,1,0,0,Violation Driver 1,Other,15:00,5.0,3
592080,CR-0000070612,0,0,0,0,Violation Driver 1,Hit Object,21:57,5.0,2
592081,CR-0000070252,0,0,0,0,Violation Driver 1,Hit Object,23:35,5.0,2
592082,CR-0000075319,1,0,0,0,Violation Driver 1,Hit Object,00:40,5.0,2
592083,CR-0000055868,3,0,0,0,Violation Driver 1,Rear End,00:17,5.0,5
592087,CR-0000070889,0,1,0,0,Violation Driver 1,Vehicle/Bike,18:55,5.0,7
592088,CR-0000045376,0,0,0,0,Violation Driver 1,Broadside,17:38,5.0,0
592089,CR-0000053497,0,0,0,0,Violation Driver 1,Rear End,22:09,5.0,5
592090,CR-0000053496,0,1,0,0,Violation Driver 1,Rear End,21:42,5.0,5
592091,CR-0000048510,0,0,0,0,Violation Driver 1,Rear End,13:59,5.0,5
592092,CR-0000048285,1,0,0,0,Pedestrian At Fault,Other,22:35,3.0,3
592093,CR-0000048267,0,0,0,0,Violation Driver 1,Other,15:38,5.0,3
592094,CR-0000037148,1,0,0,0,Violation Driver 1,Broadside,08:00,5.0,0
592095,CR-0000038705,1,0,0,0,Violation Driver 1,Head On,16:21,5.0,1
592096,CR-0000037187,1,0,0,0,Violation Driver 1,Rear End,12:43,5.0,5
592097,CR-0000061236,0,0,0,0,Violation Driver 1,Hit Object,02:13,5.0,2
592098,CR-0000075285,0,0,0,0,Violation Driver 1,Hit Object,05:30,5.0,2
592099,CR-0000078641,0,0,0,0,Violation Driver 1,Hit Object,12:54,5.0,2
592100,CR-0000077852,0,0,0,0,Violation Driver 1,Hit Object,16:54,5.0,2
592101,CR-0000077809,1,1,0,0,Violation Driver 1,Hit Object,12:06,5.0,2
592102,CR-0000078401,0,0,0,0,Violation Driver 1,Hit Object,00:00,5.0,2
592104,CR-0000054949,0,1,0,0,Violation Driver 1,Other,12:50,5.0,3
592105,CR-0000045360,1,0,0,0,Violation Driver 1,Rear End,17:13,5.0,5
592106,CR-0000048544,1,0,0,0,Violation Driver 1,Rear End,09:48,5.0,5
592107,CR-0000053463,0,0,0,0,Violation Driver 1,Rear End,17:50,5.0,5
592108,CR-0000056414,0,0,0,0,Violation Driver 1,Head On,17:30,5.0,1
592109,CR-0000056403,2,0,0,0,Unknown,Head On,20:22,4.0,1
592110,CR-0000055885,1,0,0,0,Violation Driver 1,Sideswipe,11:53,5.0,6
592111,CR-0000048302,0,0,0,0,Unknown,Other,16:00,4.0,3
592112,CR-0000038271,0,0,0,0,Violation Driver 1,Other,11:00,5.0,3
592113,CR-0000038391,0,0,0,0,Violation Driver 1,Other,18:30,5.0,3
592114,CR-0000037305,2,0,0,0,Violation Driver 1,Sideswipe,21:59,5.0,6
592115,CR-0000036880,0,0,0,0,Violation Driver 1,Other,00:48,5.0,3
592116,CR-0000066489,2,0,0,0,Violation Driver 1,Rear End,08:47,5.0,5
592117,CR-0000070219,0,0,0,0,Violation Driver 1,Hit Object,02:12,5.0,2
592118,CR-0000071076,1,0,0,0,Violation Driver 1,Hit Object,02:00,5.0,2
592119,CR-0000059284,0,0,0,0,Violation Driver 1,Head On,06:47,5.0,1
592120,CR-0000059176,0,0,0,0,Violation Driver 1,Hit Object,03:23,5.0,2
592121,CR-0000066580,0,0,0,1,Violation Driver 1,Hit Object,15:17,5.0,2
592122,CR-0000066754,0,0,0,0,Violation Driver 1,Hit Object,12:00,5.0,2
592123,CR-0000078168,0,0,0,0,Violation Driver 1,Hit Object,07:00,5.0,2
592124,CR-0000078557,0,1,0,0,Violation Driver 1,Hit Object,02:41,5.0,2
592125,CR-0000037184,1,0,0,0,Violation Driver 1,Broadside,17:54,5.0,0
592126,CR-0000038389,1,0,0,0,Violation Driver 1,Broadside,17:58,5.0,0
592127,CR-0000038384,2,0,0,0,Violation Driver 1,Rear End,20:27,5.0,5
592128,CR-0000043290,0,0,0,0,Violation Driver 1,Rear End,23:18,5.0,5
592129,CR-0000042537,0,0,0,0,Violation Driver 2,Other,14:40,6.0,3
592130,CR-0000042713,0,0,1,0,Violation Driver 1,Other,10:40,5.0,3
592131,CR-0000053905,0,0,0,0,Violation Driver 1,Broadside,08:23,5.0,0
592132,CR-0000058975,0,0,0,0,Violation Driver 1,Hit Object,20:25,5.0,2
592133,CR-0000066675,0,0,0,0,Violation Driver 1,Hit Object,18:56,5.0,2
592134,CR-0000066265,0,1,0,0,Violation Driver 1,Head On,22:45,5.0,1
592135,CR-0000058895,0,0,0,0,Violation Driver 1,Other,08:50,5.0,3
592136,CR-0000058894,0,0,0,0,Violation Driver 1,Hit Object,03:15,5.0,2
592137,CR-0000058858,0,0,0,0,Violation Driver 1,Hit Object,00:35,5.0,2
592138,CR-0000059111,0,0,0,0,Violation Driver 1,Hit Object,00:57,5.0,2
592139,CR-0000077815,1,0,0,0,Violation Driver 1,Hit Object,08:34,5.0,2
592140,CR-0000077961,0,0,0,0,Violation Driver 1,Hit Object,09:55,5.0,2
592141,CR-0000078474,0,0,0,0,Violation Driver 1,Rear End,16:43,5.0,5
592142,CR-0000078420,0,0,0,0,Violation Driver 1,Hit Object,12:15,5.0,2
592143,CR-0000054036,0,0,0,0,Violation Driver 1,Broadside,17:39,5.0,0
592144,CR-0000037230,0,0,0,0,Violation Driver 1,Other,02:00,5.0,3
592145,CR-0000037216,0,0,0,0,Violation Driver 1,Broadside,12:25,5.0,0
592146,CR-0000037871,1,0,0,0,Pedestrian At Fault,Other,21:00,3.0,3
592147,CR-0000038336,1,1,0,0,Violation Driver 1,Other,05:39,5.0,3
592148,CR-0000038075,1,0,0,0,Violation Driver 1,Broadside,18:36,5.0,0
592149,CR-0000039932,0,0,0,0,Violation Driver 1,Other,07:25,5.0,3
592150,CR-0000036987,1,0,0,0,Bike At Fault,Other,10:00,0.0,3
592151,CR-0000037300,0,0,0,0,Violation Driver 1,Other,05:30,5.0,3
592153,CR-0000073613,0,0,0,0,Violation Driver 1,Hit Object,13:50,5.0,2
592154,CR-0000073549,0,0,0,0,Violation Driver 1,Hit Object,03:27,5.0,2
592155,CR-0000061510,1,0,0,0,Violation Driver 1,Head On,16:00,5.0,1
592156,CR-0000068338,1,0,0,0,Violation Driver 1,Broadside,08:55,5.0,0
592159,CR-0000048503,0,0,0,0,Unknown,Rear End,09:45,4.0,5
592160,CR-0000043573,1,1,0,0,Violation Driver 1,Rear End,16:45,5.0,5
592161,CR-0000043559,0,0,0,0,Unknown,Other,00:00,4.0,3
592162,CR-0000042710,0,0,0,0,Unknown,Other,07:40,4.0,3
592163,CR-0000052842,0,0,0,0,Unknown,Broadside,13:30,4.0,0
592164,CR-0000055997,0,0,0,0,Violation Driver 1,Sideswipe,22:31,5.0,6
592165,CR-0000042682,0,0,0,0,Unknown,Broadside,07:50,4.0,0
592166,CR-0000054977,0,0,0,0,Violation Driver 1,Sideswipe,17:03,5.0,6
592167,CR-0000048317,1,0,0,0,Violation Driver 1,Rear End,18:26,5.0,5
592168,CR-0000047982,0,0,0,0,Unknown,Other,23:00,4.0,3
592169,CR-0000054361,1,0,0,0,Violation Driver 1,Other,05:12,5.0,3
592170,CR-0000043591,0,0,0,0,Unknown,Rear End,08:40,4.0,5
592171,CR-0000048519,0,1,0,0,Violation Driver 1,Other,23:43,5.0,3
592172,CR-0000048475,0,1,0,0,Violation Driver 1,Other,07:21,5.0,3
592173,CR-0000048467,1,0,0,0,Violation Driver 1,Other,09:00,5.0,3
592174,CR-0000048462,0,0,0,0,Violation Driver 1,Other,12:38,5.0,3
592175,CR-0000073991,0,0,0,0,Violation Driver 1,Hit Object,01:45,5.0,2
592176,CR-0000078615,0,0,0,0,Violation Driver 1,Hit Object,23:30,5.0,2
592177,CR-0000078803,1,0,0,0,Violation Driver 1,Hit Object,19:20,5.0,2
592178,CR-0000078371,0,0,0,0,Violation Driver 1,Hit Object,22:56,5.0,2
592179,CR-0000078257,0,0,0,0,Violation Driver 1,Hit Object,11:24,5.0,2
592180,CR-0000078452,0,1,0,0,Violation Driver 1,Hit Object,06:42,5.0,2
592181,CR-0000078056,0,0,0,0,Violation Driver 1,Hit Object,00:00,5.0,2
592182,CR-0000048266,1,1,0,0,Violation Driver 1,Head On,12:26,5.0,1
592183,CR-0000043747,0,0,0,0,Unknown,Broadside,19:57,4.0,0
592184,CR-0000037144,0,0,0,0,Violation Driver 1,Head On,15:00,5.0,1
592185,CR-0000037332,1,0,0,0,Violation Driver 1,Other,09:40,5.0,3
592186,CR-0000036894,0,0,0,0,Violation Driver 1,Other,10:16,5.0,3
592187,CR-0000036871,0,0,0,0,Violation Driver 1,Rear End,12:31,5.0,5
592188,CR-0000053370,1,0,0,0,Violation Driver 1,Rear End,20:34,5.0,5
592189,CR-0000053355,0,0,0,0,Violation Driver 1,Head On,12:05,5.0,1
592190,CR-0000053354,1,1,0,0,Violation Driver 1,Broadside,07:45,5.0,0
592191,CR-0000036837,0,0,0,0,Violation Driver 1,Broadside,17:30,5.0,0
592192,CR-0000037214,0,1,0,0,Violation Driver 1,Other,15:48,5.0,3
592193,CR-0000037853,0,1,1,0,Violation Driver 1,Broadside,21:45,5.0,0
592194,CR-0000038354,0,0,0,0,Violation Driver 1,Rear End,10:08,5.0,5
592197,CR-0000070898,1,0,1,0,Violation Driver 1,Broadside,02:02,5.0,0
592198,CR-0000042387,0,0,0,0,Violation Driver 1,Other,16:09,5.0,3
592199,CR-0000055262,1,0,0,0,Unknown,Other,08:00,4.0,3
592200,CR-0000048334,0,0,0,0,Unknown,Rear End,08:50,4.0,5
592201,CR-0000045358,1,0,0,0,Violation Driver 1,Other,14:33,5.0,3
592202,CR-0000037914,2,0,0,0,Violation Driver 1,Rear End,20:50,5.0,5
592203,CR-0000037212,0,0,0,0,Violation Driver 1,Rear End,15:15,5.0,5
592204,CR-0000043425,0,1,0,0,Bike At Fault,Other,17:08,0.0,3
592205,CR-0000048067,0,0,0,0,Unknown,Rear End,20:00,4.0,5
592206,CR-0000048059,0,0,0,0,Violation Driver 1,Other,11:59,5.0,3
592207,CR-0000053413,1,0,0,0,Pedestrian At Fault,Other,18:40,3.0,3
592208,CR-0000047956,1,0,0,0,Violation Driver 1,Rear End,16:28,5.0,5
592209,CR-0000043386,0,0,0,0,Unknown,Rear End,22:30,4.0,5
592210,CR-0000043461,0,0,0,0,Violation Driver 1,Other,00:32,5.0,3
592211,CR-0000056446,0,0,0,0,Unknown,Rear End,13:50,4.0,5
592212,CR-0000056423,0,0,0,0,Unknown,Rear End,15:10,4.0,5
592213,CR-0000048238,0,0,0,0,Unknown,Other,18:00,4.0,3
592214,CR-0000055867,0,0,0,0,Unknown,Sideswipe,19:30,4.0,6
592215,CR-0000038707,1,0,0,0,Violation Driver 1,Other,19:17,5.0,3
592216,CR-0000053372,0,0,0,0,Violation Driver 1,Broadside,01:58,5.0,0
592217,CR-0000043375,1,1,0,0,Violation Driver 1,Other,16:23,5.0,3
592218,CR-0000056001,0,0,0,0,Unknown,Broadside,11:30,4.0,0
592219,CR-0000056408,0,0,0,0,Violation Driver 1,Broadside,07:47,5.0,0
592220,CR-0000062230,0,0,0,0,Violation Driver 2,Broadside,13:50,6.0,0
592223,CR-0000074065,0,0,0,0,Violation Driver 1,Overturned,21:30,5.0,4
592224,CR-0000074276,0,0,1,0,Violation Driver 1,Hit Object,02:48,5.0,2
592225,CR-0000074210,0,0,0,0,Violation Driver 1,Hit Object,22:25,5.0,2
592226,CR-0000070736,0,0,0,0,Violation Driver 1,Hit Object,21:10,5.0,2
592227,CR-0000066563,0,0,0,1,Violation Driver 1,Hit Object,05:18,5.0,2
592228,CR-0000070955,0,0,0,0,Violation Driver 1,Hit Object,19:32,5.0,2
592229,CR-0000070497,0,0,0,0,Violation Driver 1,Hit Object,16:20,5.0,2
592230,CR-0000070992,0,0,0,0,Violation Driver 1,Hit Object,03:19,5.0,2
592231,CR-0000059036,0,0,0,0,Violation Driver 1,Hit Object,06:29,5.0,2
592232,CR-0000070659,0,0,0,0,Violation Driver 1,Hit Object,18:19,5.0,2
592233,CR-0000058537,0,1,0,0,Violation Driver 1,Head On,07:44,5.0,1
592234,CR-0000058419,0,0,0,0,Violation Driver 1,Hit Object,13:00,5.0,2
592235,CR-0000058714,0,0,0,0,Violation Driver 1,Sideswipe,13:49,5.0,6
592236,CR-0000066353,0,0,0,0,Violation Driver 1,Hit Object,15:34,5.0,2
592237,CR-0000039935,0,1,0,0,Violation Driver 1,Other,07:44,5.0,3
592238,CR-0000037299,1,0,0,0,Violation Driver 1,Rear End,12:47,5.0,5
592239,CR-0000037291,0,0,0,0,Violation Driver 1,Other,14:49,5.0,3
592240,CR-0000037285,1,0,0,0,Violation Driver 2,Broadside,08:04,6.0,0
592241,CR-0000070616,0,0,0,0,Violation Driver 1,Hit Object,04:10,5.0,2
592242,CR-0000071055,0,0,0,0,Violation Driver 1,Hit Object,22:40,5.0,2
592243,CR-0000066965,0,0,0,0,Violation Driver 1,Head On,01:00,5.0,1
592244,CR-0000038703,1,0,0,0,Violation Driver 1,Broadside,12:51,5.0,0
592245,CR-0000058914,0,0,0,0,Violation Driver 1,Hit Object,16:23,5.0,2
592246,CR-0000058881,0,0,1,0,Violation Driver 1,Hit Object,22:00,5.0,2
592247,CR-0000058866,1,0,0,0,Violation Driver 1,Head On,14:42,5.0,1
592248,CR-0000071011,0,0,0,0,Violation Driver 1,Hit Object,13:00,5.0,2
592249,CR-0000059240,0,0,0,0,Violation Driver 1,Sideswipe,19:00,5.0,6
592250,CR-0000059253,0,0,0,0,Violation Driver 1,Head On,00:12,5.0,1
592251,CR-0000059306,0,0,0,0,Violation Driver 1,Head On,08:14,5.0,1
592252,CR-0000043590,4,0,0,0,Unknown,Head On,23:28,4.0,1
592253,CR-0000053745,0,0,0,0,Violation Driver 1,Rear End,08:44,5.0,5
592254,CR-0000048517,0,0,0,0,Violation Driver 1,Sideswipe,18:00,5.0,6
592255,CR-0000048060,0,0,0,0,Violation Driver 1,Broadside,12:16,5.0,0
592256,CR-0000043291,0,0,0,0,Unknown,Other,15:30,4.0,3
592257,CR-0000042522,0,0,0,0,Unknown,Other,12:30,4.0,3
592258,CR-0000053410,1,0,0,0,Violation Driver 1,Other,17:55,5.0,3
592259,CR-0000052752,2,0,0,0,Violation Driver 1,Rear End,11:37,5.0,5
592260,CR-0000037194,0,0,0,0,Violation Driver 1,Other,17:30,5.0,3
592261,CR-0000037316,2,0,0,0,Unknown,Head On,08:15,4.0,1
592262,CR-0000037155,0,0,0,0,Violation Driver 1,Broadside,20:04,5.0,0
592263,CR-0000038364,0,0,0,0,Violation Driver 1,Other,07:35,5.0,3
592264,CR-0000037252,2,0,0,0,Violation Driver 1,Rear End,18:36,5.0,5
592265,CR-0000036855,0,1,0,0,Violation Driver 1,Rear End,01:09,5.0,5
592266,CR-0000038353,2,0,0,0,Violation Driver 1,Broadside,18:53,5.0,0
592267,CR-0000038180,1,0,0,0,Pedestrian At Fault,Other,11:46,3.0,3
592268,CR-0000066665,0,0,0,0,Violation Driver 1,Hit Object,02:15,5.0,2
592269,CR-0000066628,0,0,0,0,Violation Driver 1,Other,03:01,5.0,3
592270,CR-0000066498,0,1,0,0,Violation Driver 1,Hit Object,09:34,5.0,2
592271,CR-0000066981,0,0,0,0,Violation Driver 1,Hit Object,13:43,5.0,2
592272,CR-0000066549,1,0,0,0,Violation Driver 1,Hit Object,23:07,5.0,2
592273,CR-0000066667,0,0,0,0,Violation Driver 1,Head On,06:25,5.0,1
592274,CR-0000060047,0,0,0,0,Violation Driver 1,Hit Object,02:43,5.0,2
592275,CR-0000059695,0,0,0,0,Violation Driver 1,Hit Object,21:26,5.0,2
592277,CR-0000073724,0,0,0,0,Violation Driver 1,Hit Object,09:43,5.0,2
592278,CR-0000063082,1,0,0,0,Violation Driver 1,Broadside,07:50,5.0,0
592279,CR-0000070961,0,0,0,0,Violation Driver 1,Hit Object,23:17,5.0,2
592280,CR-0000060240,0,0,0,0,Violation Driver 1,Hit Object,00:38,5.0,2
592281,CR-0000071346,0,1,0,0,Violation Driver 1,Hit Object,01:35,5.0,2
592282,CR-0000042708,0,0,0,0,Unknown,Head On,19:45,4.0,1
592283,CR-0000053403,0,0,0,0,Violation Driver 1,Rear End,19:00,5.0,5
592284,CR-0000052828,1,0,0,0,Violation Driver 1,Rear End,19:40,5.0,5
592285,CR-0000043406,0,0,0,0,Violation Driver 1,Other,16:20,5.0,3
592286,CR-0000061202,1,0,0,0,Violation Driver 1,Broadside,07:20,5.0,0
592287,CR-0000071980,0,0,0,0,Violation Driver 1,Hit Object,02:15,5.0,2
592288,CR-0000073051,0,1,0,0,Violation Driver 1,Broadside,16:33,5.0,0
592289,CR-0000070429,0,0,0,0,Violation Driver 1,Hit Object,11:33,5.0,2
592290,CR-0000043475,0,0,0,0,Unknown,Rear End,20:00,4.0,5
592291,CR-0000053302,0,0,0,0,Violation Driver 1,Other,04:05,5.0,3
592292,CR-0000043455,2,1,0,0,Violation Driver 1,Rear End,20:48,5.0,5
592293,CR-0000047831,0,0,0,0,Violation Driver 1,Broadside,10:59,5.0,0
592294,CR-0000042371,2,0,0,0,Violation Driver 1,Rear End,18:38,5.0,5
592295,CR-0000042497,0,0,0,0,Unknown,Other,15:46,4.0,3
592296,CR-0000055999,0,0,0,0,Unknown,Head On,23:00,4.0,1
592297,CR-0000078410,1,0,0,0,Violation Driver 1,Hit Object,03:18,5.0,2
592298,CR-0000077712,0,0,0,0,Violation Driver 1,Hit Object,20:30,5.0,2
592299,CR-0000048693,0,0,0,0,Violation Driver 1,Broadside,19:11,5.0,0
592300,CR-0000062074,1,0,0,0,Violation Driver 1,Vehicle/Bike,15:05,5.0,7
592301,CR-0000061304,0,0,0,0,Violation Driver 1,Hit Object,18:05,5.0,2
592302,CR-0000065474,2,1,0,0,Violation Driver 1,Hit Object,07:45,5.0,2
592303,CR-0000065500,0,0,0,0,Violation Driver 1,Broadside,09:54,5.0,0
592304,CR-0000061219,2,0,0,0,Violation Driver 1,Broadside,22:23,5.0,0
592305,CR-0000055998,0,0,0,0,Violation Driver 1,Sideswipe,23:07,5.0,6
592306,CR-0000045691,1,0,0,0,Bike At Fault,Other,15:30,0.0,3
592307,CR-0000060025,0,0,0,0,Violation Driver 1,Hit Object,22:35,5.0,2
592308,CR-0000059947,0,0,0,0,Violation Driver 1,Hit Object,04:00,5.0,2
592309,CR-0000059922,0,0,0,0,Violation Driver 1,Hit Object,22:10,5.0,2
592310,CR-0000061553,0,0,0,0,Violation Driver 1,Head On,20:09,5.0,1
592311,CR-0000062884,0,0,0,0,Violation Driver 1,Sideswipe,08:06,5.0,6
592312,CR-0000033602,1,0,0,0,Violation Driver 1,Other,11:41,5.0,3
592313,CR-0000064555,2,0,0,0,Unknown,Broadside,15:30,4.0,0
592314,CR-0000042356,0,0,0,0,Violation Driver 1,Other,08:10,5.0,3
592315,CR-0000042482,0,0,0,0,Violation Driver 1,Rear End,07:56,5.0,5
592316,CR-0000054999,0,0,0,0,Violation Driver 1,Sideswipe,17:30,5.0,6
592317,CR-0000052720,0,0,0,0,Violation Driver 1,Head On,13:35,5.0,1
592318,CR-0000066824,1,1,0,0,Violation Driver 1,Head On,20:52,5.0,1
592319,CR-0000066788,2,0,0,0,Violation Driver 1,Hit Object,23:08,5.0,2
592320,CR-0000066787,0,0,0,0,Violation Driver 1,Hit Object,17:00,5.0,2
592321,CR-0000065848,0,0,0,0,Violation Driver 1,Hit Object,00:30,5.0,2
592322,CR-0000055552,0,1,0,0,Violation Driver 1,Broadside,12:35,5.0,0
592323,CR-0000060211,3,0,0,0,Violation Driver 1,Broadside,13:50,5.0,0
592324,CR-0000073373,0,0,0,0,Violation Driver 1,Hit Object,19:53,5.0,2
592325,CR-0000055984,3,0,0,0,Violation Driver 1,Broadside,15:26,5.0,0
592326,CR-0000055978,0,0,0,0,Violation Driver 1,Broadside,00:00,5.0,0
592327,CR-0000055974,1,0,0,0,Violation Driver 1,Broadside,08:36,5.0,0
592328,CR-0000055967,0,0,0,0,Violation Driver 1,Rear End,18:50,5.0,5
592329,CR-0000054982,0,0,0,0,Unknown,Rear End,12:40,4.0,5
592330,CR-0000054978,0,0,1,0,Violation Driver 1,Head On,17:45,5.0,1
592331,CR-0000054969,1,0,0,0,Violation Driver 1,Broadside,07:30,5.0,0
592332,CR-0000055961,1,0,0,0,Unknown,Sideswipe,08:57,4.0,6
592333,CR-0000078807,0,0,0,0,Violation Driver 1,Hit Object,06:10,5.0,2
592334,CR-0000078668,1,0,0,0,Violation Driver 1,Hit Object,13:53,5.0,2
592335,CR-0000053785,1,0,0,0,Violation Driver 2,Broadside,07:58,6.0,0
592336,CR-0000061992,0,0,0,0,Violation Driver 1,Hit Object,08:55,5.0,2
592340,CR-0000059678,0,0,1,0,Unknown,Vehicle/Pedestrian,00:47,4.0,8
592341,CR-0000059628,1,0,0,0,Violation Driver 1,Head On,01:23,5.0,1
592342,CR-0000053679,0,1,0,0,Bike At Fault,Other,09:36,0.0,3
592343,CR-0000055002,0,0,0,0,Violation Driver 1,Broadside,22:45,5.0,0
592344,CR-0000055000,1,0,0,0,Violation Driver 1,Vehicle/Pedestrian,19:22,5.0,8
592345,CR-0000054989,0,1,0,0,Violation Driver 1,Rear End,10:00,5.0,5
592346,CR-0000042642,0,0,0,0,Violation Driver 1,Rear End,09:10,5.0,5
592347,CR-0000045676,0,0,0,0,Unknown,Sideswipe,17:30,4.0,6
592348,CR-0000070450,0,1,0,0,Violation Driver 1,Hit Object,09:52,5.0,2
592349,CR-0000077348,0,0,1,0,Violation Driver 1,Hit Object,05:20,5.0,2
592350,CR-0000059563,0,1,0,0,Violation Driver 1,Head On,15:34,5.0,1
592351,CR-0000064893,1,0,0,0,Violation Driver 1,Broadside,11:16,5.0,0
592352,CR-0000056645,0,1,0,0,Unknown,Broadside,09:31,4.0,0
592353,CR-0000046416,0,0,0,0,Other Than Driver,Other,14:56,2.0,3
592354,CR-0000066102,1,0,0,0,Violation Driver 1,Broadside,13:06,5.0,0
592355,CR-0000066173,0,0,0,0,Violation Driver 1,Broadside,08:43,5.0,0
592357,CR-0000054962,0,0,0,0,Unknown,Sideswipe,15:00,4.0,6
592358,CR-0000054956,1,0,0,0,Violation Driver 1,Broadside,20:10,5.0,0
592359,CR-0000048341,0,0,0,0,Violation Driver 1,Rear End,11:31,5.0,5
592360,CR-0000038042,1,0,0,0,Violation Driver 1,Broadside,12:50,5.0,0
592361,CR-0000048830,1,1,0,0,Unknown,Head On,20:29,4.0,1
592362,CR-0000048189,0,0,0,0,Violation Driver 1,Other,21:40,5.0,3
592363,CR-0000054720,0,0,0,0,Unknown,Sideswipe,14:50,4.0,6
592364,CR-0000054706,0,0,0,0,Unknown,Sideswipe,11:00,4.0,6
592365,CR-0000070353,0,0,0,0,Violation Driver 1,Hit Object,02:14,5.0,2
592366,CR-0000067050,0,1,0,0,Violation Driver 1,Other,18:20,5.0,3
592367,CR-0000066487,0,0,0,0,Violation Driver 1,Hit Object,07:30,5.0,2
592368,CR-0000066417,0,0,0,0,Violation Driver 1,Hit Object,14:31,5.0,2
592369,CR-0000071658,0,0,0,0,Violation Driver 1,Hit Object,19:05,5.0,2
592370,CR-0000060022,1,0,0,0,Unknown,Broadside,23:23,4.0,0
592371,CR-0000060220,0,0,0,0,Violation Driver 1,Hit Object,05:35,5.0,2
592372,CR-0000060131,0,0,0,0,Violation Driver 1,Hit Object,22:21,5.0,2
592373,CR-0000059990,0,0,0,0,Violation Driver 1,Hit Object,01:33,5.0,2
592374,CR-0000066343,0,0,1,0,Violation Driver 1,Hit Object,00:55,5.0,2
592377,CR-0000060166,0,0,0,0,Violation Driver 1,Head On,17:58,5.0,1
592378,CR-0000060504,0,0,0,0,Violation Driver 1,Hit Object,10:28,5.0,2
592379,CR-0000030161,0,0,0,0,Unknown,Other,11:28,4.0,3
592381,CR-0000036460,0,0,0,0,Violation Driver 1,Other,02:30,5.0,3
592382,CR-0000037156,0,0,0,0,Violation Driver 1,Other,01:50,5.0,3
592383,CR-0000037918,0,0,0,0,Violation Driver 1,Other,01:05,5.0,3
592384,CR-0000071509,0,0,0,0,Violation Driver 1,Hit Object,15:21,5.0,2
592385,CR-0000071428,0,0,0,0,Violation Driver 1,Hit Object,02:04,5.0,2
592386,CR-0000070334,1,0,0,0,Violation Driver 1,Hit Object,00:32,5.0,2
592387,CR-0000071764,0,0,0,0,Violation Driver 1,Hit Object,22:40,5.0,2
592388,CR-0000039716,0,0,0,0,Violation Driver 1,Other,18:08,5.0,3
592391,CR-0000036610,0,3,1,0,Violation Driver 1,Other,11:07,5.0,3
592392,CR-0000037107,0,0,1,0,Violation Driver 1,Other,17:48,5.0,3
592393,CR-0000058602,0,0,0,0,Violation Driver 1,Hit Object,20:42,5.0,2
592394,CR-0000044126,0,0,0,0,Violation Driver 1,Other,21:06,5.0,3
592397,CR-0000059480,0,0,0,0,Violation Driver 1,Hit Object,15:27,5.0,2
592399,CR-0000075607,0,0,0,0,Violation Driver 1,Hit Object,10:36,5.0,2
592400,CR-0000078460,1,0,0,0,Violation Driver 1,Hit Object,20:02,5.0,2
592401,CR-0000046530,0,0,0,0,Violation Driver 1,Broadside,23:40,5.0,0
592402,CR-0000038827,0,0,0,0,Violation Driver 1,Other,20:08,5.0,3
592403,CR-0000036971,0,0,0,0,Violation Driver 1,Rear End,10:45,5.0,5
592404,CR-0000037271,0,0,0,0,Violation Driver 1,Sideswipe,14:29,5.0,6
592405,CR-0000059537,0,0,0,0,Violation Driver 1,Head On,18:40,5.0,1
592406,CR-0000072133,0,0,1,0,Violation Driver 1,Hit Object,02:25,5.0,2
592407,CR-0000072168,0,0,2,0,Violation Driver 1,Hit Object,02:20,5.0,2
592408,CR-0000066648,0,1,0,0,Violation Driver 1,Hit Object,23:50,5.0,2
592409,CR-0000066779,0,0,0,0,Violation Driver 1,Hit Object,06:03,5.0,2
592410,CR-0000066910,0,0,0,0,Violation Driver 1,Hit Object,08:02,5.0,2
592411,CR-0000066636,0,0,0,0,Violation Driver 1,Hit Object,13:07,5.0,2
592412,CR-0000037268,0,0,0,0,Violation Driver 1,Broadside,15:55,5.0,0
592413,CR-0000037266,0,0,0,0,Violation Driver 1,Other,20:58,5.0,3
592414,CR-0000038301,0,1,0,0,Violation Driver 1,Other,21:17,5.0,3
592415,CR-0000037112,0,0,1,0,Pedestrian At Fault,Other,02:09,3.0,3
592417,CR-0000053352,0,0,0,0,Violation Driver 1,Rear End,12:05,5.0,5
592418,CR-0000054395,1,0,0,0,Violation Driver 1,Rear End,12:23,5.0,5
592419,CR-0000066635,0,0,0,0,Violation Driver 1,Hit Object,11:05,5.0,2
592420,CR-0000066630,0,0,0,0,Violation Driver 1,Hit Object,02:00,5.0,2
592421,CR-0000067040,0,0,0,0,Violation Driver 1,Hit Object,12:40,5.0,2