CrashFactId,Name,MinorInjuries,ModerateInjuries,SevereInjuries,FatalInjuries,PrimaryCollisionFactor,CollisionType,CrashTime,PrimaryCollisionFactor_Code,CollisionType_Code
592422,CR-0000043643,0,0,0,0,Violation Driver 1,Other,00:51,5.0,3
592423,CR-0000052356,1,0,0,0,Violation Driver 1,Other,10:05,5.0,3
592424,CR-0000048164,0,0,0,0,Violation Driver 1,Sideswipe,07:50,5.0,6
592425,CR-0000043611,1,0,0,0,Violation Driver 1,Rear End,06:20,5.0,5
592426,CR-0000048199,0,0,0,0,Violation Driver 1,Broadside,05:20,5.0,0
592427,CR-0000048413,0,0,0,0,Violation Driver 1,Other,22:23,5.0,3
592428,CR-0000054721,0,0,0,0,Unknown,Rear End,16:55,4.0,5
592429,CR-0000047671,0,0,0,0,Violation Driver 1,Rear End,14:20,5.0,5
592430,CR-0000048167,0,0,0,0,Violation Driver 1,Other,17:12,5.0,3
592431,CR-0000048569,0,0,0,0,Unknown,Other,09:00,4.0,3
592433,CR-0000070638,1,0,0,0,Violation Driver 1,Hit Object,01:03,5.0,2
592434,CR-0000071435,1,1,0,0,Violation Driver 1,Hit Object,14:46,5.0,2
592435,CR-0000071429,0,0,0,0,Violation Driver 1,Hit Object,05:00,5.0,2
592436,CR-0000059106,0,0,0,0,Violation Driver 1,Hit Object,18:40,5.0,2
592437,CR-0000071349,0,0,0,0,Violation Driver 1,Hit Object,18:45,5.0,2
592438,CR-0000059341,0,0,0,0,Violation Driver 1,Hit Object,21:33,5.0,2
592441,CR-0000042644,0,1,0,0,Violation Driver 1,Other,10:04,5.0,3
592442,CR-0000066735,0,0,0,0,Violation Driver 1,Head On,00:05,5.0,1
592444,CR-0000046411,0,0,0,0,Violation Driver 1,Other,00:54,5.0,3
592445,CR-0000048339,0,1,0,0,Other Than Driver,Other,05:22,2.0,3
592446,CR-0000072452,0,1,0,0,Other Improper Driving,Vehicle/Bike,16:51,1.0,7
592447,CR-0000054872,0,0,0,0,Unknown,Sideswipe,08:30,4.0,6
592448,CR-0000053802,0,0,0,0,Unknown,Other,08:15,4.0,3
592449,CR-0000053822,0,0,0,0,Violation Driver 1,Other,05:17,5.0,3
592450,CR-0000043239,1,0,0,0,Violation Driver 1,Rear End,11:30,5.0,5
592451,CR-0000048397,5,0,0,0,Violation Driver 1,Broadside,07:30,5.0,0
592452,CR-0000047895,1,0,0,0,Violation Driver 1,Rear End,23:36,5.0,5
592453,CR-0000047916,0,0,0,0,Violation Driver 1,Broadside,05:59,5.0,0
592459,CR-0000060171,1,0,0,0,Unknown,Hit Object,06:30,4.0,2
592460,CR-0000060097,0,0,0,0,Violation Driver 1,Hit Object,20:00,5.0,2
592461,CR-0000059864,0,0,0,0,Violation Driver 1,Hit Object,12:09,5.0,2
592462,CR-0000059698,0,0,0,0,Violation Driver 1,Head On,14:26,5.0,1
592463,CR-0000060130,0,0,0,0,Violation Driver 1,Head On,23:39,5.0,1
592464,CR-0000066774,2,0,0,0,Violation Driver 1,Overturned,13:00,5.0,4
592465,CR-0000067009,2,0,0,0,Violation Driver 1,Head On,15:58,5.0,1
592466,CR-0000066867,0,0,0,0,Violation Driver 1,Head On,18:00,5.0,1
592467,CR-0000071410,0,0,0,0,Violation Driver 1,Hit Object,07:55,5.0,2
592468,CR-0000071333,1,0,1,0,Violation Driver 1,Hit Object,20:39,5.0,2
592469,CR-0000071211,1,0,0,0,Violation Driver 1,Hit Object,15:37,5.0,2
592470,CR-0000071174,0,0,0,0,Violation Driver 1,Hit Object,09:44,5.0,2
592471,CR-0000059221,1,0,0,0,Bike At Fault,Vehicle/Bike,16:22,0.0,7
592472,CR-0000060023,0,0,0,0,Violation Driver 1,Hit Object,23:10,5.0,2
592473,CR-0000054966,0,0,0,0,Violation Driver 1,Sideswipe,00:20,5.0,6
592474,CR-0000053851,1,0,0,0,Violation Driver 1,Rear End,17:50,5.0,5
592475,CR-0000053891,0,0,0,0,Unknown,Other,15:15,4.0,3
592476,CR-0000053864,0,0,0,0,Unknown,Rear End,09:00,4.0,5
592477,CR-0000053860,0,1,0,0,Violation Driver 1,Broadside,07:41,5.0,0
592478,CR-0000048568,0,0,0,0,Unknown,Rear End,16:00,4.0,5
592479,CR-0000047712,0,0,0,0,Violation Driver 1,Broadside,23:30,5.0,0
592480,CR-0000052560,0,2,0,0,Violation Driver 1,Broadside,16:49,5.0,0
592481,CR-0000053798,0,0,0,0,Violation Driver 1,Other,00:09,5.0,3
592482,CR-0000053778,0,1,0,0,Violation Driver 1,Other,15:30,5.0,3
592483,CR-0000042433,0,0,0,1,Violation Driver 1,Other,21:43,5.0,3
592484,CR-0000042417,0,1,0,0,Bike At Fault,Other,15:14,0.0,3
592485,CR-0000052475,1,0,0,0,Violation Driver 1,Rear End,14:58,5.0,5
592486,CR-0000042274,0,0,0,0,Unknown,Sideswipe,16:06,4.0,6
592487,CR-0000047888,2,1,0,0,Violation Driver 1,Head On,13:40,5.0,1
592488,CR-0000047914,0,0,0,0,Violation Driver 1,Other,01:40,5.0,3
592489,CR-0000037267,0,0,0,0,Violation Driver 1,Other,00:00,5.0,3
592490,CR-0000037139,1,0,0,0,Unknown,Other,00:00,4.0,3
592491,CR-0000037128,0,0,0,0,Violation Driver 1,Other,14:56,5.0,3
592492,CR-0000038203,0,0,0,0,Violation Driver 1,Other,05:00,5.0,3
592494,CR-0000071604,0,0,0,0,Violation Driver 1,Hit Object,13:31,5.0,2
592495,CR-0000072771,0,0,0,0,Violation Driver 1,Hit Object,07:42,5.0,2
592496,CR-0000072460,0,0,0,0,Violation Driver 1,Hit Object,08:50,5.0,2
592497,CR-0000066718,0,0,0,0,Violation Driver 1,Head On,23:49,5.0,1
592498,CR-0000066757,0,0,0,0,Violation Driver 1,Rear End,01:04,5.0,5
592499,CR-0000067222,1,0,0,0,Violation Driver 1,Other,09:43,5.0,3
592500,CR-0000066936,1,1,0,0,Violation Driver 1,Hit Object,13:15,5.0,2
592501,CR-0000059127,0,0,0,0,Violation Driver 1,Head On,02:06,5.0,1
592502,CR-0000059316,0,0,0,0,Violation Driver 1,Hit Object,21:13,5.0,2
592503,CR-0000053790,1,0,0,0,Violation Driver 1,Other,21:51,5.0,3
592504,CR-0000053779,1,0,0,0,Violation Driver 1,Broadside,16:11,5.0,0
592505,CR-0000052313,0,0,0,0,Unknown,Other,14:30,4.0,3
592506,CR-0000037298,0,0,0,0,Violation Driver 1,Rear End,14:51,5.0,5
592507,CR-0000037294,0,0,0,0,Bike At Fault,Other,11:19,0.0,3
592508,CR-0000038238,1,0,0,0,Violation Driver 1,Broadside,07:54,5.0,0
592509,CR-0000038221,0,0,0,0,Violation Driver 1,Rear End,00:00,5.0,5
592510,CR-0000072773,0,0,0,0,Violation Driver 1,Hit Object,16:23,5.0,2
592511,CR-0000047317,0,0,1,0,Other Than Driver,Other,17:47,2.0,3
592512,CR-0000055908,1,0,0,0,Violation Driver 1,Other,23:40,5.0,3
592513,CR-0000031377,0,0,0,0,Violation Driver 1,Other,23:01,5.0,3
592514,CR-0000032545,1,1,0,0,Unknown,Other,21:43,4.0,3
592517,CR-0000059231,0,1,0,0,Violation Driver 1,Hit Object,12:22,5.0,2
592518,CR-0000055941,0,0,1,0,Violation Driver 1,Other,19:29,5.0,3
592519,CR-0000053368,0,0,0,0,Other Than Driver,Other,16:41,2.0,3
592521,CR-0000031606,0,0,0,0,Violation Driver 1,Other,19:32,5.0,3
592524,CR-0000059607,0,0,0,0,Violation Driver 1,Hit Object,22:40,5.0,2
592525,CR-0000060125,0,0,0,0,Violation Driver 1,Hit Object,20:46,5.0,2
592526,CR-0000059986,0,0,0,0,Violation Driver 1,Head On,00:35,5.0,1
592527,CR-0000059993,0,0,0,0,Violation Driver 1,Hit Object,00:04,5.0,2
592528,CR-0000058761,0,0,0,0,Violation Driver 1,Head On,17:09,5.0,1
592529,CR-0000067454,0,0,0,0,Other Improper Driving,Broadside,11:27,1.0,0
592530,CR-0000071477,1,0,0,0,Bike At Fault,Vehicle/Bike,05:42,0.0,7
592531,CR-0000042402,1,0,0,0,Violation Driver 1,Other,12:43,5.0,3
592532,CR-0000078618,0,0,0,0,Violation Driver 1,Hit Object,18:58,5.0,2
592533,CR-0000043613,1,0,0,0,Violation Driver 1,Broadside,10:05,5.0,0
592534,CR-0000056768,1,0,0,0,Violation Driver 2,Broadside,08:50,6.0,0
592541,CR-0000058300,0,0,0,0,Violation Driver 1,Overturned,15:30,5.0,4
592542,CR-0000066399,0,0,0,0,Violation Driver 1,Hit Object,23:51,5.0,2
592544,CR-0000071689,0,0,1,0,Violation Driver 1,Hit Object,15:09,5.0,2
592545,CR-0000072820,1,0,1,0,Violation Driver 1,Hit Object,12:40,5.0,2
592549,CR-0000067206,1,0,0,0,Violation Driver 1,Hit Object,10:57,5.0,2
592550,CR-0000059794,0,0,0,0,Violation Driver 1,Hit Object,19:28,5.0,2
592551,CR-0000059011,1,0,0,0,Violation Driver 1,Hit Object,03:40,5.0,2
592554,CR-0000060114,0,0,0,0,Violation Driver 1,Sideswipe,07:45,5.0,6
592555,CR-0000059629,0,0,0,0,Violation Driver 1,Hit Object,02:03,5.0,2
592556,CR-0000064342,0,0,0,0,Violation Driver 1,Hit Object,03:20,5.0,2
592557,CR-0000069034,0,0,0,0,Violation Driver 1,Hit Object,15:30,5.0,2
592558,CR-0000066511,0,0,0,0,Violation Driver 1,Hit Object,00:00,5.0,2
592559,CR-0000059131,0,0,0,0,Violation Driver 1,Hit Object,17:50,5.0,2
592560,CR-0000071385,0,1,0,0,Violation Driver 1,Hit Object,00:28,5.0,2
592561,CR-0000059160,0,0,0,0,Violation Driver 1,Head On,14:22,5.0,1
592562,CR-0000067162,0,0,1,0,Violation Driver 1,Hit Object,20:42,5.0,2
592563,CR-0000056331,0,0,0,0,Violation Driver 1,Sideswipe,07:40,5.0,6
592564,CR-0000056305,0,1,0,0,Violation Driver 1,Broadside,18:25,5.0,0
592565,CR-0000065914,0,0,0,0,Violation Driver 1,Broadside,11:48,5.0,0
592566,CR-0000065816,1,0,0,0,Violation Driver 1,Rear End,08:55,5.0,5
592569,CR-0000069964,1,0,0,0,Violation Driver 1,Broadside,16:22,5.0,0
592570,CR-0000069959,2,0,0,0,Violation Driver 1,Broadside,01:00,5.0,0
592571,CR-0000042394,1,0,0,0,Violation Driver 1,Broadside,22:45,5.0,0
592572,CR-0000042392,0,0,0,0,Violation Driver 1,Rear End,21:28,5.0,5
592573,CR-0000070976,2,0,0,0,Violation Driver 1,Hit Object,05:31,5.0,2
592574,CR-0000071560,0,2,0,0,Violation Driver 1,Hit Object,04:55,5.0,2
592575,CR-0000071134,1,0,0,0,Violation Driver 1,Hit Object,21:48,5.0,2
592576,CR-0000058505,0,0,0,0,Violation Driver 1,Hit Object,13:40,5.0,2
592577,CR-0000059696,1,0,0,0,Violation Driver 1,Hit Object,11:16,5.0,2
592578,CR-0000059192,0,0,0,0,Violation Driver 1,Hit Object,07:55,5.0,2
592579,CR-0000066702,0,0,0,0,Violation Driver 1,Head On,23:15,5.0,1
592580,CR-0000056779,2,0,0,0,Unknown,Head On,18:06,4.0,1
592581,CR-0000056762,0,0,0,0,Violation Driver 1,Broadside,15:59,5.0,0
592582,CR-0000048429,0,0,0,0,Unknown,Other,20:14,4.0,3
592583,CR-0000057671,0,0,0,0,Unknown,Rear End,12:33,4.0,5
592584,CR-0000065928,0,0,0,0,Violation Driver 1,Broadside,15:55,5.0,0
592585,CR-0000065880,0,0,0,0,Violation Driver 1,Rear End,21:00,5.0,5
592587,CR-0000055962,0,0,0,0,Violation Driver 1,Sideswipe,00:30,5.0,6
592588,CR-0000052709,0,0,0,0,Unknown,Other,18:00,4.0,3
592589,CR-0000069900,0,0,0,0,Violation Driver 1,Rear End,01:40,5.0,5
592590,CR-0000048600,2,0,0,0,Violation Driver 1,Other,22:30,5.0,3
592591,CR-0000053877,2,0,0,0,Violation Driver 1,Broadside,14:04,5.0,0
592592,CR-0000048571,0,0,0,0,Unknown,Other,23:00,4.0,3
592593,CR-0000054863,0,1,0,0,Violation Driver 1,Broadside,10:47,5.0,0
592594,CR-0000041160,0,0,0,0,Violation Driver 1,Other,22:24,5.0,3
592595,CR-0000045910,0,1,1,0,Violation Driver 1,Other,22:57,5.0,3
592596,CR-0000076550,0,0,0,0,Violation Driver 1,Hit Object,19:37,5.0,2
592597,CR-0000077478,0,0,0,0,Violation Driver 1,Hit Object,23:45,5.0,2
592598,CR-0000073015,0,0,0,0,Violation Driver 1,Hit Object,00:05,5.0,2
592599,CR-0000072373,0,1,0,0,Violation Driver 1,Hit Object,02:17,5.0,2
592600,CR-0000074802,0,0,0,0,Violation Driver 1,Hit Object,21:15,5.0,2
592601,CR-0000067236,0,0,0,0,Violation Driver 1,Hit Object,03:30,5.0,2
592602,CR-0000070899,0,0,0,0,Violation Driver 1,Hit Object,04:06,5.0,2
592603,CR-0000059981,0,0,0,0,Violation Driver 1,Head On,23:59,5.0,1
592604,CR-0000066921,1,0,1,0,Violation Driver 1,Hit Object,16:03,5.0,2
592605,CR-0000067172,1,0,0,0,Violation Driver 1,Hit Object,08:13,5.0,2
592606,CR-0000067157,0,0,0,0,Violation Driver 1,Hit Object,11:00,5.0,2
592607,CR-0000067031,0,0,0,0,Violation Driver 1,Hit Object,20:15,5.0,2
592608,CR-0000054858,0,0,0,0,Unknown,Sideswipe,19:00,4.0,6
592609,CR-0000056346,0,0,0,0,Violation Driver 1,Rear End,12:18,5.0,5
592610,CR-0000042301,1,0,0,0,Violation Driver 1,Broadside,15:12,5.0,0
592611,CR-0000047614,1,0,0,0,Violation Driver 1,Rear End,10:10,5.0,5
592612,CR-0000048383,0,1,0,0,Bike At Fault,Other,18:35,0.0,3
592613,CR-0000048372,0,0,0,0,Violation Driver 1,Other,01:04,5.0,3
592614,CR-0000048435,0,0,0,0,Violation Driver 1,Broadside,05:45,5.0,0
592615,CR-0000067117,0,0,0,0,Violation Driver 1,Hit Object,12:09,5.0,2
592616,CR-0000066791,0,0,0,0,Violation Driver 1,Hit Object,08:13,5.0,2
592617,CR-0000059766,0,0,0,0,Violation Driver 1,Overturned,15:52,5.0,4
592618,CR-0000059511,0,0,0,0,Violation Driver 1,Head On,00:15,5.0,1
592619,CR-0000071104,0,0,0,0,Violation Driver 1,Hit Object,06:37,5.0,2
592620,CR-0000071050,1,0,0,0,Violation Driver 1,Hit Object,16:45,5.0,2
592621,CR-0000059347,0,0,0,0,Violation Driver 1,Hit Object,19:52,5.0,2
592622,CR-0000037121,0,0,0,0,Violation Driver 1,Other,07:40,5.0,3
592625,CR-0000070307,0,0,0,0,Violation Driver 1,Hit Object,02:00,5.0,2
592628,CR-0000031199,0,0,0,0,Violation Driver 1,Other,19:20,5.0,3
592629,CR-0000057687,1,0,0,0,Violation Driver 1,Sideswipe,07:30,5.0,6
592630,CR-0000052609,0,0,0,0,Violation Driver 1,Broadside,12:57,5.0,0
592633,CR-0000054934,2,0,0,0,Violation Driver 1,Rear End,15:18,5.0,5
592634,CR-0000048307,0,0,0,0,Violation Driver 1,Other,18:56,5.0,3
592635,CR-0000043445,0,0,0,0,Violation Driver 1,Other,16:34,5.0,3
592636,CR-0000068708,0,2,0,0,Violation Driver 1,Hit Object,16:09,5.0,2
592637,CR-0000066577,1,0,0,0,Violation Driver 1,Hit Object,22:40,5.0,2
592638,CR-0000047867,2,1,0,0,Violation Driver 1,Rear End,14:04,5.0,5
592639,CR-0000056784,0,1,0,0,Violation Driver 1,Rear End,21:43,5.0,5
592640,CR-0000056782,1,0,0,0,Violation Driver 1,Rear End,18:46,5.0,5
592641,CR-0000056771,1,0,0,0,Violation Driver 1,Rear End,09:03,5.0,5
592643,CR-0000054382,1,0,0,0,Violation Driver 1,Broadside,17:37,5.0,0
592644,CR-0000048513,1,0,0,0,Bike At Fault,Other,17:35,0.0,3
592645,CR-0000053404,0,0,0,0,Unknown,Rear End,06:00,4.0,5
592646,CR-0000071260,0,0,0,0,Violation Driver 1,Hit Object,02:40,5.0,2
592647,CR-0000071322,0,0,0,0,Violation Driver 1,Hit Object,04:20,5.0,2
592648,CR-0000037400,0,1,0,0,Violation Driver 1,Other,20:29,5.0,3
592650,CR-0000048316,0,1,0,0,Bike At Fault,Other,13:45,0.0,3
592651,CR-0000048305,0,0,0,0,Violation Driver 1,Head On,17:49,5.0,1
592652,CR-0000043452,1,0,0,0,Violation Driver 1,Head On,22:35,5.0,1
592653,CR-0000053724,0,0,0,0,Violation Driver 1,Other,20:43,5.0,3
592654,CR-0000042544,1,0,0,0,Violation Driver 1,Other,22:37,5.0,3
592655,CR-0000042542,0,1,0,0,Violation Driver 1,Head On,18:58,5.0,1
592656,CR-0000042524,0,0,0,0,Violation Driver 1,Other,01:31,5.0,3
592657,CR-0000042508,0,0,0,0,Violation Driver 1,Other,22:34,5.0,3
592658,CR-0000073585,0,0,0,0,Violation Driver 1,Hit Object,02:13,5.0,2
592659,CR-0000033967,1,0,0,0,Other Than Driver,Other,15:00,2.0,3
592660,CR-0000032725,1,0,0,0,Unknown,Broadside,12:45,4.0,0
592661,CR-0000056810,0,1,0,0,Violation Driver 1,Other,13:12,5.0,3
592662,CR-0000047655,0,0,0,0,Other Than Driver,Other,12:14,2.0,3
592663,CR-0000057521,0,0,0,0,Violation Driver 1,Sideswipe,05:30,5.0,6
592664,CR-0000054500,0,1,0,0,Violation Driver 1,Other,11:41,5.0,3
592665,CR-0000061457,0,0,0,0,Violation Driver 1,Other,14:07,5.0,3
592666,CR-0000066206,0,1,0,0,Violation Driver 1,Other,10:34,5.0,3
592667,CR-0000070828,1,0,0,0,Violation Driver 1,Vehicle/Pedestrian,07:41,5.0,8
592668,CR-0000070782,0,0,1,0,Pedestrian At Fault,Vehicle/Pedestrian,11:30,3.0,8
592669,CR-0000070469,3,1,0,0,Violation Driver 1,Rear End,16:20,5.0,5
592670,CR-0000038041,0,0,0,0,Violation Driver 1,Sideswipe,11:00,5.0,6
592671,CR-0000043436,2,1,0,0,Violation Driver 1,Head On,19:00,5.0,1
592672,CR-0000038251,0,0,0,0,Violation Driver 1,Other,17:00,5.0,3
592673,CR-0000032296,1,0,0,0,Unknown,Other,18:32,4.0,3
592674,CR-0000037120,0,0,0,0,Violation Driver 1,Other,07:50,5.0,3
592675,CR-0000069838,0,0,0,0,Violation Driver 1,Hit Object,21:39,5.0,2
592677,CR-0000070747,1,0,0,0,Violation Driver 1,Sideswipe,18:45,5.0,6
592678,CR-0000048324,1,0,0,0,Violation Driver 1,Head On,08:19,5.0,1
592679,CR-0000054849,1,0,0,0,Violation Driver 1,Rear End,08:38,5.0,5
592680,CR-0000054360,0,1,0,0,Violation Driver 1,Broadside,02:24,5.0,0
592681,CR-0000053473,0,0,0,0,Violation Driver 1,Rear End,19:15,5.0,5
592682,CR-0000043579,1,0,0,0,Violation Driver 1,Rear End,17:12,5.0,5
592683,CR-0000048506,1,0,0,0,Violation Driver 1,Broadside,07:15,5.0,0
592684,CR-0000053716,0,0,0,0,Unknown,Broadside,08:30,4.0,0
592685,CR-0000070745,1,0,0,0,Violation Driver 1,Rear End,15:50,5.0,5
592686,CR-0000070730,0,0,0,0,Other Improper Driving,Sideswipe,10:49,1.0,6
592687,CR-0000070704,1,2,0,0,Violation Driver 1,Rear End,20:41,5.0,5
592688,CR-0000070411,0,0,0,0,Violation Driver 1,Sideswipe,07:29,5.0,6
592689,CR-0000070404,0,0,0,0,Violation Driver 1,Rear End,23:40,5.0,5
592690,CR-0000054741,0,0,0,0,Violation Driver 1,Rear End,05:25,5.0,5
592691,CR-0000048187,1,0,0,0,Violation Driver 1,Broadside,19:40,5.0,0
592692,CR-0000073994,0,0,0,0,Violation Driver 1,Hit Object,14:02,5.0,2
592693,CR-0000034448,0,0,0,0,Violation Driver 1,Other,14:53,5.0,3
592694,CR-0000054347,0,0,0,0,Violation Driver 1,Other,19:15,5.0,3
592697,CR-0000070510,1,0,0,0,Violation Driver 1,Broadside,14:05,5.0,0
592698,CR-0000054734,0,0,0,0,Violation Driver 1,Broadside,23:00,5.0,0
592699,CR-0000053409,1,0,0,0,Violation Driver 1,Rear End,17:41,5.0,5
592700,CR-0000052288,3,0,0,0,Violation Driver 1,Rear End,17:36,5.0,5
592701,CR-0000047553,1,0,0,0,Violation Driver 1,Broadside,12:20,5.0,0
592702,CR-0000053366,1,0,0,0,Violation Driver 1,Rear End,08:45,5.0,5
592703,CR-0000053300,3,0,0,0,Violation Driver 1,Other,02:00,5.0,3
592704,CR-0000053286,1,0,0,0,Violation Driver 1,Broadside,15:44,5.0,0
592705,CR-0000053555,0,1,0,0,Violation Driver 1,Other,23:23,5.0,3
592706,CR-0000068397,0,0,0,0,Violation Driver 1,Hit Object,03:00,5.0,2
592707,CR-0000063997,0,0,0,0,Violation Driver 1,Head On,15:00,5.0,1
592710,CR-0000038114,0,0,0,0,Violation Driver 1,Head On,17:00,5.0,1
592711,CR-0000038025,0,0,0,0,Violation Driver 1,Other,08:51,5.0,3
592712,CR-0000039930,0,0,0,0,Violation Driver 1,Other,23:00,5.0,3
592713,CR-0000056045,0,0,0,0,Unknown,Sideswipe,19:08,4.0,6
592714,CR-0000056034,0,0,0,0,Unknown,Rear End,14:35,4.0,5
592715,CR-0000031382,0,0,0,0,Unknown,Other,17:51,4.0,3
592716,CR-0000031335,0,0,0,0,Unknown,Rear End,11:02,4.0,5
592721,CR-0000030593,1,0,0,0,Unknown,Other,22:30,4.0,3
592723,CR-0000043420,1,1,0,0,Violation Driver 1,Head On,13:18,5.0,1
592724,CR-0000047583,2,0,0,0,Violation Driver 1,Broadside,09:20,5.0,0
592725,CR-0000047580,1,0,0,0,Violation Driver 1,Sideswipe,08:27,5.0,6
592726,CR-0000043468,0,0,0,0,Unknown,Other,00:00,4.0,3
592727,CR-0000053282,1,0,0,0,Violation Driver 1,Other,11:55,5.0,3
592728,CR-0000042367,0,1,0,0,Violation Driver 1,Broadside,13:00,5.0,0
592729,CR-0000048250,0,0,0,0,Unknown,Other,22:30,4.0,3
592730,CR-0000047755,1,0,0,0,Violation Driver 1,Other,23:13,5.0,3
592731,CR-0000058008,0,1,0,0,Violation Driver 1,Head On,11:08,5.0,1
592732,CR-0000069203,0,0,0,0,Violation Driver 1,Hit Object,14:48,5.0,2
592733,CR-0000066684,0,0,0,0,Violation Driver 1,Overturned,21:54,5.0,4
592734,CR-0000064540,0,0,0,0,Violation Driver 1,Head On,18:44,5.0,1
592735,CR-0000054701,2,0,0,0,Violation Driver 1,Broadside,21:13,5.0,0
592736,CR-0000043133,0,0,0,0,Violation Driver 1,Broadside,14:00,5.0,0
592737,CR-0000053872,0,0,0,0,Violation Driver 1,Rear End,00:19,5.0,5
592738,CR-0000031877,0,0,0,0,Unknown,Broadside,23:45,4.0,0
592739,CR-0000031770,0,3,0,0,Unknown,Head On,14:15,4.0,1
592740,CR-0000031232,0,0,0,0,Unknown,Broadside,11:58,4.0,0
592741,CR-0000031210,0,0,0,0,Unknown,Other,12:45,4.0,3
592742,CR-0000038040,1,0,0,0,Violation Driver 1,Rear End,00:00,5.0,5
592743,CR-0000037873,0,0,1,0,Bike At Fault,Other,21:52,0.0,3
592744,CR-0000031863,0,0,0,0,Violation Driver 1,Rear End,17:30,5.0,5
592745,CR-0000031350,0,0,0,0,Violation Driver 1,Rear End,11:48,5.0,5
592746,CR-0000031349,0,0,0,0,Unknown,Broadside,18:00,4.0,0
592749,CR-0000068970,0,0,0,0,Violation Driver 1,Hit Object,10:40,5.0,2
592750,CR-0000066782,0,0,0,0,Violation Driver 1,Hit Object,17:10,5.0,2
592751,CR-0000071569,0,0,0,0,Violation Driver 1,Hit Object,16:31,5.0,2
592752,CR-0000048578,1,0,0,0,Unknown,Other,12:15,4.0,3
592753,CR-0000053556,0,0,0,0,Violation Driver 1,Other,23:39,5.0,3
592754,CR-0000052457,0,1,0,0,Violation Driver 1,Other,17:03,5.0,3
592755,CR-0000043230,0,0,0,0,Unknown,Rear End,12:55,4.0,5
592756,CR-0000043338,0,0,0,0,Unknown,Rear End,17:00,4.0,5
592757,CR-0000055114,0,0,0,0,Unknown,Rear End,00:00,4.0,5
592758,CR-0000056348,1,0,0,0,Violation Driver 1,Broadside,14:20,5.0,0
592759,CR-0000057685,0,0,0,0,Unknown,Rear End,19:30,4.0,5
592760,CR-0000048236,1,1,0,0,Violation Driver 1,Other,22:24,5.0,3
592761,CR-0000048225,0,0,0,0,Violation Driver 1,Other,22:14,5.0,3
592762,CR-0000048223,0,0,0,0,Violation Driver 1,Head On,16:52,5.0,1
592763,CR-0000055871,0,0,0,0,Violation Driver 1,Sideswipe,07:10,5.0,6
592764,CR-0000055855,1,0,0,0,Violation Driver 1,Broadside,17:05,5.0,0
592765,CR-0000047533,1,0,3,0,Violation Driver 1,Head On,20:41,5.0,1
592766,CR-0000065956,0,0,0,0,Violation Driver 1,Hit Object,11:14,5.0,2
592767,CR-0000060069,0,0,0,0,Violation Driver 1,Hit Object,12:00,5.0,2
592768,CR-0000059145,0,0,0,0,Violation Driver 1,Hit Object,21:56,5.0,2
592769,CR-0000059128,0,0,0,0,Violation Driver 1,Overturned,04:03,5.0,4
592770,CR-0000039922,0,0,0,0,Violation Driver 1,Broadside,18:55,5.0,0
592771,CR-0000048416,0,0,0,0,Unknown,Other,22:30,4.0,3
592772,CR-0000043099,0,0,0,0,Violation Driver 1,Sideswipe,22:40,5.0,6
592773,CR-0000048178,1,0,0,0,Violation Driver 1,Other,07:00,5.0,3
592774,CR-0000048162,2,1,0,0,Violation Driver 1,Broadside,07:31,5.0,0
592775,CR-0000053549,0,0,1,0,Violation Driver 1,Other,17:50,5.0,3
592776,CR-0000052671,1,0,0,0,Violation Driver 1,Rear End,14:14,5.0,5
592779,CR-0000030584,0,0,0,0,Unknown,Other,23:19,4.0,3
592784,CR-0000030564,0,0,0,0,Unknown,Head On,19:05,4.0,1
592788,CR-0000054752,0,0,0,0,Violation Driver 1,Broadside,19:15,5.0,0
592789,CR-0000043096,2,0,0,0,Violation Driver 1,Head On,18:47,5.0,1
592790,CR-0000054710,1,0,0,0,Violation Driver 1,Sideswipe,08:38,5.0,6
592791,CR-0000043642,0,0,0,1,Unknown,Other,10:33,4.0,3
592792,CR-0000048582,1,0,0,0,Violation Driver 1,Broadside,15:28,5.0,0
592793,CR-0000053787,1,0,0,0,Violation Driver 1,Sideswipe,17:13,5.0,6
592794,CR-0000048146,0,0,0,0,Unknown,Other,09:03,4.0,3
592795,CR-0000048140,1,0,0,0,Violation Driver 1,Other,17:30,5.0,3
592796,CR-0000068644,0,0,0,0,Violation Driver 1,Hit Object,14:30,5.0,2
592797,CR-0000069064,0,0,0,0,Violation Driver 1,Hit Object,15:33,5.0,2
592798,CR-0000031315,0,0,0,0,Unknown,Broadside,20:11,4.0,0
592800,CR-0000030579,0,0,0,0,Unknown,Other,17:48,4.0,3
592801,CR-0000030545,2,0,0,0,Unknown,Rear End,15:01,4.0,5
592802,CR-0000069269,0,0,0,0,Violation Driver 1,Hit Object,23:30,5.0,2
592803,CR-0000068819,3,0,1,0,Violation Driver 1,Hit Object,21:24,5.0,2
592804,CR-0000067152,0,1,0,0,Violation Driver 1,Head On,01:10,5.0,1
592805,CR-0000064898,0,0,0,0,Violation Driver 1,Hit Object,16:55,5.0,2