CrashFactId,Name,MinorInjuries,ModerateInjuries,SevereInjuries,FatalInjuries,PrimaryCollisionFactor,CollisionType,CrashTime,PrimaryCollisionFactor_Code,CollisionType_Code
599044,CR-0000030856,0,0,0,0,Unknown,Other,21:00,4.0,3
599045,CR-0000030015,0,0,0,0,Unknown,Rear End,08:20,4.0,5
599046,CR-0000030756,0,0,0,0,Unknown,Rear End,15:20,4.0,5
599058,CR-0000030156,0,0,0,0,Violation Driver 1,Other,03:49,5.0,3
599062,CR-0000029974,0,0,0,0,Violation Driver 1,Rear End,18:47,5.0,5
599067,CR-0000031576,1,0,0,0,Unknown,Broadside,13:52,4.0,0
599068,CR-0000031553,1,0,0,0,Violation Driver 1,Head On,10:36,5.0,1
599078,CR-0000045802,2,0,0,0,Violation Driver 1,Rear End,07:29,5.0,5
599079,CR-0000048940,0,0,0,0,Violation Driver 1,Other,00:33,5.0,3
599080,CR-0000029981,0,0,1,0,Unknown,Other,18:28,4.0,3
599096,CR-0000029795,0,1,0,0,Violation Driver 1,Other,13:29,5.0,3
599107,CR-0000030908,1,0,0,0,Unknown,Rear End,18:44,4.0,5
599108,CR-0000030855,0,0,0,0,Unknown,Other,06:30,4.0,3
599109,CR-0000030765,0,0,0,0,Unknown,Rear End,11:50,4.0,5
599111,CR-0000048142,0,0,0,0,Violation Driver 1,Rear End,19:07,5.0,5
599112,CR-0000043948,1,0,0,0,Violation Driver 1,Other,10:12,5.0,3
599113,CR-0000048127,0,0,0,0,Unknown,Other,04:00,4.0,3
599116,CR-0000044443,0,0,0,0,Unknown,Sideswipe,14:15,4.0,6
599118,CR-0000029985,0,0,0,0,Unknown,Other,12:20,4.0,3
599125,CR-0000044236,0,0,0,0,Violation Driver 1,Other,02:53,5.0,3
599126,CR-0000048044,0,0,0,0,Violation Driver 1,Other,05:53,5.0,3
599127,CR-0000053557,0,0,0,0,Unknown,Other,13:15,4.0,3
599128,CR-0000043947,0,0,0,0,Violation Driver 1,Sideswipe,10:22,5.0,6
599141,CR-0000030064,0,1,0,0,Unknown,Broadside,16:42,4.0,0
599151,CR-0000029964,0,0,0,0,Unknown,Rear End,17:15,4.0,5
599157,CR-0000030839,1,0,0,0,Violation Driver 1,Broadside,11:22,5.0,0
599161,CR-0000044451,1,0,0,0,Violation Driver 1,Other,07:03,5.0,3
599162,CR-0000045790,1,1,0,0,Violation Driver 1,Broadside,15:39,5.0,0
599163,CR-0000056251,0,0,0,0,Violation Driver 1,Rear End,17:12,5.0,5
599164,CR-0000045572,0,0,0,0,Violation Driver 1,Other,23:52,5.0,3
599165,CR-0000029722,0,0,0,0,Unknown,Rear End,19:42,4.0,5
599166,CR-0000049501,0,0,0,0,Unknown,Broadside,15:10,4.0,0
599167,CR-0000055161,0,0,0,0,Violation Driver 1,Other,13:06,5.0,3
599168,CR-0000044012,0,0,0,0,Violation Driver 1,Other,04:43,5.0,3
599169,CR-0000067607,1,0,0,0,Bike At Fault,Vehicle/Bike,14:04,0.0,7
599170,CR-0000060725,0,0,1,0,Bike At Fault,Vehicle/Bike,13:49,0.0,7
599171,CR-0000067520,0,0,0,0,Violation Driver 1,Rear End,23:33,5.0,5
599179,CR-0000055160,2,0,0,0,Violation Driver 1,Broadside,10:28,5.0,0
599180,CR-0000045733,1,0,0,0,Violation Driver 1,Broadside,18:00,5.0,0
599181,CR-0000048391,0,0,0,0,Unknown,Other,14:30,4.0,3
599182,CR-0000048794,1,0,0,0,Unknown,Rear End,06:44,4.0,5
599186,CR-0000060790,1,0,0,0,Violation Driver 1,Broadside,15:20,5.0,0
599187,CR-0000030117,0,0,0,0,Unknown,Other,18:45,4.0,3
599188,CR-0000030028,0,0,0,0,Unknown,Other,00:00,4.0,3
599189,CR-0000030857,0,0,0,0,Unknown,Other,06:30,4.0,3
599190,CR-0000029948,0,0,0,0,Unknown,Other,09:40,4.0,3
599191,CR-0000030771,1,0,0,0,Unknown,Rear End,14:20,4.0,5
599192,CR-0000030737,0,0,0,0,Unknown,Rear End,07:51,4.0,5
599193,CR-0000030301,0,0,0,0,Unknown,Broadside,11:40,4.0,0
599215,CR-0000048694,2,0,0,0,Violation Driver 1,Broadside,22:22,5.0,0
599216,CR-0000056246,0,0,0,0,Unknown,Rear End,09:30,4.0,5
599217,CR-0000045599,0,0,0,0,Unknown,Other,02:00,4.0,3
599218,CR-0000045499,0,1,0,0,Violation Driver 1,Other,09:46,5.0,3
599219,CR-0000048775,0,0,0,0,Unknown,Other,00:45,4.0,3
599227,CR-0000060852,0,1,0,0,Violation Driver 1,Head On,08:15,5.0,1
599228,CR-0000060844,1,0,0,0,Violation Driver 1,Broadside,11:23,5.0,0
599234,CR-0000030822,3,0,0,0,Violation Driver 1,Broadside,07:12,5.0,0
599235,CR-0000030797,0,0,0,0,Violation Driver 1,Rear End,19:12,5.0,5
599236,CR-0000030747,0,0,0,0,Unknown,Other,20:58,4.0,3
599237,CR-0000030740,0,0,0,0,Unknown,Rear End,21:58,4.0,5
599241,CR-0000030287,1,0,0,0,Violation Driver 1,Broadside,08:26,5.0,0
599242,CR-0000060819,1,0,0,0,Violation Driver 1,Rear End,11:24,5.0,5
599243,CR-0000060828,0,0,0,0,Violation Driver 1,Broadside,23:14,5.0,0
599244,CR-0000061045,0,0,0,0,Violation Driver 1,Broadside,09:21,5.0,0
599255,CR-0000030145,1,0,0,0,Violation Driver 1,Head On,18:30,5.0,1
599256,CR-0000030131,0,0,0,0,Unknown,Broadside,12:36,4.0,0
599257,CR-0000060948,0,0,0,0,Violation Driver 1,Sideswipe,17:52,5.0,6
599258,CR-0000060970,1,0,0,0,Violation Driver 1,Broadside,21:44,5.0,0
599263,CR-0000073319,0,0,0,1,Violation Driver 1,Vehicle/Pedestrian,02:02,5.0,8
599271,CR-0000060289,0,0,0,0,Unknown,Sideswipe,15:26,4.0,6
599277,CR-0000030045,0,1,0,0,Unknown,Other,23:30,4.0,3
599280,CR-0000029897,0,0,0,0,Unknown,Rear End,17:30,4.0,5
599281,CR-0000029895,1,1,0,0,Unknown,Head On,10:00,4.0,1
599289,CR-0000045497,2,0,0,0,Violation Driver 1,Broadside,09:17,5.0,0
599290,CR-0000045490,0,0,0,0,Violation Driver 1,Other,03:09,5.0,3
599291,CR-0000055045,1,0,0,0,Violation Driver 1,Vehicle/Pedestrian,16:34,5.0,8
599292,CR-0000055175,1,0,0,0,Violation Driver 1,Rear End,16:21,5.0,5
599293,CR-0000060939,0,0,0,0,Violation Driver 1,Broadside,07:32,5.0,0
599319,CR-0000030849,1,0,0,0,Unknown,Rear End,11:43,4.0,5
599325,CR-0000045851,0,0,0,0,Unknown,Other,12:40,4.0,3
599326,CR-0000048108,0,0,0,0,Violation Driver 1,Rear End,20:50,5.0,5
599327,CR-0000055176,0,0,0,0,Other Than Driver,Rear End,20:59,2.0,5
599330,CR-0000061029,0,1,0,0,Violation Driver 1,Broadside,12:56,5.0,0
599331,CR-0000061004,1,0,0,0,Violation Driver 1,Broadside,00:04,5.0,0
599338,CR-0000072845,0,0,0,0,Violation Driver 1,Sideswipe,08:55,5.0,6
599339,CR-0000072808,1,0,0,0,Violation Driver 1,Rear End,16:00,5.0,5
599340,CR-0000072890,2,0,0,0,Violation Driver 1,Rear End,09:29,5.0,5
599341,CR-0000072870,2,0,3,0,Violation Driver 1,Head On,22:00,5.0,1
599342,CR-0000043566,0,0,0,0,Violation Driver 1,Rear End,09:30,5.0,5
599343,CR-0000043272,0,0,0,0,Unknown,Other,02:00,4.0,3
599345,CR-0000073328,0,0,0,0,Violation Driver 1,Rear End,01:21,5.0,5
599346,CR-0000073089,1,1,0,0,Violation Driver 1,Head On,22:30,5.0,1
599347,CR-0000073073,0,0,0,0,Violation Driver 1,Sideswipe,18:04,5.0,6
599348,CR-0000072700,0,1,0,0,Violation Driver 1,Sideswipe,18:05,5.0,6
599349,CR-0000073060,0,0,0,0,Violation Driver 1,Rear End,01:00,5.0,5
599350,CR-0000073057,0,1,0,0,Bike At Fault,Vehicle/Bike,20:22,0.0,7
599351,CR-0000045608,1,0,0,0,Violation Driver 1,Rear End,09:45,5.0,5
599358,CR-0000072760,0,0,0,0,Violation Driver 1,Sideswipe,18:03,5.0,6
599359,CR-0000072996,0,0,0,0,Violation Driver 1,Rear End,17:55,5.0,5
599360,CR-0000072994,3,0,0,0,Violation Driver 1,Broadside,09:16,5.0,0
599361,CR-0000072896,0,0,0,0,Bike At Fault,Vehicle/Bike,14:35,0.0,7
599362,CR-0000046072,1,0,0,0,Bike At Fault,Other,17:00,0.0,3
599363,CR-0000053946,0,1,0,0,Violation Driver 1,Other,14:49,5.0,3
599364,CR-0000045265,0,0,0,0,Unknown,Rear End,22:30,4.0,5
599365,CR-0000048340,1,0,0,0,Unknown,Other,16:30,4.0,3
599366,CR-0000045554,0,0,0,0,Violation Driver 1,Other,14:00,5.0,3
599374,CR-0000059727,0,0,0,0,Violation Driver 1,Hit Object,05:54,5.0,2
599375,CR-0000066137,0,0,0,0,Violation Driver 1,Other,13:03,5.0,3
599387,CR-0000053475,0,0,0,0,Violation Driver 1,Rear End,20:00,5.0,5
599388,CR-0000048473,0,0,0,0,Violation Driver 1,Broadside,09:00,5.0,0
599389,CR-0000052226,0,0,0,0,Violation Driver 1,Other,03:33,5.0,3
599390,CR-0000043500,1,0,0,0,Violation Driver 1,Other,10:09,5.0,3
599391,CR-0000053933,0,0,0,0,Violation Driver 1,Sideswipe,12:00,5.0,6
599392,CR-0000053918,0,0,1,0,Violation Driver 1,Other,08:11,5.0,3
599393,CR-0000056296,0,0,0,0,Unknown,Sideswipe,10:20,4.0,6
599419,CR-0000060968,0,0,1,0,Violation Driver 1,Sideswipe,20:29,5.0,6
599424,CR-0000053828,0,1,0,0,Unknown,Other,09:47,4.0,3
599425,CR-0000047875,0,0,0,0,Unknown,Other,20:30,4.0,3
599428,CR-0000061047,1,0,0,0,Violation Driver 1,Broadside,11:55,5.0,0
599429,CR-0000060947,0,0,0,0,Other Than Driver,Hit Object,16:30,2.0,2
599430,CR-0000061002,0,0,0,0,Violation Driver 1,Broadside,12:11,5.0,0
599431,CR-0000060995,0,0,0,0,Violation Driver 1,Rear End,07:53,5.0,5
599434,CR-0000073303,0,0,0,0,Violation Driver 1,Rear End,09:00,5.0,5
599442,CR-0000059275,0,0,0,0,Violation Driver 1,Rear End,13:06,5.0,5
599459,CR-0000029693,0,0,0,0,Unknown,Other,07:21,4.0,3
599468,CR-0000030581,0,1,0,0,Unknown,Broadside,12:55,4.0,0
599471,CR-0000063382,0,0,0,0,Violation Driver 1,Hit Object,12:57,5.0,2
599472,CR-0000065675,0,0,0,0,Violation Driver 1,Rear End,08:24,5.0,5
599480,CR-0000070196,0,1,0,0,Violation Driver 1,Hit Object,08:09,5.0,2
599482,CR-0000073094,1,0,0,0,Violation Driver 1,Broadside,16:34,5.0,0
599483,CR-0000073074,0,0,0,0,Violation Driver 1,Sideswipe,22:57,5.0,6
599484,CR-0000072772,0,0,0,0,Violation Driver 1,Sideswipe,15:28,5.0,6
599491,CR-0000056360,0,0,0,0,Violation Driver 1,Hit Object,14:35,5.0,2
599492,CR-0000072976,0,0,0,0,Violation Driver 1,Sideswipe,19:28,5.0,6
599493,CR-0000048312,0,0,0,0,Violation Driver 1,Other,01:30,5.0,3
599494,CR-0000045295,0,0,0,0,Violation Driver 1,Rear End,17:38,5.0,5
599500,CR-0000029691,1,0,0,0,Violation Driver 1,Rear End,12:48,5.0,5
599502,CR-0000062906,0,1,0,0,Unknown,Vehicle/Pedestrian,16:00,4.0,8
599510,CR-0000030289,0,0,0,0,Unknown,Rear End,08:53,4.0,5
599528,CR-0000037105,0,0,0,0,Unknown,Head On,15:20,4.0,1
599530,CR-0000043599,1,0,0,0,Violation Driver 1,Broadside,17:45,5.0,0
599531,CR-0000053912,0,0,0,0,Unknown,Sideswipe,15:45,4.0,6
599532,CR-0000054026,1,0,0,0,Violation Driver 1,Rear End,21:29,5.0,5
599533,CR-0000054025,0,0,0,0,Violation Driver 1,Sideswipe,20:00,5.0,6
599536,CR-0000059611,0,0,0,0,Violation Driver 1,Rear End,01:08,5.0,5
599537,CR-0000067467,0,0,0,0,Violation Driver 1,Hit Object,09:20,5.0,2
599546,CR-0000043444,0,0,0,0,Unknown,Other,16:29,4.0,3
599547,CR-0000055790,0,0,0,0,Violation Driver 1,Rear End,19:00,5.0,5
599548,CR-0000030686,0,0,0,0,Unknown,Rear End,09:50,4.0,5
599556,CR-0000056279,1,0,0,0,Violation Driver 1,Head On,15:35,5.0,1
599557,CR-0000044481,0,1,0,0,Violation Driver 1,Other,17:33,5.0,3
599558,CR-0000045547,0,0,0,0,Unknown,Sideswipe,09:20,4.0,6
599559,CR-0000044398,0,0,0,0,Violation Driver 1,Rear End,17:30,5.0,5
599560,CR-0000045531,0,0,1,0,Unknown,Head On,12:30,4.0,1
599561,CR-0000055078,1,0,0,0,Violation Driver 1,Broadside,22:13,5.0,0
599562,CR-0000038098,0,0,0,0,Unknown,Other,23:00,4.0,3
599563,CR-0000048423,0,0,0,0,Violation Driver 1,Head On,16:46,5.0,1
599564,CR-0000053974,0,0,1,0,Violation Driver 1,Rear End,04:58,5.0,5
599565,CR-0000045247,0,0,0,0,Violation Driver 1,Broadside,13:30,5.0,0
599567,CR-0000030048,1,0,0,0,Unknown,Other,14:25,4.0,3
599568,CR-0000047455,0,0,0,0,Violation Driver 1,Other,19:25,5.0,3
599569,CR-0000065367,0,0,0,0,Violation Driver 1,Hit Object,03:14,5.0,2
599572,CR-0000055832,0,1,0,0,Bike At Fault,Broadside,07:40,0.0,0
599573,CR-0000046227,0,0,0,0,Violation Driver 1,Other,16:10,5.0,3
599574,CR-0000062868,0,0,0,0,Violation Driver 1,Rear End,04:29,5.0,5
599575,CR-0000062987,0,0,0,0,Violation Driver 1,Overturned,02:41,5.0,4
599576,CR-0000063559,0,0,0,0,Violation Driver 1,Hit Object,23:40,5.0,2
599584,CR-0000030834,0,0,0,0,Violation Driver 1,Other,02:45,5.0,3
599586,CR-0000054006,1,0,0,0,Violation Driver 1,Broadside,22:26,5.0,0
599587,CR-0000046308,0,0,0,0,Violation Driver 1,Other,23:30,5.0,3
599594,CR-0000056263,1,0,0,0,Bike At Fault,Vehicle/Bike,08:28,0.0,7
599595,CR-0000045883,0,0,0,0,Violation Driver 1,Rear End,20:15,5.0,5
599596,CR-0000044379,0,0,0,0,Violation Driver 1,Head On,16:10,5.0,1
599597,CR-0000038107,0,2,0,0,Violation Driver 1,Rear End,16:08,5.0,5
599598,CR-0000038132,0,0,0,0,Violation Driver 1,Rear End,09:05,5.0,5
599599,CR-0000038080,1,0,0,0,Violation Driver 1,Sideswipe,21:59,5.0,6
599600,CR-0000053976,0,0,0,0,Unknown,Sideswipe,13:45,4.0,6
599610,CR-0000045605,1,0,0,0,Violation Driver 1,Other,13:00,5.0,3
599611,CR-0000063574,1,0,0,0,Violation Driver 1,Sideswipe,12:30,5.0,6
599615,CR-0000029802,0,0,0,0,Unknown,Rear End,16:30,4.0,5
599617,CR-0000056294,0,0,0,0,Unknown,Sideswipe,06:55,4.0,6
599618,CR-0000043671,0,0,0,0,Unknown,Head On,13:40,4.0,1
599619,CR-0000043658,0,0,0,0,Violation Driver 1,Broadside,07:37,5.0,0
599620,CR-0000055086,0,0,0,0,Violation Driver 1,Sideswipe,16:40,5.0,6
599621,CR-0000055069,0,0,0,0,Violation Driver 1,Rear End,01:02,5.0,5
599622,CR-0000044377,0,2,0,0,Violation Driver 1,Broadside,16:02,5.0,0
599623,CR-0000073040,0,0,0,0,Violation Driver 1,Sideswipe,10:17,5.0,6
599624,CR-0000038735,0,0,0,0,Violation Driver 1,Other,15:28,5.0,3
599631,CR-0000030547,0,0,0,0,Unknown,Rear End,09:07,4.0,5
599632,CR-0000029874,1,0,0,0,Unknown,Other,17:01,4.0,3
599633,CR-0000044436,0,2,0,0,Violation Driver 1,Rear End,17:56,5.0,5
599634,CR-0000048698,0,0,0,0,Violation Driver 1,Sideswipe,09:59,5.0,6
599635,CR-0000048655,3,0,0,0,Violation Driver 1,Broadside,01:55,5.0,0
599636,CR-0000043335,0,0,0,0,Unknown,Other,01:00,4.0,3
599644,CR-0000043150,0,0,0,0,Violation Driver 1,Other,10:19,5.0,3
599645,CR-0000054733,0,0,0,0,Violation Driver 1,Hit Object,21:15,5.0,2
599654,CR-0000072774,1,0,0,0,Violation Driver 1,Broadside,16:32,5.0,0
599655,CR-0000043558,1,0,0,0,Unknown,Rear End,08:27,4.0,5
599656,CR-0000054024,2,0,0,0,Violation Driver 1,Rear End,19:58,5.0,5
599657,CR-0000056278,0,0,0,0,Violation Driver 1,Rear End,13:49,5.0,5
599658,CR-0000044476,0,0,0,0,Violation Driver 1,Rear End,14:42,5.0,5
599659,CR-0000043391,0,0,0,0,Violation Driver 1,Other,01:25,5.0,3
599660,CR-0000048273,0,0,0,0,Unknown,Other,00:00,4.0,3
599661,CR-0000073173,0,0,0,0,Violation Driver 1,Vehicle/Pedestrian,19:40,5.0,8
599670,CR-0000029797,0,0,0,0,Unknown,Broadside,11:40,4.0,0
599681,CR-0000029765,0,0,1,0,Unknown,Head On,19:15,4.0,1
599682,CR-0000029714,1,0,0,0,Unknown,Other,19:46,4.0,3
599683,CR-0000029844,0,0,0,0,Violation Driver 1,Other,02:21,5.0,3
599687,CR-0000044446,0,0,0,0,Unknown,Other,14:30,4.0,3
599688,CR-0000043244,1,0,0,0,Violation Driver 1,Broadside,18:41,5.0,0
599689,CR-0000048366,0,0,0,0,Violation Driver 1,Rear End,21:33,5.0,5
599690,CR-0000045815,0,0,0,0,Violation Driver 1,Other,22:02,5.0,3
599691,CR-0000048398,0,0,0,0,Violation Driver 1,Other,14:54,5.0,3
599692,CR-0000044346,0,0,0,0,Violation Driver 1,Broadside,11:01,5.0,0
599693,CR-0000045731,0,0,1,0,Violation Driver 1,Other,14:20,5.0,3
599694,CR-0000044331,0,0,0,0,Violation Driver 1,Other,14:00,5.0,3
599695,CR-0000045706,0,0,0,0,Violation Driver 1,Other,15:15,5.0,3
599696,CR-0000045704,0,0,1,0,Pedestrian At Fault,Other,14:00,3.0,3
599697,CR-0000030751,0,0,0,0,Unknown,Rear End,12:25,4.0,5
599705,CR-0000056979,1,0,0,0,Violation Driver 1,Other,21:26,5.0,3
599708,CR-0000044311,0,1,0,0,Bike At Fault,Other,13:40,0.0,3
599714,CR-0000029835,0,0,1,0,Unknown,Other,00:17,4.0,3
599722,CR-0000072977,0,0,0,0,Violation Driver 1,Rear End,01:25,5.0,5
599723,CR-0000030720,0,0,0,0,Unknown,Sideswipe,12:00,4.0,6
599724,CR-0000030716,0,1,0,0,Unknown,Other,13:23,4.0,3
599725,CR-0000030762,0,0,0,0,Unknown,Other,19:00,4.0,3
599728,CR-0000055188,1,1,0,0,Violation Driver 1,Broadside,19:25,5.0,0
599729,CR-0000055599,0,0,0,0,Violation Driver 1,Rear End,18:25,5.0,5
599730,CR-0000057762,0,0,0,0,Violation Driver 1,Hit Object,15:25,5.0,2
599732,CR-0000069304,0,0,0,0,Violation Driver 1,Hit Object,20:16,5.0,2
599737,CR-0000044354,0,0,0,0,Unknown,Other,17:00,4.0,3
599738,CR-0000045288,0,1,0,0,Violation Driver 1,Broadside,16:33,5.0,0
599739,CR-0000053940,0,0,0,0,Violation Driver 1,Sideswipe,02:20,5.0,6
599740,CR-0000044195,0,0,0,0,Unknown,Rear End,16:50,4.0,5
599741,CR-0000054047,0,1,0,0,Violation Driver 1,Rear End,13:41,5.0,5
599742,CR-0000054045,0,0,1,0,Violation Driver 1,Broadside,12:03,5.0,0
599743,CR-0000054043,0,0,0,0,Violation Driver 1,Other,07:30,5.0,3
599748,CR-0000044299,0,0,0,0,Unknown,Other,11:15,4.0,3
599749,CR-0000044278,1,0,0,0,Violation Driver 1,Head On,12:55,5.0,1
599750,CR-0000056148,0,0,0,0,Violation Driver 1,Rear End,12:05,5.0,5
599751,CR-0000056129,0,0,0,0,Unknown,Rear End,17:30,4.0,5
599756,CR-0000030168,0,0,0,0,Unknown,Other,08:45,4.0,3
599757,CR-0000030058,1,0,0,0,Unknown,Rear End,11:30,4.0,5
599759,CR-0000044438,0,0,0,0,Violation Driver 1,Rear End,20:43,5.0,5
599760,CR-0000044411,0,0,0,0,Violation Driver 1,Other,05:14,5.0,3
599761,CR-0000048680,0,0,0,0,Unknown,Other,07:45,4.0,3
599762,CR-0000044329,2,0,0,0,Violation Driver 1,Other,11:25,5.0,3
599763,CR-0000043310,2,1,0,0,Violation Driver 1,Head On,09:29,5.0,1
599766,CR-0000048606,0,1,0,0,Bike At Fault,Other,18:45,0.0,3
599767,CR-0000053949,0,1,0,0,Violation Driver 1,Other,08:12,5.0,3
599768,CR-0000048541,0,0,0,0,Unknown,Rear End,11:40,4.0,5
599769,CR-0000048466,1,0,0,0,Violation Driver 1,Rear End,18:48,5.0,5
599770,CR-0000029868,0,0,0,0,Unknown,Rear End,15:42,4.0,5
599771,CR-0000030760,0,0,0,0,Unknown,Rear End,14:22,4.0,5
599772,CR-0000055170,1,0,0,0,Unknown,Vehicle/Bike,10:30,4.0,7
599774,CR-0000073139,0,0,0,0,Violation Driver 1,Sideswipe,11:03,5.0,6
599779,CR-0000064788,0,0,0,0,Violation Driver 1,Rear End,08:10,5.0,5
599781,CR-0000038023,0,0,0,0,Violation Driver 1,Rear End,02:50,5.0,5
599782,CR-0000038350,1,0,0,0,Violation Driver 1,Other,07:33,5.0,3
599783,CR-0000053998,1,0,0,0,Unknown,Head On,10:52,4.0,1
599784,CR-0000055197,1,0,0,0,Violation Driver 1,Broadside,10:30,5.0,0
599785,CR-0000045588,0,0,0,0,Violation Driver 1,Head On,02:16,5.0,1
599786,CR-0000043328,0,1,0,0,Bike At Fault,Other,15:24,0.0,3
599787,CR-0000044320,0,0,0,0,Violation Driver 1,Other,19:52,5.0,3
599789,CR-0000030000,0,0,0,0,Unknown,Rear End,14:30,4.0,5
599797,CR-0000029954,0,0,0,0,Unknown,Rear End,08:40,4.0,5
599800,CR-0000029734,0,0,0,0,Unknown,Other,16:35,4.0,3
599808,CR-0000044286,0,0,0,0,Violation Driver 1,Other,17:19,5.0,3
599809,CR-0000044270,0,0,0,0,Violation Driver 1,Other,00:30,5.0,3
599810,CR-0000056146,1,0,0,0,Unknown,Sideswipe,07:45,4.0,6
599811,CR-0000045629,0,0,0,0,Violation Driver 1,Other,11:51,5.0,3
599812,CR-0000056113,0,2,0,0,Violation Driver 1,Broadside,21:25,5.0,0
599813,CR-0000048330,0,0,0,0,Violation Driver 1,Other,18:00,5.0,3
599814,CR-0000053951,1,0,0,0,Violation Driver 1,Rear End,08:24,5.0,5
599815,CR-0000053942,1,0,0,0,Violation Driver 1,Rear End,14:48,5.0,5
599824,CR-0000048523,0,0,0,0,Unknown,Other,09:15,4.0,3
599825,CR-0000048714,0,0,0,0,Unknown,Other,10:20,4.0,3
599826,CR-0000045647,1,0,0,0,Violation Driver 1,Rear End,22:44,5.0,5
599827,CR-0000045633,0,0,0,0,Unknown,Rear End,11:10,4.0,5
599828,CR-0000056257,0,0,0,0,Unknown,Rear End,19:30,4.0,5
599834,CR-0000029970,0,0,0,0,Unknown,Other,16:20,4.0,3
599857,CR-0000030142,1,0,0,0,Unknown,Broadside,15:33,4.0,0
599864,CR-0000048455,0,0,0,0,Unknown,Other,02:45,4.0,3
599865,CR-0000056143,0,0,0,0,Unknown,Sideswipe,19:20,4.0,6
599866,CR-0000043585,0,0,0,0,Violation Driver 1,Other,18:42,5.0,3
599867,CR-0000056127,0,0,0,0,Violation Driver 1,Sideswipe,22:15,5.0,6
599868,CR-0000056116,2,0,0,0,Violation Driver 1,Sideswipe,01:55,5.0,6
599869,CR-0000053935,0,0,0,0,Violation Driver 1,Other,22:14,5.0,3
599870,CR-0000053925,0,0,0,0,Violation Driver 1,Broadside,14:56,5.0,0
599871,CR-0000045858,1,0,0,0,Violation Driver 1,Rear End,15:21,5.0,5
599876,CR-0000069120,0,0,0,0,Violation Driver 1,Hit Object,00:30,5.0,2
599886,CR-0000055044,2,1,0,0,Violation Driver 1,Broadside,15:10,5.0,0
599887,CR-0000029720,0,0,0,0,Unknown,Other,08:00,4.0,3
599900,CR-0000073105,0,0,0,0,Violation Driver 1,Sideswipe,09:54,5.0,6
599901,CR-0000043419,2,0,0,0,Violation Driver 1,Head On,12:18,5.0,1
599904,CR-0000054018,0,1,0,0,Pedestrian At Fault,Other,14:51,3.0,3
599905,CR-0000056259,0,0,0,0,Unknown,Rear End,16:53,4.0,5
599906,CR-0000048214,0,0,0,0,Unknown,Broadside,06:40,4.0,0
599907,CR-0000043666,0,1,0,0,Violation Driver 1,Broadside,16:54,5.0,0
599908,CR-0000048338,0,1,0,0,Violation Driver 1,Other,04:26,5.0,3
599909,CR-0000048741,0,0,0,0,Unknown,Other,04:40,4.0,3
599910,CR-0000056118,0,0,0,0,Unknown,Rear End,11:17,4.0,5
599911,CR-0000043287,3,0,0,0,Violation Driver 1,Broadside,17:18,5.0,0
599912,CR-0000045256,1,0,0,0,Violation Driver 1,Broadside,11:30,5.0,0
599922,CR-0000029741,0,0,0,0,Violation Driver 1,Rear End,10:26,5.0,5
599931,CR-0000037239,1,0,0,0,Violation Driver 1,Other,23:54,5.0,3
599932,CR-0000038307,0,0,0,0,Unknown,Other,18:40,4.0,3
599933,CR-0000053986,0,0,0,0,Unknown,Sideswipe,17:28,4.0,6
599934,CR-0000044199,0,0,0,0,Violation Driver 1,Rear End,06:40,5.0,5
599935,CR-0000044181,1,0,0,0,Violation Driver 1,Other,07:41,5.0,3
599936,CR-0000043502,0,0,0,0,Violation Driver 1,Rear End,13:00,5.0,5
599937,CR-0000054013,0,0,0,0,Violation Driver 1,Broadside,08:10,5.0,0
599944,CR-0000053916,0,0,0,0,Violation Driver 1,Broadside,21:40,5.0,0
599945,CR-0000055059,1,0,0,0,Violation Driver 1,Broadside,14:27,5.0,0
599946,CR-0000055077,0,1,0,0,Violation Driver 1,Head On,20:17,5.0,1
599947,CR-0000073194,0,0,0,0,Violation Driver 1,Overturned,20:56,5.0,4
599959,CR-0000046002,0,0,0,0,Unknown,Broadside,16:00,4.0,0
599960,CR-0000038406,1,0,0,0,Unknown,Broadside,21:25,4.0,0
599961,CR-0000038458,0,1,0,0,Pedestrian At Fault,Other,22:22,3.0,3
599962,CR-0000055202,0,0,1,0,Pedestrian At Fault,Other,18:05,3.0,3
599963,CR-0000056506,0,0,0,0,Violation Driver 1,Rear End,01:45,5.0,5
599964,CR-0000053996,1,0,0,0,Violation Driver 1,Rear End,10:07,5.0,5
599965,CR-0000048163,1,0,1,0,Violation Driver 1,Broadside,07:55,5.0,0
599966,CR-0000045781,0,0,0,0,Unknown,Other,10:00,4.0,3
599971,CR-0000030273,0,0,0,0,Violation Driver 1,Sideswipe,22:49,5.0,6
599974,CR-0000044295,0,0,0,0,Violation Driver 1,Other,07:45,5.0,3
599975,CR-0000044266,0,0,0,0,Unknown,Head On,18:25,4.0,1
599976,CR-0000056131,0,0,0,0,Violation Driver 1,Rear End,08:20,5.0,5
599977,CR-0000045638,1,0,0,0,Violation Driver 1,Broadside,12:32,5.0,0
599978,CR-0000043484,0,0,0,0,Violation Driver 1,Other,18:19,5.0,3
599979,CR-0000048263,1,0,0,0,Violation Driver 1,Broadside,08:32,5.0,0
599980,CR-0000045853,0,0,0,0,Unknown,Other,02:45,4.0,3
599981,CR-0000043686,0,0,0,0,Violation Driver 1,Broadside,23:15,5.0,0
599982,CR-0000038341,0,0,0,0,Violation Driver 1,Other,16:22,5.0,3
599983,CR-0000048841,0,0,0,0,Violation Driver 1,Head On,09:00,5.0,1
599984,CR-0000048175,1,0,0,0,Violation Driver 1,Head On,07:35,5.0,1