CrashFactId,Name,MinorInjuries,ModerateInjuries,SevereInjuries,FatalInjuries,PrimaryCollisionFactor,CollisionType,CrashTime,PrimaryCollisionFactor_Code,CollisionType_Code
605458,CR-0000038610,0,0,0,0,Violation Driver 1,Rear End,18:56,5.0,5
605459,CR-0000038606,0,0,0,0,Violation Driver 1,Other,07:33,5.0,3
605460,CR-0000056631,0,1,0,0,Violation Driver 1,Broadside,19:58,5.0,0
605461,CR-0000054339,1,0,0,0,Violation Driver 1,Sideswipe,07:43,5.0,6
605462,CR-0000045498,1,0,0,0,Violation Driver 1,Broadside,09:18,5.0,0
605463,CR-0000055446,0,0,0,0,Violation Driver 1,Sideswipe,22:22,5.0,6
605464,CR-0000055419,1,0,0,0,Violation Driver 1,Broadside,17:26,5.0,0
605465,CR-0000060815,1,0,0,0,Violation Driver 1,Rear End,07:04,5.0,5
605466,CR-0000062181,0,0,0,0,Unknown,Broadside,17:30,4.0,0
605467,CR-0000054110,0,0,0,0,Unknown,Sideswipe,12:16,4.0,6
605468,CR-0000043837,0,1,0,0,Violation Driver 1,Head On,16:21,5.0,1
605469,CR-0000072344,0,0,0,0,Violation Driver 1,Sideswipe,06:45,5.0,6
605470,CR-0000071868,0,0,0,0,Violation Driver 1,Rear End,07:25,5.0,5
605471,CR-0000071910,1,1,0,0,Violation Driver 1,Rear End,10:56,5.0,5
605472,CR-0000039827,1,0,0,0,Violation Driver 1,Rear End,10:15,5.0,5
605473,CR-0000038800,0,1,0,0,Violation Driver 1,Rear End,03:22,5.0,5
605474,CR-0000038743,1,0,0,0,Unknown,Broadside,16:54,4.0,0
605475,CR-0000029069,0,0,0,0,Unknown,Rear End,16:36,4.0,5
605476,CR-0000030391,0,0,0,0,Unknown,Other,11:30,4.0,3
605477,CR-0000030228,0,1,0,0,Violation Driver 1,Broadside,18:30,5.0,0
605480,CR-0000030147,0,0,0,0,Unknown,Rear End,15:05,4.0,5
605481,CR-0000029296,0,0,0,0,Unknown,Other,16:30,4.0,3
605482,CR-0000030129,0,0,0,0,Unknown,Other,11:40,4.0,3
605490,CR-0000030440,0,0,0,0,Unknown,Broadside,14:21,4.0,0
605494,CR-0000030235,0,0,0,0,Unknown,Other,20:48,4.0,3
605495,CR-0000029359,1,0,0,0,Unknown,Rear End,18:29,4.0,5
605497,CR-0000029319,0,0,0,0,Unknown,Rear End,16:00,4.0,5
605501,CR-0000055445,0,0,0,0,Violation Driver 1,Sideswipe,02:30,5.0,6
605502,CR-0000055422,0,0,0,0,Violation Driver 1,Rear End,20:10,5.0,5
605503,CR-0000055405,0,0,0,0,Violation Driver 1,Rear End,23:33,5.0,5
605504,CR-0000055403,0,0,0,0,Violation Driver 1,Rear End,19:45,5.0,5
605505,CR-0000061861,0,2,0,0,Violation Driver 1,Broadside,10:17,5.0,0
605506,CR-0000061834,0,0,0,0,Unknown,Rear End,18:40,4.0,5
605508,CR-0000030561,1,0,0,0,Unknown,Rear End,19:41,4.0,5
605509,CR-0000030243,0,0,0,0,Violation Driver 1,Rear End,10:00,5.0,5
605510,CR-0000030236,0,0,0,0,Unknown,Rear End,22:00,4.0,5
605517,CR-0000030190,0,0,1,0,Unknown,Other,19:27,4.0,3
605518,CR-0000030164,0,0,0,0,Unknown,Other,13:30,4.0,3
605520,CR-0000071620,0,0,0,0,Violation Driver 1,Rear End,20:00,5.0,5
605521,CR-0000072031,1,0,0,0,Violation Driver 1,Rear End,01:41,5.0,5
605522,CR-0000072299,0,0,0,0,Violation Driver 1,Rear End,11:53,5.0,5
605524,CR-0000030650,1,0,0,0,Unknown,Rear End,20:06,4.0,5
605527,CR-0000030209,0,0,0,0,Unknown,Rear End,14:00,4.0,5
605528,CR-0000029062,0,0,0,0,Unknown,Other,11:02,4.0,3
605529,CR-0000029380,0,0,0,0,Unknown,Rear End,14:45,4.0,5
605531,CR-0000071928,0,0,0,0,Violation Driver 1,Rear End,16:50,5.0,5
605532,CR-0000038941,0,0,0,0,Violation Driver 1,Head On,16:10,5.0,1
605533,CR-0000038444,0,0,0,0,Violation Driver 1,Other,02:26,5.0,3
605534,CR-0000038866,0,0,0,0,Violation Driver 1,Other,11:00,5.0,3
605535,CR-0000048870,0,0,0,0,Violation Driver 1,Other,03:32,5.0,3
605536,CR-0000055353,0,0,0,0,Violation Driver 1,Other,11:08,5.0,3
605537,CR-0000054548,0,0,0,0,Violation Driver 1,Sideswipe,03:48,5.0,6
605539,CR-0000030575,2,1,0,0,Unknown,Other,23:35,4.0,3
605540,CR-0000029358,1,0,0,0,Violation Driver 1,Other,10:15,5.0,3
605541,CR-0000030378,1,0,0,0,Unknown,Other,15:00,4.0,3
605542,CR-0000030218,1,0,0,0,Violation Driver 1,Other,17:26,5.0,3
605544,CR-0000030146,0,0,0,0,Unknown,Other,18:00,4.0,3
605547,CR-0000030334,0,0,0,0,Unknown,Other,15:00,4.0,3
605548,CR-0000030021,0,0,0,0,Violation Driver 1,Other,19:16,5.0,3
605549,CR-0000030890,0,0,0,0,Unknown,Head On,13:18,4.0,1
605550,CR-0000030877,0,0,0,0,Unknown,Broadside,21:12,4.0,0
605551,CR-0000038836,0,0,0,0,Unknown,Other,11:15,4.0,3
605552,CR-0000044419,0,1,0,0,Violation Driver 1,Other,22:51,5.0,3
605553,CR-0000056909,0,1,0,0,Violation Driver 1,Sideswipe,15:35,5.0,6
605554,CR-0000055320,1,0,0,0,Violation Driver 1,Rear End,16:00,5.0,5
605555,CR-0000056461,0,0,0,0,Violation Driver 1,Rear End,09:52,5.0,5
605556,CR-0000049213,0,0,0,0,Violation Driver 1,Head On,16:06,5.0,1
605557,CR-0000055396,0,0,0,0,Violation Driver 1,Rear End,07:35,5.0,5
605558,CR-0000067321,1,0,0,0,Violation Driver 1,Head On,20:39,5.0,1
605560,CR-0000055646,0,1,0,0,Violation Driver 1,Broadside,17:23,5.0,0
605561,CR-0000054899,0,1,0,0,Violation Driver 1,Broadside,20:11,5.0,0
605562,CR-0000056937,1,0,0,0,Unknown,Broadside,11:16,4.0,0
605563,CR-0000048674,1,0,0,0,Pedestrian At Fault,Other,19:24,3.0,3
605564,CR-0000055322,0,0,0,0,Violation Driver 1,Rear End,04:04,5.0,5
605565,CR-0000054794,0,0,0,0,Violation Driver 1,Sideswipe,10:34,5.0,6
605566,CR-0000060801,2,0,0,0,Violation Driver 1,Broadside,09:08,5.0,0
605567,CR-0000060723,1,0,0,0,Violation Driver 1,Rear End,14:23,5.0,5
605568,CR-0000054121,0,0,0,0,Violation Driver 1,Rear End,18:03,5.0,5
605569,CR-0000054532,1,0,0,0,Violation Driver 1,Other,06:06,5.0,3
605570,CR-0000055649,0,0,0,0,Violation Driver 1,Broadside,22:39,5.0,0
605571,CR-0000055637,1,0,0,0,Violation Driver 1,Sideswipe,13:59,5.0,6
605572,CR-0000056924,0,0,0,0,Violation Driver 1,Rear End,18:04,5.0,5
605573,CR-0000072014,0,0,0,0,Violation Driver 1,Head On,19:45,5.0,1
605574,CR-0000043706,0,0,0,0,Unknown,Rear End,12:00,4.0,5
605575,CR-0000053411,0,0,0,0,Violation Driver 1,Broadside,18:08,5.0,0
605576,CR-0000048715,0,0,0,0,Unknown,Other,00:30,4.0,3
605577,CR-0000045991,0,1,0,0,Violation Driver 1,Rear End,23:49,5.0,5
605578,CR-0000030096,0,0,0,0,Violation Driver 1,Other,01:30,5.0,3
605579,CR-0000030083,1,0,0,0,Unknown,Rear End,21:04,4.0,5
605580,CR-0000030078,0,0,0,0,Unknown,Head On,22:31,4.0,1
605581,CR-0000029231,0,0,0,0,Violation Driver 1,Other,15:41,5.0,3
605586,CR-0000038224,0,0,0,0,Violation Driver 1,Other,19:11,5.0,3
605587,CR-0000054511,0,0,0,0,Violation Driver 1,Broadside,00:00,5.0,0
605588,CR-0000054349,0,0,0,0,Violation Driver 1,Broadside,20:46,5.0,0
605589,CR-0000057549,1,0,0,0,Violation Driver 1,Vehicle/Pedestrian,21:42,5.0,8
605590,CR-0000055435,0,0,0,0,Violation Driver 1,Sideswipe,02:18,5.0,6
605591,CR-0000049066,1,0,0,0,Violation Driver 1,Other,09:00,5.0,3
605592,CR-0000055425,0,0,0,0,Violation Driver 1,Rear End,23:05,5.0,5
605594,CR-0000029331,1,0,0,0,Unknown,Rear End,20:37,4.0,5
605601,CR-0000029060,1,0,0,0,Unknown,Broadside,08:22,4.0,0
605602,CR-0000030225,0,0,0,0,Unknown,Other,06:05,4.0,3
605603,CR-0000030552,1,1,0,0,Unknown,Broadside,10:20,4.0,0
605604,CR-0000030126,0,0,0,0,Unknown,Sideswipe,11:48,4.0,6
605606,CR-0000030325,0,0,0,0,Unknown,Other,22:00,4.0,3
605607,CR-0000030027,0,0,0,0,Violation Driver 1,Other,21:56,5.0,3
605609,CR-0000046159,2,0,0,0,Violation Driver 1,Rear End,16:59,5.0,5
605610,CR-0000044371,3,0,0,0,Violation Driver 1,Other,08:25,5.0,3
605611,CR-0000071835,1,0,0,0,Violation Driver 1,Broadside,17:34,5.0,0
605612,CR-0000071869,0,0,0,0,Violation Driver 2,Rear End,08:06,6.0,5
605613,CR-0000038975,1,0,0,0,Violation Driver 1,Other,06:49,5.0,3
605614,CR-0000038335,0,0,0,0,Unknown,Other,15:45,4.0,3
605615,CR-0000054541,0,0,0,0,Violation Driver 1,Broadside,21:18,5.0,0
605616,CR-0000054519,0,0,0,0,Violation Driver 1,Sideswipe,20:36,5.0,6
605617,CR-0000061971,0,0,0,0,Unknown,Broadside,15:45,4.0,0
605618,CR-0000061793,0,0,0,0,Unknown,Hit Object,09:00,4.0,2
605619,CR-0000060764,1,0,0,0,Violation Driver 1,Broadside,13:54,5.0,0
605620,CR-0000055545,0,0,0,0,Violation Driver 1,Rear End,19:59,5.0,5
605621,CR-0000055544,0,0,0,0,Violation Driver 1,Head On,19:49,5.0,1
605622,CR-0000055531,1,0,0,0,Violation Driver 1,Rear End,14:20,5.0,5
605623,CR-0000067575,2,0,0,0,Violation Driver 1,Vehicle/Bike,01:30,5.0,7
605625,CR-0000030127,0,0,0,0,Unknown,Other,13:09,4.0,3
605632,CR-0000054151,1,0,0,0,Violation Driver 1,Other,16:42,5.0,3
605633,CR-0000054144,0,0,0,0,Unknown,Other,17:40,4.0,3
605634,CR-0000054139,0,0,0,0,Violation Driver 1,Broadside,22:00,5.0,0
605635,CR-0000053730,3,1,0,0,Violation Driver 1,Head On,07:35,5.0,1
605636,CR-0000045696,0,0,0,0,Violation Driver 1,Other,19:42,5.0,3
605637,CR-0000046500,0,0,0,0,Unknown,Head On,15:30,4.0,1
605638,CR-0000054252,0,0,0,0,Violation Driver 1,Other,23:24,5.0,3
605639,CR-0000045657,0,0,0,0,Unknown,Other,12:30,4.0,3
605640,CR-0000062257,0,0,0,0,Unknown,Rear End,00:49,4.0,5
605641,CR-0000061838,0,0,0,0,Unknown,Sideswipe,13:00,4.0,6
605642,CR-0000067440,2,0,0,0,Violation Driver 1,Hit Object,22:20,5.0,2
605643,CR-0000067408,0,0,0,0,Violation Driver 1,Rear End,16:40,5.0,5
605644,CR-0000049221,0,0,0,0,Unknown,Head On,13:15,4.0,1
605645,CR-0000055378,2,0,0,0,Violation Driver 1,Broadside,16:20,5.0,0
605646,CR-0000067346,1,0,0,0,Violation Driver 1,Rear End,17:30,5.0,5
605649,CR-0000030500,0,0,0,0,Unknown,Other,10:30,4.0,3
605650,CR-0000030118,1,0,0,0,Unknown,Broadside,21:29,4.0,0
605651,CR-0000054142,0,0,0,0,Unknown,Other,15:50,4.0,3
605652,CR-0000054128,2,1,0,0,Violation Driver 1,Broadside,21:01,5.0,0
605653,CR-0000043851,1,0,0,0,Violation Driver 1,Rear End,17:11,5.0,5
605654,CR-0000053733,6,0,0,0,Violation Driver 1,Rear End,15:16,5.0,5
605655,CR-0000055726,0,0,0,1,Violation Driver 1,Other,07:23,5.0,3
605656,CR-0000055713,1,0,0,0,Unknown,Rear End,10:13,4.0,5
605657,CR-0000054406,0,0,0,0,Unknown,Rear End,21:10,4.0,5
605659,CR-0000030773,0,0,0,0,Unknown,Other,16:35,4.0,3
605661,CR-0000029050,0,0,0,0,Unknown,Rear End,08:00,4.0,5
605663,CR-0000055534,0,1,0,0,Violation Driver 1,Broadside,18:26,5.0,0
605664,CR-0000053735,1,1,0,0,Violation Driver 1,Broadside,21:17,5.0,0
605665,CR-0000055715,1,0,0,0,Violation Driver 1,Other,10:45,5.0,3
605666,CR-0000055708,0,0,0,0,Violation Driver 1,Sideswipe,02:16,5.0,6
605667,CR-0000046182,1,0,0,0,Violation Driver 1,Rear End,16:16,5.0,5
605668,CR-0000046457,0,0,0,0,Violation Driver 1,Broadside,09:20,5.0,0
605669,CR-0000045532,0,0,0,0,Unknown,Other,00:00,4.0,3
605671,CR-0000030336,0,0,0,0,Unknown,Rear End,19:30,4.0,5
605675,CR-0000029677,0,0,0,0,Violation Driver 1,Other,00:19,5.0,3
605676,CR-0000030424,0,0,0,0,Unknown,Broadside,16:48,4.0,0
605677,CR-0000030319,0,0,0,0,Violation Driver 1,Rear End,22:35,5.0,5
605680,CR-0000030407,0,0,0,0,Unknown,Other,16:28,4.0,3
605686,CR-0000072100,0,0,0,0,Violation Driver 1,Broadside,19:23,5.0,0
605687,CR-0000072297,0,1,0,0,Violation Driver 1,Broadside,09:20,5.0,0
605688,CR-0000045636,0,0,0,0,Violation Driver 1,Other,00:00,5.0,3
605689,CR-0000046408,0,0,0,0,Unknown,Other,11:00,4.0,3
605690,CR-0000044469,0,0,0,0,Violation Driver 1,Other,02:40,5.0,3
605691,CR-0000054420,1,0,0,0,Violation Driver 1,Other,16:16,5.0,3
605692,CR-0000054411,0,0,0,0,Violation Driver 1,Broadside,09:22,5.0,0
605693,CR-0000054243,0,1,0,0,Violation Driver 1,Sideswipe,08:42,5.0,6
605694,CR-0000061852,0,0,0,0,Unknown,Hit Object,12:15,4.0,2
605695,CR-0000061829,0,0,0,0,Unknown,Broadside,20:31,4.0,0
605696,CR-0000067437,0,0,0,0,Violation Driver 1,Broadside,20:52,5.0,0
605697,CR-0000067287,0,0,0,0,Bike At Fault,Vehicle/Bike,22:01,0.0,7
605698,CR-0000071739,1,0,0,0,Violation Driver 1,Vehicle/Bike,07:41,5.0,7
605699,CR-0000071605,1,0,0,0,Violation Driver 1,Rear End,16:55,5.0,5
605701,CR-0000072640,0,0,0,0,Violation Driver 1,Rear End,20:50,5.0,5
605702,CR-0000048738,0,0,0,0,Unknown,Other,14:20,4.0,3
605703,CR-0000030291,0,1,0,0,Unknown,Other,19:50,4.0,3
605704,CR-0000030268,0,0,0,0,Unknown,Other,05:40,4.0,3
605705,CR-0000030259,0,0,0,0,Unknown,Broadside,15:49,4.0,0
605707,CR-0000072047,1,0,0,0,Violation Driver 1,Overturned,10:47,5.0,4
605708,CR-0000029810,0,0,0,0,Violation Driver 1,Other,21:13,5.0,3
605711,CR-0000030315,0,0,0,0,Unknown,Other,22:35,4.0,3
605712,CR-0000029041,1,0,0,0,Violation Driver 1,Rear End,13:15,5.0,5
605713,CR-0000029036,0,0,0,0,Violation Driver 1,Rear End,14:39,5.0,5
605714,CR-0000029446,1,0,0,0,Unknown,Rear End,14:35,4.0,5
605716,CR-0000044355,0,0,0,0,Unknown,Other,12:30,4.0,3
605717,CR-0000044471,0,0,0,0,Violation Driver 1,Broadside,08:22,5.0,0
605718,CR-0000056654,1,0,0,0,Bike At Fault,Broadside,11:31,0.0,0
605719,CR-0000054425,0,1,0,0,Pedestrian At Fault,Vehicle/Pedestrian,06:46,3.0,8
605720,CR-0000055597,0,0,0,0,Violation Driver 1,Rear End,12:49,5.0,5
605721,CR-0000055579,0,0,0,0,Unknown,Rear End,12:30,4.0,5
605722,CR-0000055577,0,0,0,0,Unknown,Hit Object,22:10,4.0,2
605723,CR-0000055571,0,0,0,0,Violation Driver 1,Broadside,13:01,5.0,0
605724,CR-0000030438,0,0,0,0,Unknown,Other,17:09,4.0,3
605725,CR-0000029034,0,0,0,0,Unknown,Rear End,13:44,4.0,5
605726,CR-0000030309,3,0,0,0,Unknown,Rear End,18:03,4.0,5
605727,CR-0000030405,0,1,0,0,Unknown,Rear End,08:30,4.0,5
605732,CR-0000045652,1,0,0,0,Violation Driver 1,Broadside,07:45,5.0,0
605733,CR-0000055517,1,0,0,0,Violation Driver 1,Head On,16:42,5.0,1
605734,CR-0000055514,0,1,0,0,Bike At Fault,Other,13:15,0.0,3
605735,CR-0000029415,1,0,0,0,Unknown,Rear End,08:40,4.0,5
605736,CR-0000028987,0,0,0,0,Unknown,Rear End,21:05,4.0,5
605742,CR-0000048718,2,0,0,0,Violation Driver 1,Broadside,08:11,5.0,0
605743,CR-0000054451,0,0,0,0,Other Than Driver,Other,00:06,2.0,3
605744,CR-0000054419,1,1,0,0,Violation Driver 1,Rear End,15:27,5.0,5
605745,CR-0000054918,0,1,0,0,Unknown,Broadside,15:00,4.0,0
605746,CR-0000044387,0,0,0,0,Unknown,Rear End,15:00,4.0,5
605749,CR-0000054051,0,0,1,0,Pedestrian At Fault,Other,20:20,3.0,3
605750,CR-0000030783,0,0,1,0,Unknown,Other,23:45,4.0,3
605751,CR-0000029842,0,0,0,0,Violation Driver 1,Head On,15:33,5.0,1
605752,CR-0000030730,0,1,0,0,Violation Driver 1,Other,01:20,5.0,3
605758,CR-0000044448,0,0,0,0,Unknown,Rear End,20:45,4.0,5
605759,CR-0000055654,0,0,0,0,Violation Driver 1,Rear End,16:24,5.0,5
605760,CR-0000044403,0,0,0,0,Violation Driver 1,Other,23:43,5.0,3
605761,CR-0000055364,2,0,0,0,Violation Driver 1,Head On,01:11,5.0,1
605762,CR-0000067344,0,0,0,0,Violation Driver 1,Rear End,12:35,5.0,5
605763,CR-0000067369,0,0,0,0,Violation Driver 1,Rear End,19:20,5.0,5
605764,CR-0000067355,0,1,0,0,Violation Driver 1,Broadside,14:09,5.0,0
605765,CR-0000072080,1,1,0,0,Violation Driver 1,Head On,21:07,5.0,1
605766,CR-0000055709,0,0,0,0,Violation Driver 1,Rear End,01:36,5.0,5
605767,CR-0000054404,0,1,0,0,Violation Driver 1,Sideswipe,23:40,5.0,6
605768,CR-0000054403,0,0,0,0,Violation Driver 1,Rear End,23:30,5.0,5
605769,CR-0000072312,2,0,0,0,Violation Driver 1,Rear End,18:12,5.0,5
605770,CR-0000072427,1,0,0,0,Violation Driver 1,Rear End,10:19,5.0,5
605771,CR-0000072424,1,1,0,0,Violation Driver 1,Head On,02:30,5.0,1
605773,CR-0000072070,2,0,0,0,Violation Driver 1,Sideswipe,11:10,5.0,6
605774,CR-0000071489,0,0,0,0,Violation Driver 1,Rear End,14:43,5.0,5
605775,CR-0000072049,0,0,0,0,Violation Driver 1,Sideswipe,11:00,5.0,6
605776,CR-0000072048,0,0,0,0,Violation Driver 1,Rear End,13:38,5.0,5
605777,CR-0000071456,0,0,0,0,Violation Driver 1,Head On,02:20,5.0,1
605778,CR-0000048747,1,0,0,0,Violation Driver 1,Head On,15:25,5.0,1
605779,CR-0000048733,2,0,0,0,Violation Driver 1,Head On,13:22,5.0,1
605780,CR-0000048722,0,0,0,0,Violation Driver 1,Other,08:41,5.0,3
605784,CR-0000055602,1,0,0,0,Violation Driver 1,Rear End,15:00,5.0,5
605785,CR-0000072433,0,0,0,0,Violation Driver 1,Rear End,18:29,5.0,5
605786,CR-0000072392,0,0,0,0,Violation Driver 1,Sideswipe,16:25,5.0,6
605787,CR-0000072741,0,0,0,0,Violation Driver 1,Rear End,15:04,5.0,5
605788,CR-0000038812,0,0,0,0,Violation Driver 1,Other,12:45,5.0,3
605789,CR-0000038948,0,0,0,0,Violation Driver 1,Other,11:40,5.0,3
605790,CR-0000038433,0,0,0,0,Unknown,Other,07:20,4.0,3
605796,CR-0000029686,0,0,0,0,Unknown,Other,08:00,4.0,3
605797,CR-0000030303,0,0,0,0,Violation Driver 1,Other,03:32,5.0,3
605804,CR-0000072412,0,0,0,0,Violation Driver 1,Rear End,12:15,5.0,5
605824,CR-0000045521,1,0,0,0,Violation Driver 1,Broadside,07:30,5.0,0
605826,CR-0000054240,0,0,0,0,Violation Driver 1,Broadside,04:55,5.0,0
605842,CR-0000030188,0,0,0,0,Unknown,Other,22:30,4.0,3
605843,CR-0000030087,0,0,0,0,Unknown,Broadside,09:31,4.0,0
605854,CR-0000029569,0,0,0,0,Unknown,Rear End,22:19,4.0,5
605863,CR-0000055098,0,0,0,0,Unknown,Sideswipe,20:15,4.0,6
605864,CR-0000072730,1,1,0,0,Bike At Fault,Vehicle/Bike,08:57,0.0,7
605865,CR-0000071925,1,0,0,0,Violation Driver 1,Rear End,09:39,5.0,5
605866,CR-0000038931,1,0,0,0,Violation Driver 2,Other,12:00,6.0,3
605867,CR-0000038746,0,0,0,0,Violation Driver 1,Broadside,13:42,5.0,0
605868,CR-0000056552,0,0,0,0,Violation Driver 1,Sideswipe,00:03,5.0,6
605869,CR-0000054526,0,0,0,0,Unknown,Sideswipe,17:45,4.0,6
605870,CR-0000053858,0,0,0,0,Violation Driver 1,Other,01:35,5.0,3
605878,CR-0000030463,0,0,0,0,Unknown,Other,01:19,4.0,3
605879,CR-0000030352,1,0,0,0,Unknown,Other,14:32,4.0,3
605886,CR-0000030091,0,0,0,0,Unknown,Rear End,21:15,4.0,5
605888,CR-0000030668,0,0,0,0,Unknown,Other,08:02,4.0,3
605890,CR-0000054391,0,0,0,0,Violation Driver 1,Other,01:25,5.0,3
605891,CR-0000072451,1,0,0,0,Violation Driver 1,Rear End,16:31,5.0,5
605892,CR-0000072550,2,0,0,0,Violation Driver 1,Broadside,14:38,5.0,0
605893,CR-0000072739,0,0,0,0,Violation Driver 1,Broadside,14:22,5.0,0
605894,CR-0000038816,0,0,0,0,Violation Driver 1,Head On,14:54,5.0,1
605895,CR-0000038394,1,0,0,0,Violation Driver 1,Other,16:15,5.0,3
605896,CR-0000039034,0,0,0,0,Violation Driver 1,Head On,20:30,5.0,1
605911,CR-0000038912,0,0,0,0,Violation Driver 1,Rear End,16:38,5.0,5
605916,CR-0000030459,0,0,0,0,Unknown,Other,04:39,4.0,3
605917,CR-0000030409,0,0,0,0,Unknown,Rear End,17:00,4.0,5
605924,CR-0000030169,1,0,0,0,Unknown,Other,11:18,4.0,3
605929,CR-0000030696,0,1,0,0,Violation Driver 1,Broadside,17:40,5.0,0
605934,CR-0000029559,0,0,0,0,Unknown,Other,13:50,4.0,3
605942,CR-0000029408,0,0,0,0,Unknown,Other,01:01,4.0,3
605946,CR-0000046431,1,0,0,0,Bike At Fault,Other,08:45,0.0,3
605947,CR-0000056656,1,0,0,0,Violation Driver 1,Broadside,12:50,5.0,0
605948,CR-0000054442,0,0,0,0,Violation Driver 1,Sideswipe,04:02,5.0,6
605949,CR-0000054410,0,0,0,0,Violation Driver 1,Sideswipe,07:06,5.0,6
605950,CR-0000071842,0,0,0,0,Violation Driver 1,Rear End,10:03,5.0,5
605951,CR-0000071841,1,0,0,0,Violation Driver 1,Vehicle/Bike,21:41,5.0,7
605952,CR-0000072406,0,0,0,0,Violation Driver 1,Sideswipe,00:50,5.0,6
605953,CR-0000038684,0,0,0,0,Violation Driver 1,Other,07:40,5.0,3
605954,CR-0000030434,1,0,0,0,Unknown,Rear End,11:08,4.0,5
605956,CR-0000030446,0,0,0,1,Unknown,Other,07:25,4.0,3
605957,CR-0000029266,0,0,0,0,Violation Driver 1,Broadside,15:48,5.0,0
605962,CR-0000030568,0,0,0,0,Unknown,Rear End,13:58,4.0,5
605973,CR-0000038467,0,0,0,0,Unknown,Other,23:30,4.0,3
605974,CR-0000038775,2,0,0,0,Violation Driver 1,Other,13:59,5.0,3
605976,CR-0000030396,1,0,0,0,Unknown,Rear End,19:51,4.0,5
605978,CR-0000030151,0,0,0,0,Unknown,Broadside,12:00,4.0,0
605979,CR-0000056372,0,0,0,0,Violation Driver 1,Broadside,02:12,5.0,0
605980,CR-0000053650,0,0,0,0,Violation Driver 1,Rear End,15:30,5.0,5
605981,CR-0000055241,0,0,0,0,Unknown,Sideswipe,12:00,4.0,6
605984,CR-0000030583,1,0,0,0,Unknown,Other,12:26,4.0,3
605985,CR-0000030685,0,0,0,0,Unknown,Rear End,19:30,4.0,5
605986,CR-0000038547,0,0,0,0,Violation Driver 1,Other,10:20,5.0,3
605987,CR-0000039227,0,0,1,0,Pedestrian At Fault,Other,19:57,3.0,3
605988,CR-0000056396,0,0,0,0,Violation Driver 1,Sideswipe,22:25,5.0,6
605989,CR-0000038768,0,0,0,0,Unknown,Rear End,01:30,4.0,5
605990,CR-0000038632,0,0,0,0,Violation Driver 1,Other,23:26,5.0,3
605991,CR-0000038534,0,0,0,0,Violation Driver 1,Broadside,09:15,5.0,0
605992,CR-0000038509,0,0,0,0,Violation Driver 1,Other,10:17,5.0,3
605993,CR-0000053607,1,0,0,0,Violation Driver 1,Sideswipe,15:57,5.0,6
605994,CR-0000043778,0,0,0,0,Violation Driver 1,Rear End,16:34,5.0,5
605996,CR-0000030397,0,0,0,0,Unknown,Other,07:00,4.0,3
606003,CR-0000054518,0,0,0,0,Violation Driver 1,Rear End,19:44,5.0,5
606004,CR-0000044437,1,0,0,0,Violation Driver 1,Rear End,18:00,5.0,5
606005,CR-0000053575,2,0,0,0,Violation Driver 1,Broadside,20:04,5.0,0
606006,CR-0000053765,0,0,0,0,Violation Driver 1,Head On,00:20,5.0,1
606027,CR-0000038945,0,0,0,0,Unknown,Other,10:30,4.0,3
606028,CR-0000038377,0,0,0,0,Unknown,Other,11:00,4.0,3
606029,CR-0000039015,0,1,0,0,Violation Driver 1,Other,14:51,5.0,3
606030,CR-0000038847,0,0,0,0,Violation Driver 1,Other,11:09,5.0,3
606031,CR-0000056543,0,0,0,0,Violation Driver 1,Broadside,01:00,5.0,0
606032,CR-0000053629,0,0,0,0,Violation Driver 1,Other,14:10,5.0,3
606033,CR-0000054156,0,0,0,0,Unknown,Sideswipe,14:35,4.0,6
606034,CR-0000053759,2,0,0,0,Violation Driver 1,Broadside,14:59,5.0,0
606035,CR-0000053568,1,0,0,0,Unknown,Other,12:10,4.0,3
606036,CR-0000046108,1,0,0,0,Violation Driver 1,Broadside,14:21,5.0,0
606040,CR-0000029489,1,0,0,0,Unknown,Rear End,19:33,4.0,5
606046,CR-0000055355,3,0,0,0,Violation Driver 1,Other,16:28,5.0,3
606047,CR-0000056357,0,0,0,0,Violation Driver 1,Sideswipe,11:28,5.0,6
606048,CR-0000053648,0,3,0,0,Violation Driver 1,Head On,15:45,5.0,1
606059,CR-0000030480,1,1,0,0,Violation Driver 1,Rear End,18:20,5.0,5
606060,CR-0000029482,2,0,0,0,Unknown,Rear End,22:09,4.0,5
606065,CR-0000030177,1,0,0,0,Violation Driver 1,Broadside,09:21,5.0,0
606069,CR-0000030105,0,0,0,0,Unknown,Rear End,02:25,4.0,5
606085,CR-0000029786,2,0,0,0,Violation Driver 1,Other,02:30,5.0,3
606086,CR-0000030402,1,0,0,0,Unknown,Broadside,22:40,4.0,0
606087,CR-0000030475,0,0,0,0,Unknown,Other,19:00,4.0,3
606089,CR-0000030322,1,0,0,0,Unknown,Other,15:06,4.0,3
606090,CR-0000053764,0,0,0,0,Unknown,Sideswipe,12:29,4.0,6
606097,CR-0000030186,0,0,0,0,Unknown,Broadside,13:35,4.0,0
606106,CR-0000030509,1,0,0,0,Unknown,Other,07:12,4.0,3
606107,CR-0000030634,1,0,0,0,Unknown,Other,17:10,4.0,3
606108,CR-0000030559,0,0,0,0,Unknown,Rear End,15:40,4.0,5
606109,CR-0000030401,0,0,0,0,Violation Driver 1,Broadside,07:30,5.0,0
606110,CR-0000029354,0,0,0,0,Unknown,Other,00:03,4.0,3
606121,CR-0000030178,0,0,0,0,Unknown,Other,18:14,4.0,3
606122,CR-0000030695,0,0,0,0,Unknown,Other,20:28,4.0,3