CrashFactId,Name,MinorInjuries,ModerateInjuries,SevereInjuries,FatalInjuries,PrimaryCollisionFactor,CollisionType,CrashTime,PrimaryCollisionFactor_Code,CollisionType_Code
607476,CR-0000072252,1,1,0,0,Violation Driver 1,Vehicle/Pedestrian,14:32,5.0,8
607477,CR-0000072237,0,0,0,0,Violation Driver 1,Broadside,07:56,5.0,0
607478,CR-0000045881,1,0,0,0,Unknown,Other,08:00,4.0,3
607479,CR-0000046162,0,0,0,0,Unknown,Other,07:38,4.0,3
607483,CR-0000072143,0,0,0,0,Violation Driver 1,Rear End,11:48,5.0,5
607484,CR-0000038629,1,0,0,0,Violation Driver 1,Other,11:00,5.0,3
607485,CR-0000038628,0,1,0,0,Violation Driver 1,Broadside,11:40,5.0,0
607486,CR-0000053766,1,1,0,0,Violation Driver 1,Broadside,10:00,5.0,0
607487,CR-0000048700,1,2,0,0,Violation Driver 1,Head On,10:34,5.0,1
607488,CR-0000054271,0,1,0,0,Violation Driver 1,Broadside,16:07,5.0,0
607489,CR-0000054012,0,0,0,0,Violation Driver 1,Broadside,04:26,5.0,0
607490,CR-0000054010,0,0,0,0,Unknown,Other,22:30,4.0,3
607491,CR-0000044458,0,0,0,0,Violation Driver 1,Rear End,21:24,5.0,5
607492,CR-0000045986,1,0,0,0,Unknown,Broadside,11:25,4.0,0
607497,CR-0000049087,1,0,0,0,Violation Driver 1,Other,22:24,5.0,3
607502,CR-0000030517,1,0,0,0,Unknown,Other,18:43,4.0,3
607503,CR-0000030542,0,0,0,0,Unknown,Other,16:20,4.0,3
607505,CR-0000076725,0,0,0,0,Violation Driver 1,Broadside,06:00,5.0,0
607506,CR-0000076707,0,0,0,0,Violation Driver 1,Rear End,10:30,5.0,5
607507,CR-0000076846,1,0,0,0,Violation Driver 1,Rear End,16:36,5.0,5
607508,CR-0000076837,0,0,0,0,Violation Driver 2,Broadside,05:35,6.0,0
607509,CR-0000076830,1,0,0,0,Pedestrian At Fault,Vehicle/Pedestrian,19:00,3.0,8
607510,CR-0000076642,0,0,0,0,Violation Driver 1,Rear End,16:08,5.0,5
607511,CR-0000053856,0,1,0,0,Unknown,Other,17:30,4.0,3
607512,CR-0000049219,2,0,0,0,Violation Driver 1,Broadside,20:00,5.0,0
607513,CR-0000049217,0,0,0,0,Violation Driver 1,Rear End,17:17,5.0,5
607514,CR-0000048902,1,0,0,0,Violation Driver 1,Broadside,13:32,5.0,0
607515,CR-0000054088,0,0,0,0,Violation Driver 1,Rear End,17:51,5.0,5
607516,CR-0000055166,0,0,0,0,Violation Driver 1,Rear End,22:47,5.0,5
607517,CR-0000061831,0,0,0,0,Unknown,Rear End,19:54,4.0,5
607518,CR-0000061816,0,0,0,0,Unknown,Sideswipe,11:45,4.0,6
607524,CR-0000030212,0,0,0,0,Unknown,Other,18:40,4.0,3
607526,CR-0000038419,0,1,0,0,Violation Driver 1,Broadside,23:12,5.0,0
607527,CR-0000038472,0,0,0,0,Violation Driver 1,Other,00:24,5.0,3
607537,CR-0000030157,1,0,0,0,Violation Driver 1,Rear End,11:40,5.0,5
607539,CR-0000043451,0,1,0,0,Violation Driver 1,Other,22:20,5.0,3
607540,CR-0000048748,2,0,0,0,Violation Driver 1,Broadside,16:00,5.0,0
607541,CR-0000053414,1,0,0,0,Violation Driver 1,Head On,19:15,5.0,1
607542,CR-0000056122,2,0,0,0,Violation Driver 1,Head On,16:17,5.0,1
607543,CR-0000046428,0,0,0,0,Violation Driver 1,Other,01:00,5.0,3
607544,CR-0000046414,0,0,0,0,Violation Driver 1,Other,12:23,5.0,3
607545,CR-0000046403,0,0,0,0,Violation Driver 1,Other,22:25,5.0,3
607546,CR-0000048871,1,0,0,0,Unknown,Broadside,06:15,4.0,0
607547,CR-0000048869,0,0,0,0,Violation Driver 1,Broadside,01:37,5.0,0
607548,CR-0000056384,1,0,0,0,Violation Driver 1,Broadside,15:16,5.0,0
607549,CR-0000043640,0,0,0,0,Unknown,Other,04:00,4.0,3
607550,CR-0000054504,0,0,0,0,Violation Driver 1,Rear End,01:45,5.0,5
607551,CR-0000053641,2,1,0,0,Violation Driver 1,Other,15:16,5.0,3
607552,CR-0000053796,0,0,0,0,Unknown,Other,08:20,4.0,3
607553,CR-0000054058,0,0,0,0,Violation Driver 1,Head On,02:03,5.0,1
607554,CR-0000030560,0,0,0,0,Unknown,Other,15:15,4.0,3
607555,CR-0000060720,0,0,1,0,Violation Driver 1,Broadside,06:52,5.0,0
607556,CR-0000072268,0,0,0,0,Violation Driver 1,Head On,07:00,5.0,1
607557,CR-0000072220,0,0,0,0,Violation Driver 1,Sideswipe,13:45,5.0,6
607558,CR-0000072101,0,0,1,0,Violation Driver 1,Vehicle/Pedestrian,20:01,5.0,8
607559,CR-0000072092,0,0,0,0,Violation Driver 1,Head On,17:46,5.0,1
607560,CR-0000072041,0,1,0,0,Violation Driver 1,Broadside,13:13,5.0,0
607564,CR-0000045801,1,0,0,0,Bike At Fault,Other,06:56,0.0,3
607565,CR-0000045787,1,0,0,0,Unknown,Other,10:00,4.0,3
607566,CR-0000045750,1,1,0,0,Unknown,Broadside,07:22,4.0,0
607567,CR-0000061652,0,0,0,0,Unknown,Rear End,08:20,4.0,5
607569,CR-0000072037,3,0,0,0,Violation Driver 1,Broadside,05:06,5.0,0
607572,CR-0000029086,1,0,0,0,Violation Driver 1,Sideswipe,12:39,5.0,6
607575,CR-0000038453,0,0,0,0,Violation Driver 1,Other,03:30,5.0,3
607576,CR-0000076994,0,1,0,0,Pedestrian At Fault,Vehicle/Pedestrian,20:13,3.0,8
607577,CR-0000076975,0,0,0,0,Violation Driver 1,Broadside,06:00,5.0,0
607578,CR-0000076469,1,0,0,0,Violation Driver 1,Rear End,19:30,5.0,5
607580,CR-0000029084,1,0,0,0,Unknown,Other,06:35,4.0,3
607581,CR-0000030213,0,0,0,0,Unknown,Rear End,10:48,4.0,5
607582,CR-0000029205,1,0,0,0,Unknown,Rear End,18:26,4.0,5
607583,CR-0000038636,1,0,0,0,Violation Driver 1,Rear End,17:38,5.0,5
607584,CR-0000038630,0,0,0,0,Violation Driver 1,Other,17:04,5.0,3
607585,CR-0000072015,1,0,0,0,Violation Driver 1,Broadside,20:17,5.0,0
607586,CR-0000072288,0,0,0,0,Violation Driver 1,Sideswipe,03:58,5.0,6
607587,CR-0000072277,0,0,0,0,Violation Driver 1,Rear End,02:04,5.0,5
607588,CR-0000072273,0,0,0,0,Violation Driver 1,Rear End,22:08,5.0,5
607589,CR-0000054118,1,0,0,0,Violation Driver 1,Other,16:35,5.0,3
607593,CR-0000049244,0,0,0,0,Unknown,Rear End,17:30,4.0,5
607594,CR-0000043908,0,0,0,0,Violation Driver 1,Other,16:40,5.0,3
607595,CR-0000049081,0,0,0,0,Unknown,Other,21:00,4.0,3
607596,CR-0000048896,0,0,0,0,Violation Driver 1,Other,03:07,5.0,3
607597,CR-0000048889,0,0,0,0,Violation Driver 1,Broadside,16:53,5.0,0
607598,CR-0000048877,1,0,0,0,Violation Driver 1,Sideswipe,21:07,5.0,6
607599,CR-0000049058,1,0,0,0,Unknown,Rear End,14:30,4.0,5
607603,CR-0000072243,0,0,0,0,Violation Driver 2,Hit Object,14:06,6.0,2
607604,CR-0000078865,0,0,0,0,Violation Driver 2,Broadside,19:23,6.0,0
607605,CR-0000078849,0,1,0,0,Violation Driver 1,Rear End,02:32,5.0,5
607606,CR-0000076693,0,0,0,0,Violation Driver 1,Head On,02:38,5.0,1
607607,CR-0000076741,1,0,0,0,Violation Driver 1,Broadside,07:55,5.0,0
607608,CR-0000076726,2,0,0,0,Violation Driver 1,Rear End,08:35,5.0,5
607609,CR-0000076650,0,0,0,0,Violation Driver 1,Hit Object,09:04,5.0,2
607610,CR-0000076625,1,0,0,0,Violation Driver 1,Broadside,07:00,5.0,0
607611,CR-0000044474,1,0,0,0,Bike At Fault,Other,14:42,0.0,3
607612,CR-0000045985,2,0,0,0,Violation Driver 1,Rear End,08:23,5.0,5
607619,CR-0000049251,0,1,0,0,Violation Driver 1,Other,10:17,5.0,3
607620,CR-0000045817,0,0,0,0,Unknown,Broadside,12:00,4.0,0
607621,CR-0000048668,0,0,0,0,Unknown,Head On,14:03,4.0,1
607622,CR-0000049220,0,0,0,0,Violation Driver 1,Other,23:55,5.0,3
607623,CR-0000061634,0,0,0,0,Unknown,Broadside,09:30,4.0,0
607626,CR-0000072241,0,0,0,0,Violation Driver 1,Rear End,14:00,5.0,5
607631,CR-0000029588,0,0,0,0,Unknown,Other,11:30,4.0,3
607633,CR-0000038422,1,0,0,0,Unknown,Other,19:05,4.0,3
607634,CR-0000038752,1,0,0,0,Unknown,Other,06:30,4.0,3
607635,CR-0000038204,0,0,0,0,Violation Driver 1,Other,00:00,5.0,3
607636,CR-0000056393,0,0,0,0,Unknown,Sideswipe,03:00,4.0,6
607637,CR-0000056379,0,0,0,0,Violation Driver 1,Sideswipe,02:41,5.0,6
607638,CR-0000072223,1,0,0,0,Violation Driver 1,Broadside,14:10,5.0,0
607639,CR-0000072022,1,0,0,0,Violation Driver 1,Rear End,17:48,5.0,5
607640,CR-0000072011,2,0,0,0,Violation Driver 1,Broadside,09:32,5.0,0
607641,CR-0000038457,1,1,0,0,Violation Driver 1,Broadside,08:20,5.0,0
607642,CR-0000038455,0,1,0,0,Violation Driver 1,Rear End,11:58,5.0,5
607643,CR-0000038548,0,0,0,0,Violation Driver 1,Head On,06:57,5.0,1
607644,CR-0000053839,0,0,0,0,Unknown,Rear End,15:40,4.0,5
607645,CR-0000056593,0,0,0,0,Unknown,Broadside,07:45,4.0,0
607646,CR-0000044418,0,0,0,1,Unknown,Rear End,20:55,4.0,5
607647,CR-0000054055,0,0,0,0,Unknown,Head On,06:00,4.0,1
607648,CR-0000072004,0,1,0,0,Violation Driver 1,Rear End,01:49,5.0,5
607649,CR-0000072286,1,0,0,0,Violation Driver 1,Sideswipe,12:44,5.0,6
607650,CR-0000044359,0,0,0,0,Unknown,Broadside,07:40,4.0,0
607651,CR-0000048604,0,0,0,0,Violation Driver 1,Rear End,16:16,5.0,5
607652,CR-0000056287,0,0,0,0,Violation Driver 1,Sideswipe,19:52,5.0,6
607654,CR-0000030567,0,1,0,0,Unknown,Head On,14:31,4.0,1
607655,CR-0000045846,0,0,0,0,Violation Driver 1,Sideswipe,20:12,5.0,6
607656,CR-0000049243,0,0,0,0,Unknown,Other,19:00,4.0,3
607660,CR-0000030519,0,0,0,0,Unknown,Other,15:20,4.0,3
607662,CR-0000030238,0,0,0,0,Unknown,Sideswipe,08:30,4.0,6
607663,CR-0000053728,0,0,0,0,Parked/Rolling,Sideswipe,04:37,,6
607664,CR-0000048734,2,0,0,0,Unknown,Head On,14:57,4.0,1
607665,CR-0000043576,0,0,0,0,Unknown,Rear End,09:00,4.0,5
607666,CR-0000054089,1,0,0,0,Violation Driver 1,Rear End,18:00,5.0,5
607667,CR-0000049057,0,0,0,0,Unknown,Other,09:00,4.0,3
607669,CR-0000076460,0,1,0,0,Violation Driver 1,Vehicle/Bike,17:06,5.0,7
607671,CR-0000030136,0,0,0,0,Unknown,Sideswipe,19:44,4.0,6
607672,CR-0000030485,0,0,0,0,Unknown,Sideswipe,20:08,4.0,6
607678,CR-0000029435,1,0,0,0,Unknown,Rear End,18:06,4.0,5
607679,CR-0000028978,0,0,0,0,Unknown,Other,23:00,4.0,3
607684,CR-0000056271,0,0,0,0,Violation Driver 1,Sideswipe,02:15,5.0,6
607685,CR-0000045902,1,0,0,0,Violation Driver 1,Broadside,18:03,5.0,0
607686,CR-0000045517,2,0,0,0,Violation Driver 1,Broadside,22:50,5.0,0
607687,CR-0000072337,0,0,0,0,Violation Driver 2,Sideswipe,13:00,6.0,6
607688,CR-0000077477,0,0,0,0,Violation Driver 1,Head On,21:20,5.0,1
607689,CR-0000038420,0,1,0,0,Bike At Fault,Other,07:50,0.0,3
607690,CR-0000038412,1,0,0,0,Violation Driver 1,Other,20:56,5.0,3
607691,CR-0000077066,0,0,0,0,Violation Driver 1,Rear End,21:23,5.0,5
607692,CR-0000076568,2,0,0,0,Violation Driver 1,Head On,07:00,5.0,1
607693,CR-0000076894,0,0,0,0,Violation Driver 1,Sideswipe,20:55,5.0,6
607694,CR-0000076891,1,0,0,0,Violation Driver 1,Rear End,18:06,5.0,5
607695,CR-0000078524,1,0,0,0,Violation Driver 1,Rear End,11:40,5.0,5
607696,CR-0000076496,1,0,3,0,Violation Driver 1,Broadside,11:23,5.0,0
607697,CR-0000076485,0,0,0,0,Violation Driver 1,Sideswipe,21:30,5.0,6
607698,CR-0000049000,1,0,0,0,Violation Driver 1,Rear End,09:26,5.0,5
607699,CR-0000072236,1,0,0,0,Bike At Fault,Vehicle/Bike,07:55,0.0,7
607700,CR-0000072232,0,0,0,0,Violation Driver 1,Sideswipe,21:41,5.0,6
607701,CR-0000072039,0,1,0,0,Violation Driver 1,Vehicle/Bike,11:00,5.0,7
607702,CR-0000072017,0,1,0,0,Violation Driver 1,Vehicle/Pedestrian,21:00,5.0,8
607703,CR-0000072013,0,0,0,0,Violation Driver 1,Rear End,18:33,5.0,5
607705,CR-0000030524,1,0,0,0,Violation Driver 1,Head On,13:29,5.0,1
607706,CR-0000076960,1,0,0,0,Violation Driver 1,Broadside,18:45,5.0,0
607707,CR-0000077275,1,0,0,0,Violation Driver 1,Head On,04:59,5.0,1
607708,CR-0000076757,0,0,0,0,Violation Driver 1,Broadside,18:00,5.0,0
607709,CR-0000076556,0,0,0,0,Violation Driver 1,Vehicle/Pedestrian,14:30,5.0,8
607710,CR-0000056288,1,0,0,0,Violation Driver 1,Broadside,21:11,5.0,0
607711,CR-0000046194,0,1,0,0,Violation Driver 1,Other,08:15,5.0,3
607712,CR-0000053362,1,0,0,0,Violation Driver 1,Broadside,07:53,5.0,0
607714,CR-0000030394,0,0,0,0,Violation Driver 1,Other,17:15,5.0,3
607716,CR-0000030469,1,0,0,0,Unknown,Broadside,09:01,4.0,0
607718,CR-0000029305,0,0,0,0,Unknown,Other,00:19,4.0,3
607719,CR-0000072009,1,0,0,0,Violation Driver 1,Broadside,13:07,5.0,0
607720,CR-0000056270,0,0,0,0,Unknown,Sideswipe,06:00,4.0,6
607721,CR-0000056269,0,0,0,0,Unknown,Sideswipe,07:21,4.0,6
607722,CR-0000071849,0,0,0,0,Violation Driver 1,Sideswipe,17:06,5.0,6
607723,CR-0000077958,0,0,0,0,Violation Driver 1,Sideswipe,02:04,5.0,6
607724,CR-0000076838,0,0,0,0,Violation Driver 1,Rear End,20:34,5.0,5
607725,CR-0000030474,0,0,0,0,Unknown,Head On,18:00,4.0,1
607727,CR-0000072006,0,0,0,0,Violation Driver 1,Rear End,08:40,5.0,5
607728,CR-0000054129,0,0,0,0,Violation Driver 1,Sideswipe,21:09,5.0,6
607729,CR-0000053752,2,0,0,0,Violation Driver 1,Sideswipe,19:57,5.0,6
607730,CR-0000053418,0,0,0,0,Violation Driver 1,Other,00:38,5.0,3
607731,CR-0000056121,1,0,0,0,Violation Driver 1,Rear End,15:50,5.0,5
607732,CR-0000048717,0,1,0,0,Violation Driver 1,Broadside,07:58,5.0,0
607733,CR-0000076944,1,0,0,0,Violation Driver 1,Broadside,02:05,5.0,0
607734,CR-0000077041,1,0,0,0,Violation Driver 1,Rear End,02:02,5.0,5
607735,CR-0000077284,0,0,0,0,Violation Driver 1,Rear End,12:49,5.0,5
607736,CR-0000076790,1,0,0,0,Violation Driver 1,Rear End,14:36,5.0,5
607737,CR-0000077092,1,1,0,0,Violation Driver 1,Broadside,12:35,5.0,0
607738,CR-0000077075,0,3,0,0,Violation Driver 1,Broadside,11:21,5.0,0
607739,CR-0000076776,0,0,0,0,Violation Driver 1,Sideswipe,23:52,5.0,6
607740,CR-0000029303,1,0,0,0,Unknown,Rear End,09:30,4.0,5
607742,CR-0000030290,0,0,0,0,Unknown,Other,05:57,4.0,3
607747,CR-0000078526,0,1,0,0,Violation Driver 1,Broadside,19:02,5.0,0
607748,CR-0000048625,0,1,0,0,Bike At Fault,Other,18:46,0.0,3
607750,CR-0000030143,2,0,0,0,Unknown,Broadside,14:22,4.0,0
607751,CR-0000048878,1,0,0,0,Violation Driver 1,Head On,21:09,5.0,1
607754,CR-0000077144,1,0,0,0,Violation Driver 1,Rear End,06:01,5.0,5
607755,CR-0000076910,1,0,0,0,Violation Driver 1,Broadside,15:37,5.0,0
607756,CR-0000076453,1,0,0,0,Violation Driver 1,Sideswipe,19:17,5.0,6
607757,CR-0000077302,0,0,0,0,Violation Driver 1,Rear End,22:39,5.0,5
607758,CR-0000077276,0,0,0,0,Violation Driver 1,Broadside,08:29,5.0,0
607759,CR-0000072218,0,0,1,0,Violation Driver 1,Broadside,10:59,5.0,0
607760,CR-0000072209,1,0,0,0,Violation Driver 1,Rear End,07:46,5.0,5
607761,CR-0000072051,3,0,0,0,Violation Driver 1,Rear End,18:50,5.0,5
607762,CR-0000072025,0,0,0,0,Violation Driver 1,Sideswipe,22:30,5.0,6
607763,CR-0000072270,0,0,0,0,Violation Driver 1,Broadside,12:10,5.0,0
607764,CR-0000054371,1,0,0,0,Bike At Fault,Other,19:36,0.0,3
607765,CR-0000048636,1,0,0,0,Violation Driver 1,Rear End,16:29,5.0,5
607766,CR-0000043589,0,1,0,0,Violation Driver 1,Other,23:15,5.0,3
607767,CR-0000038644,1,0,0,0,Violation Driver 1,Broadside,19:32,5.0,0
607768,CR-0000038643,0,0,0,0,Violation Driver 1,Rear End,14:40,5.0,5
607769,CR-0000038518,0,0,0,0,Violation Driver 1,Other,12:40,5.0,3
607770,CR-0000043849,1,0,0,0,Violation Driver 1,Rear End,14:10,5.0,5
607771,CR-0000053903,0,0,0,0,Violation Driver 1,Rear End,02:15,5.0,5
607772,CR-0000044465,0,0,0,0,Unknown,Rear End,10:20,4.0,5
607773,CR-0000043899,0,0,0,0,Unknown,Head On,12:00,4.0,1
607774,CR-0000043888,3,0,0,0,Violation Driver 1,Rear End,08:51,5.0,5
607775,CR-0000046011,0,0,0,0,Violation Driver 1,Other,15:42,5.0,3
607776,CR-0000046009,2,0,0,0,Violation Driver 1,Rear End,08:24,5.0,5
607778,CR-0000029947,1,0,0,0,Violation Driver 1,Other,10:10,5.0,3
607779,CR-0000030317,0,0,0,0,Unknown,Sideswipe,21:12,4.0,6
607781,CR-0000030349,0,0,0,0,Unknown,Rear End,19:55,4.0,5
607784,CR-0000048610,4,1,0,0,Unknown,Broadside,14:40,4.0,0
607785,CR-0000048609,0,0,0,0,Violation Driver 1,Broadside,01:30,5.0,0
607786,CR-0000048728,0,0,0,0,Unknown,Other,07:55,4.0,3
607787,CR-0000048723,0,0,0,0,Violation Driver 1,Other,14:18,5.0,3
607788,CR-0000045870,0,0,0,0,Violation Driver 1,Other,06:17,5.0,3
607789,CR-0000046477,1,0,0,0,Violation Driver 1,Rear End,21:12,5.0,5
607790,CR-0000038120,0,0,0,0,Violation Driver 1,Other,17:15,5.0,3
607791,CR-0000048967,0,0,0,0,Violation Driver 1,Other,02:55,5.0,3
607792,CR-0000038184,1,0,0,0,Violation Driver 1,Rear End,08:56,5.0,5
607793,CR-0000038611,2,0,0,0,Violation Driver 1,Rear End,18:03,5.0,5
607794,CR-0000038510,0,0,0,0,Violation Driver 1,Sideswipe,10:45,5.0,6
607795,CR-0000038589,0,0,0,0,Violation Driver 1,Other,18:30,5.0,3
607796,CR-0000038587,0,0,0,0,Violation Driver 1,Other,21:00,5.0,3
607797,CR-0000038505,0,0,0,0,Violation Driver 1,Other,02:32,5.0,3
607798,CR-0000038689,0,0,0,0,Unknown,Rear End,13:19,4.0,5
607799,CR-0000038429,0,0,0,0,Unknown,Other,22:00,4.0,3
607800,CR-0000038541,2,0,0,0,Violation Driver 1,Rear End,15:23,5.0,5
607801,CR-0000038571,0,0,0,0,Violation Driver 1,Rear End,22:28,5.0,5
607802,CR-0000038554,0,0,0,0,Unknown,Other,20:12,4.0,3
607803,CR-0000038154,0,0,0,0,Violation Driver 1,Other,19:54,5.0,3
607804,CR-0000056402,0,0,0,0,Violation Driver 1,Rear End,15:56,5.0,5
607805,CR-0000053999,1,0,0,0,Violation Driver 1,Broadside,11:10,5.0,0
607806,CR-0000055201,3,0,0,0,Violation Driver 1,Other,17:52,5.0,3
607807,CR-0000044449,0,0,0,0,Violation Driver 1,Other,00:47,5.0,3
607808,CR-0000056583,0,0,0,0,Violation Driver 1,Rear End,02:06,5.0,5
607809,CR-0000056568,0,0,0,0,Violation Driver 1,Rear End,22:00,5.0,5
607810,CR-0000054054,0,0,0,0,Violation Driver 1,Other,14:50,5.0,3
607811,CR-0000045838,1,0,0,0,Violation Driver 1,Broadside,13:39,5.0,0
607819,CR-0000045749,0,0,0,0,Violation Driver 1,Rear End,04:35,5.0,5
607820,CR-0000049102,1,0,0,0,Unknown,Other,18:00,4.0,3
607827,CR-0000048972,0,0,0,0,Other Than Driver,Other,17:05,2.0,3
607828,CR-0000048968,0,0,0,0,Violation Driver 1,Other,04:19,5.0,3
607829,CR-0000054388,0,0,0,0,Unknown,Head On,17:50,4.0,1
607830,CR-0000044370,0,0,0,0,Violation Driver 1,Rear End,06:37,5.0,5
607831,CR-0000076511,1,0,0,0,Violation Driver 1,Broadside,16:29,5.0,0
607832,CR-0000076408,4,0,0,0,Violation Driver 1,Rear End,08:23,5.0,5
607836,CR-0000048860,0,0,0,0,Unknown,Other,08:15,4.0,3
607837,CR-0000053902,0,0,0,0,Violation Driver 1,Other,00:37,5.0,3
607838,CR-0000043766,0,1,0,0,Violation Driver 1,Other,20:45,5.0,3
607839,CR-0000045819,0,0,0,0,Unknown,Other,18:30,4.0,3
607840,CR-0000076679,0,1,0,0,Violation Driver 1,Rear End,08:19,5.0,5
607841,CR-0000076845,0,0,0,0,Bike At Fault,Vehicle/Bike,12:50,0.0,7
607846,CR-0000029602,1,2,0,0,Violation Driver 1,Broadside,10:51,5.0,0
607850,CR-0000038550,1,0,0,0,Violation Driver 1,Other,05:30,5.0,3
607851,CR-0000053990,0,0,0,0,Unknown,Rear End,16:00,4.0,5
607852,CR-0000044431,0,0,0,0,Violation Driver 1,Other,19:56,5.0,3
607853,CR-0000053791,1,1,0,0,Violation Driver 1,Broadside,19:10,5.0,0
607854,CR-0000045768,0,0,0,0,Violation Driver 1,Rear End,07:55,5.0,5
607855,CR-0000045758,0,1,0,0,Unknown,Head On,11:20,4.0,1
607856,CR-0000043754,0,0,0,0,Violation Driver 1,Other,06:13,5.0,3
607857,CR-0000048689,1,0,0,0,Violation Driver 1,Head On,14:15,5.0,1
607858,CR-0000048676,1,0,0,0,Violation Driver 1,Other,21:40,5.0,3
607859,CR-0000055162,1,0,0,0,Violation Driver 1,Rear End,16:04,5.0,5
607860,CR-0000048659,0,0,0,0,Violation Driver 1,Head On,13:20,5.0,1
607861,CR-0000045685,1,0,0,0,Violation Driver 1,Other,12:27,5.0,3
607862,CR-0000078870,0,0,0,0,Other Improper Driving,Sideswipe,11:40,1.0,6
607863,CR-0000077190,0,1,0,0,Violation Driver 1,Rear End,15:30,5.0,5
607864,CR-0000077394,0,0,1,0,Violation Driver 1,Broadside,23:39,5.0,0
607865,CR-0000077375,0,0,0,0,Violation Driver 1,Rear End,14:35,5.0,5
607866,CR-0000071915,0,1,0,0,Violation Driver 1,Rear End,15:47,5.0,5
607867,CR-0000038448,2,0,0,0,Violation Driver 1,Rear End,21:22,5.0,5
607868,CR-0000038252,2,0,0,0,Violation Driver 1,Head On,11:46,5.0,1
607869,CR-0000076902,1,0,0,0,Violation Driver 1,Broadside,15:17,5.0,0
607870,CR-0000076857,0,0,0,0,Violation Driver 1,Head On,21:55,5.0,1
607871,CR-0000078506,0,0,0,0,Violation Driver 2,Sideswipe,21:02,6.0,6
607872,CR-0000054369,1,0,0,0,Violation Driver 1,Rear End,15:00,5.0,5
607873,CR-0000054125,0,0,0,0,Unknown,Sideswipe,13:55,4.0,6
607874,CR-0000048712,0,0,0,0,Unknown,Rear End,13:55,4.0,5
607875,CR-0000054107,1,0,0,0,Unknown,Head On,19:56,4.0,1
607876,CR-0000054106,1,0,0,0,Bike At Fault,Other,13:54,0.0,3
607877,CR-0000038414,0,0,0,0,Violation Driver 1,Rear End,17:32,5.0,5
607878,CR-0000038466,0,0,0,0,Violation Driver 1,Head On,21:15,5.0,1
607879,CR-0000038304,2,0,0,0,Violation Driver 1,Other,01:50,5.0,3
607880,CR-0000038604,0,0,0,0,Violation Driver 1,Rear End,12:03,5.0,5
607881,CR-0000038166,0,0,1,0,Bike At Fault,Other,15:02,0.0,3
607882,CR-0000038218,0,0,0,0,Violation Driver 1,Other,15:10,5.0,3
607883,CR-0000038513,0,1,0,0,Violation Driver 1,Broadside,14:56,5.0,0
607884,CR-0000038750,1,0,0,0,Violation Driver 1,Other,14:30,5.0,3
607893,CR-0000038622,1,0,0,0,Violation Driver 1,Head On,19:25,5.0,1
607894,CR-0000038516,1,0,0,0,Violation Driver 1,Other,18:52,5.0,3
607895,CR-0000048873,0,0,0,0,Violation Driver 1,Rear End,10:40,5.0,5
607896,CR-0000056391,0,0,1,0,Violation Driver 1,Head On,23:03,5.0,1
607897,CR-0000048861,0,0,0,0,Unknown,Rear End,13:00,4.0,5
607898,CR-0000043612,0,0,0,0,Violation Driver 1,Other,09:55,5.0,3
607899,CR-0000044434,0,0,0,0,Violation Driver 1,Other,16:58,5.0,3
607900,CR-0000048682,0,0,0,0,Violation Driver 1,Rear End,01:10,5.0,5
607901,CR-0000048677,0,0,0,0,Violation Driver 1,Other,23:46,5.0,3
607902,CR-0000055157,0,0,0,0,Unknown,Rear End,09:35,4.0,5
607903,CR-0000038741,0,0,0,0,Violation Driver 1,Rear End,18:16,5.0,5
607904,CR-0000055196,1,0,0,0,Violation Driver 1,Other,07:28,5.0,3
607905,CR-0000043648,0,0,0,0,Violation Driver 1,Other,11:30,5.0,3
607906,CR-0000043626,0,0,0,0,Violation Driver 2,Other,02:35,6.0,3
607907,CR-0000043614,0,0,0,0,Violation Driver 1,Other,14:47,5.0,3
607908,CR-0000043572,1,0,0,0,Violation Driver 1,Rear End,16:30,5.0,5
607909,CR-0000056106,0,0,0,0,Other Than Driver,Other,13:02,2.0,3
607910,CR-0000043409,0,0,0,0,Unknown,Other,22:15,4.0,3
607911,CR-0000053371,0,0,0,0,Violation Driver 1,Broadside,00:45,5.0,0
607912,CR-0000054242,0,0,0,0,Unknown,Sideswipe,00:00,4.0,6
607913,CR-0000077461,0,0,0,0,Violation Driver 1,Rear End,08:15,5.0,5
607914,CR-0000077376,0,0,0,0,Violation Driver 1,Sideswipe,16:15,5.0,6
607915,CR-0000071917,1,0,0,0,Violation Driver 1,Head On,22:23,5.0,1
607916,CR-0000076802,0,0,0,0,Violation Driver 1,Rear End,11:56,5.0,5
607917,CR-0000076800,2,0,0,0,Unknown,Sideswipe,07:49,4.0,6
607918,CR-0000077083,0,0,0,0,Violation Driver 1,Broadside,16:50,5.0,0
607919,CR-0000076760,1,0,0,0,Violation Driver 1,Vehicle/Bike,19:04,5.0,7
607920,CR-0000076890,2,0,0,0,Violation Driver 1,Head On,16:30,5.0,1
607921,CR-0000078542,0,0,0,0,Violation Driver 1,Broadside,14:43,5.0,0
607922,CR-0000076859,0,0,0,0,Other Improper Driving,Sideswipe,09:40,1.0,6
607923,CR-0000076480,0,0,0,0,Violation Driver 1,Broadside,16:28,5.0,0
607928,CR-0000030010,0,0,0,0,Unknown,Other,20:30,4.0,3
607929,CR-0000030351,0,0,0,0,Violation Driver 1,Sideswipe,02:19,5.0,6
607932,CR-0000038497,0,0,0,1,Unknown,Other,19:45,4.0,3