CrashFactId,Name,MinorInjuries,ModerateInjuries,SevereInjuries,FatalInjuries,PrimaryCollisionFactor,CollisionType,CrashTime,PrimaryCollisionFactor_Code,CollisionType_Code
607933,CR-0000038450,0,0,0,0,Violation Driver 1,Other,01:35,5.0,3
607934,CR-0000038437,0,0,0,0,Unknown,Other,18:57,4.0,3
607935,CR-0000038771,0,0,0,0,Violation Driver 1,Rear End,08:19,5.0,5
607936,CR-0000038614,0,0,0,0,Violation Driver 1,Rear End,09:24,5.0,5
607937,CR-0000038545,1,0,0,0,Unknown,Head On,09:45,4.0,1
607938,CR-0000038527,0,0,0,0,Unknown,Other,17:30,4.0,3
607939,CR-0000038525,0,0,0,0,Unknown,Other,16:00,4.0,3
607940,CR-0000048642,0,0,0,0,Violation Driver 1,Other,23:09,5.0,3
607941,CR-0000048616,0,0,0,0,Unknown,Rear End,07:50,4.0,5
607942,CR-0000053729,1,0,0,0,Pedestrian At Fault,Other,06:46,3.0,3
607943,CR-0000045869,0,0,0,0,Violation Driver 1,Broadside,05:34,5.0,0
607944,CR-0000045861,0,1,0,0,Violation Driver 1,Rear End,18:18,5.0,5
607945,CR-0000049077,0,0,0,0,Unknown,Sideswipe,17:45,4.0,6
607946,CR-0000049065,0,0,0,0,Violation Driver 1,Rear End,08:20,5.0,5
607947,CR-0000048894,0,0,0,0,Unknown,Other,22:30,4.0,3
607948,CR-0000055414,1,0,0,0,Violation Driver 1,Broadside,12:39,5.0,0
607949,CR-0000049101,1,0,0,0,Violation Driver 1,Other,19:28,5.0,3
607950,CR-0000049068,0,0,0,0,Violation Driver 1,Rear End,14:00,5.0,5
607951,CR-0000048887,1,0,0,0,Violation Driver 1,Sideswipe,14:55,5.0,6
607952,CR-0000049062,0,0,0,0,Violation Driver 1,Other,01:19,5.0,3
607953,CR-0000049060,0,0,0,0,Violation Driver 1,Other,00:05,5.0,3
607954,CR-0000054084,0,0,0,0,Unknown,Rear End,15:30,4.0,5
607955,CR-0000055178,0,0,0,0,Unknown,Sideswipe,20:15,4.0,6
607956,CR-0000055417,0,1,0,0,Violation Driver 1,Other,16:30,5.0,3
607957,CR-0000056387,0,0,0,0,Violation Driver 1,Other,19:08,5.0,3
607958,CR-0000056356,2,0,0,0,Violation Driver 1,Rear End,11:28,5.0,5
607959,CR-0000056573,0,0,0,0,Unknown,Rear End,21:55,4.0,5
607960,CR-0000048664,0,0,0,0,Unknown,Other,05:00,4.0,3
607961,CR-0000045708,1,0,0,0,Violation Driver 1,Other,23:00,5.0,3
607962,CR-0000048895,0,0,1,0,Violation Driver 1,Broadside,01:23,5.0,0
607963,CR-0000061765,0,0,0,0,Unknown,Rear End,22:15,4.0,5
607964,CR-0000038570,0,0,0,0,Violation Driver 1,Other,16:49,5.0,3
607965,CR-0000055194,0,0,0,0,Violation Driver 1,Sideswipe,06:05,5.0,6
607966,CR-0000056389,1,0,0,0,Violation Driver 1,Broadside,09:10,5.0,0
607967,CR-0000067341,0,1,0,0,Pedestrian At Fault,Vehicle/Pedestrian,08:11,3.0,8
607968,CR-0000067559,0,0,0,0,Violation Driver 1,Head On,01:47,5.0,1
607969,CR-0000067374,0,0,0,0,Violation Driver 1,Rear End,14:55,5.0,5
607970,CR-0000067423,1,0,0,0,Violation Driver 1,Rear End,14:09,5.0,5
607974,CR-0000056566,0,0,0,0,Violation Driver 1,Broadside,19:00,5.0,0
607975,CR-0000043772,1,0,0,0,Violation Driver 1,Broadside,09:04,5.0,0
607976,CR-0000049086,0,0,0,0,Violation Driver 1,Other,21:46,5.0,3
607977,CR-0000049216,0,0,0,0,Violation Driver 1,Head On,17:08,5.0,1
607978,CR-0000076377,0,0,0,0,Violation Driver 1,Sideswipe,13:04,5.0,6
607987,CR-0000076813,3,0,0,0,Violation Driver 1,Head On,19:24,5.0,1
607988,CR-0000076504,1,0,0,0,Violation Driver 1,Broadside,21:23,5.0,0
607989,CR-0000076706,1,0,0,0,Violation Driver 1,Broadside,09:40,5.0,0
607995,CR-0000077109,1,0,0,0,Violation Driver 1,Broadside,18:27,5.0,0
607996,CR-0000076461,0,0,0,0,Violation Driver 1,Head On,17:32,5.0,1
607997,CR-0000077093,1,0,0,0,Violation Driver 1,Rear End,12:42,5.0,5
607998,CR-0000076759,0,0,0,0,Violation Driver 1,Sideswipe,18:51,5.0,6
607999,CR-0000076875,0,0,0,0,Violation Driver 1,Broadside,01:12,5.0,0
608000,CR-0000076402,0,0,0,0,Violation Driver 1,Sideswipe,00:59,5.0,6
608001,CR-0000048739,0,0,0,0,Violation Driver 1,Rear End,00:05,5.0,5
608002,CR-0000061650,0,0,0,0,Unknown,Rear End,06:25,4.0,5
608003,CR-0000061832,0,0,0,0,Unknown,Rear End,17:50,4.0,5
608004,CR-0000061818,0,0,0,0,Unknown,Sideswipe,21:00,4.0,6
608007,CR-0000076363,1,0,0,0,Violation Driver 1,Vehicle/Bike,14:30,5.0,7
608008,CR-0000076788,1,0,0,0,Violation Driver 1,Rear End,10:09,5.0,5
608010,CR-0000029386,0,0,0,0,Unknown,Rear End,11:48,4.0,5
608015,CR-0000038500,0,0,0,1,Violation Driver 1,Broadside,14:08,5.0,0
608019,CR-0000029580,0,0,0,0,Unknown,Other,09:00,4.0,3
608020,CR-0000029575,0,0,0,0,Unknown,Rear End,10:05,4.0,5
608024,CR-0000048855,1,0,0,0,Violation Driver 1,Rear End,16:00,5.0,5
608025,CR-0000053604,3,1,0,0,Violation Driver 1,Other,07:28,5.0,3
608026,CR-0000053570,0,0,0,0,Violation Driver 1,Other,16:05,5.0,3
608027,CR-0000049085,1,0,0,0,Pedestrian At Fault,Other,19:26,3.0,3
608028,CR-0000049055,0,0,0,0,Violation Driver 1,Other,14:00,5.0,3
608033,CR-0000076952,0,1,0,0,Violation Driver 1,Sideswipe,20:43,5.0,6
608034,CR-0000076947,1,0,0,0,Violation Driver 1,Rear End,10:53,5.0,5
608035,CR-0000076938,0,0,0,0,Violation Driver 1,Rear End,17:45,5.0,5
608036,CR-0000076468,0,0,0,0,Violation Driver 1,Other,15:39,5.0,3
608037,CR-0000077270,0,0,0,0,Violation Driver 1,Sideswipe,10:30,5.0,6
608039,CR-0000029471,0,0,0,0,Unknown,Rear End,08:15,4.0,5
608044,CR-0000061850,0,0,0,0,Unknown,Rear End,21:10,4.0,5
608045,CR-0000061817,0,0,0,0,Unknown,Hit Object,21:39,4.0,2
608052,CR-0000067425,0,0,0,0,Violation Driver 1,Sideswipe,00:12,5.0,6
608053,CR-0000062188,0,0,0,0,Unknown,Head On,11:04,4.0,1
608056,CR-0000077147,0,0,0,0,Violation Driver 1,Head On,08:24,5.0,1
608057,CR-0000077106,2,0,0,0,Violation Driver 1,Head On,10:46,5.0,1
608058,CR-0000076876,0,0,0,0,Violation Driver 1,Sideswipe,09:14,5.0,6
608059,CR-0000046027,0,0,0,0,Unknown,Broadside,19:00,4.0,0
608060,CR-0000046029,0,0,0,0,Violation Driver 1,Rear End,00:22,5.0,5
608061,CR-0000048969,1,0,0,0,Unknown,Broadside,09:02,4.0,0
608062,CR-0000076843,0,1,0,0,Violation Driver 1,Rear End,17:54,5.0,5
608063,CR-0000048875,1,0,0,0,Violation Driver 1,Rear End,18:59,5.0,5
608064,CR-0000053962,0,0,0,0,Violation Driver 1,Sideswipe,22:47,5.0,6
608065,CR-0000048866,0,0,0,0,Violation Driver 1,Rear End,00:43,5.0,5
608066,CR-0000045783,0,0,0,0,Violation Driver 1,Other,00:27,5.0,3
608067,CR-0000043759,1,0,0,0,Violation Driver 1,Other,12:18,5.0,3
608068,CR-0000055158,1,0,0,0,Violation Driver 1,Head On,09:18,5.0,1
608069,CR-0000048662,0,0,0,0,Unknown,Rear End,14:44,4.0,5
608070,CR-0000049211,1,0,0,0,Violation Driver 1,Other,15:50,5.0,3
608079,CR-0000056375,1,0,0,0,Violation Driver 1,Broadside,07:05,5.0,0
608080,CR-0000056373,0,0,0,0,Violation Driver 1,Rear End,03:32,5.0,5
608081,CR-0000054061,1,0,0,0,Violation Driver 1,Head On,08:47,5.0,1
608082,CR-0000049239,2,0,0,0,Violation Driver 1,Broadside,22:17,5.0,0
608083,CR-0000049227,1,0,0,0,Violation Driver 1,Broadside,08:51,5.0,0
608084,CR-0000048900,0,0,0,0,Violation Driver 1,Other,10:44,5.0,3
608085,CR-0000049075,0,0,0,0,Violation Driver 1,Sideswipe,18:22,5.0,6
608086,CR-0000061651,0,0,0,0,Unknown,Rear End,09:03,4.0,5
608087,CR-0000048901,0,0,0,0,Violation Driver 1,Other,02:59,5.0,3
608088,CR-0000055184,1,0,0,0,Violation Driver 1,Rear End,11:39,5.0,5
608089,CR-0000076681,0,0,0,0,Violation Driver 1,Broadside,19:30,5.0,0
608090,CR-0000076713,3,0,0,0,Violation Driver 1,Broadside,18:27,5.0,0
608091,CR-0000076712,0,1,0,0,Violation Driver 1,Vehicle/Pedestrian,08:50,5.0,8
608092,CR-0000038484,2,0,0,0,Violation Driver 1,Head On,21:41,5.0,1
608094,CR-0000029573,0,0,0,0,Unknown,Broadside,16:20,4.0,0
608097,CR-0000029762,0,0,0,0,Violation Driver 2,Rear End,00:00,6.0,5
608099,CR-0000029500,0,0,0,0,Unknown,Rear End,15:30,4.0,5
608120,CR-0000029695,0,0,0,0,Unknown,Broadside,11:50,4.0,0
608122,CR-0000029466,0,0,0,0,Unknown,Rear End,14:07,4.0,5
608123,CR-0000029713,2,0,0,0,Unknown,Broadside,21:25,4.0,0
608125,CR-0000076781,0,0,0,0,Violation Driver 1,Rear End,18:55,5.0,5
608128,CR-0000029770,1,0,0,0,Unknown,Rear End,19:17,4.0,5
608130,CR-0000029725,0,0,0,0,Violation Driver 1,Broadside,07:59,5.0,0
608131,CR-0000029837,0,0,0,0,Unknown,Other,09:26,4.0,3
608132,CR-0000029804,0,0,0,0,Unknown,Other,11:19,4.0,3
608141,CR-0000077259,1,0,0,0,Violation Driver 1,Rear End,19:14,5.0,5
608142,CR-0000077076,0,1,0,0,Violation Driver 1,Other,16:53,5.0,3
608143,CR-0000048650,0,0,0,0,Violation Driver 1,Sideswipe,13:23,5.0,6
608144,CR-0000048630,1,0,0,0,Violation Driver 1,Broadside,09:55,5.0,0
608145,CR-0000053705,1,0,0,0,Bike At Fault,Other,19:23,0.0,3
608146,CR-0000055718,1,0,0,0,Violation Driver 1,Rear End,13:45,5.0,5
608147,CR-0000029639,0,0,0,0,Unknown,Other,08:17,4.0,3
608148,CR-0000029635,1,0,0,0,Unknown,Other,08:06,4.0,3
608151,CR-0000029450,1,0,0,0,Unknown,Other,05:11,4.0,3
608152,CR-0000029020,0,0,0,0,Unknown,Other,19:10,4.0,3
608155,CR-0000044456,0,0,0,0,Violation Driver 1,Other,17:10,5.0,3
608156,CR-0000045901,0,0,0,0,Violation Driver 1,Rear End,17:44,5.0,5
608165,CR-0000045879,0,0,0,0,Violation Driver 1,Other,15:55,5.0,3
608166,CR-0000045977,0,0,0,0,Violation Driver 1,Rear End,14:14,5.0,5
608167,CR-0000045962,2,0,0,0,Violation Driver 1,Rear End,15:05,5.0,5
608168,CR-0000046019,0,0,0,0,Violation Driver 1,Head On,14:33,5.0,1
608176,CR-0000048979,0,1,0,0,Violation Driver 1,Other,00:13,5.0,3
608177,CR-0000078857,1,0,0,0,Violation Driver 1,Rear End,19:38,5.0,5
608178,CR-0000078850,0,0,0,0,Violation Driver 1,Sideswipe,06:32,5.0,6
608179,CR-0000075970,3,0,0,0,Violation Driver 1,Broadside,13:03,5.0,0
608180,CR-0000077166,1,0,0,0,Violation Driver 1,Sideswipe,15:56,5.0,6
608181,CR-0000077159,0,0,0,0,Violation Driver 1,Rear End,19:09,5.0,5
608182,CR-0000038736,0,0,0,0,Violation Driver 1,Rear End,17:22,5.0,5
608185,CR-0000043565,0,0,0,0,Violation Driver 1,Broadside,09:08,5.0,0
608186,CR-0000054017,0,0,0,0,Violation Driver 1,Rear End,14:31,5.0,5
608187,CR-0000056268,0,0,0,0,Unknown,Sideswipe,20:15,4.0,6
608188,CR-0000043875,1,0,0,0,Violation Driver 1,Other,16:50,5.0,3
608189,CR-0000048970,0,0,0,0,Violation Driver 1,Other,09:45,5.0,3
608192,CR-0000048612,1,0,0,0,Violation Driver 1,Other,18:58,5.0,3
608193,CR-0000054044,2,0,0,0,Violation Driver 1,Rear End,09:35,5.0,5
608194,CR-0000054042,0,0,0,0,Unknown,Rear End,16:00,4.0,5
608195,CR-0000054023,0,1,0,0,Violation Driver 1,Sideswipe,18:16,5.0,6
608196,CR-0000056292,0,0,0,0,Unknown,Other,00:00,4.0,3
608197,CR-0000054014,0,1,0,0,Violation Driver 1,Broadside,08:55,5.0,0
608198,CR-0000044461,0,0,0,0,Unknown,Other,22:27,4.0,3
608199,CR-0000046171,0,1,0,0,Violation Driver 1,Other,07:57,5.0,3
608204,CR-0000048886,0,0,0,0,Violation Driver 1,Head On,13:29,5.0,1
608205,CR-0000067558,0,0,0,0,Violation Driver 1,Rear End,03:17,5.0,5
608208,CR-0000077127,0,0,0,0,Violation Driver 1,Rear End,09:20,5.0,5
608209,CR-0000077277,1,0,0,0,Violation Driver 1,Rear End,10:20,5.0,5
608221,CR-0000029572,0,0,0,0,Unknown,Other,08:54,4.0,3
608222,CR-0000076470,1,0,2,0,Violation Driver 1,Broadside,19:57,5.0,0
608223,CR-0000076558,3,0,0,0,Violation Driver 1,Broadside,10:20,5.0,0
608224,CR-0000048644,0,0,0,0,Violation Driver 1,Rear End,00:21,5.0,5
608225,CR-0000045550,0,0,0,0,Violation Driver 1,Other,00:01,5.0,3
608226,CR-0000078833,0,0,0,0,Violation Driver 1,Sideswipe,09:32,5.0,6
608227,CR-0000038443,1,0,0,0,Violation Driver 1,Rear End,23:29,5.0,5
608228,CR-0000029604,0,0,0,0,Unknown,Other,11:00,4.0,3
608232,CR-0000077094,0,0,0,0,Violation Driver 1,Broadside,13:11,5.0,0
608233,CR-0000076874,0,0,0,0,Violation Driver 1,Head On,00:48,5.0,1
608234,CR-0000076477,0,0,0,0,Violation Driver 1,Broadside,23:20,5.0,0
608235,CR-0000048546,1,0,0,0,Violation Driver 1,Broadside,17:26,5.0,0
608237,CR-0000054032,1,1,0,0,Violation Driver 1,Broadside,02:53,5.0,0
608238,CR-0000056283,0,0,0,0,Violation Driver 1,Rear End,16:59,5.0,5
608241,CR-0000029075,0,0,0,0,Unknown,Sideswipe,12:55,4.0,6
608242,CR-0000029483,0,0,0,0,Unknown,Rear End,13:30,4.0,5
608243,CR-0000029904,0,1,0,0,Violation Driver 1,Other,16:36,5.0,3
608251,CR-0000078539,0,0,0,0,Violation Driver 1,Sideswipe,11:00,5.0,6
608252,CR-0000054364,0,0,0,0,Violation Driver 1,Sideswipe,09:46,5.0,6
608253,CR-0000054079,0,0,0,0,Violation Driver 1,Rear End,22:01,5.0,5
608254,CR-0000077151,2,0,0,0,Violation Driver 1,Rear End,20:34,5.0,5
608255,CR-0000077135,0,0,0,0,Violation Driver 1,Head On,17:06,5.0,1
608256,CR-0000075820,1,0,0,0,Violation Driver 1,Head On,16:05,5.0,1
608258,CR-0000029755,0,0,0,0,Violation Driver 1,Head On,11:39,5.0,1
608260,CR-0000029838,0,0,0,0,Unknown,Rear End,11:00,4.0,5
608265,CR-0000054366,1,0,0,0,Bike At Fault,Other,11:05,0.0,3
608266,CR-0000048545,0,0,0,0,Violation Driver 1,Rear End,14:42,5.0,5
608267,CR-0000048993,0,0,0,0,Violation Driver 1,Head On,18:13,5.0,1
608268,CR-0000053353,1,0,0,0,Unknown,Other,07:16,4.0,3
608269,CR-0000044388,0,0,0,0,Unknown,Head On,12:40,4.0,1
608270,CR-0000044372,0,0,0,0,Violation Driver 1,Other,08:30,5.0,3
608271,CR-0000077326,1,0,0,0,Violation Driver 1,Rear End,18:07,5.0,5
608272,CR-0000076537,0,0,0,0,Violation Driver 1,Broadside,04:37,5.0,0
608273,CR-0000076519,2,0,0,0,Violation Driver 1,Broadside,16:28,5.0,0
608274,CR-0000043430,0,0,0,0,Unknown,Other,08:00,4.0,3
608275,CR-0000048745,0,0,0,0,Violation Driver 1,Head On,15:10,5.0,1
608276,CR-0000043417,1,0,0,0,Violation Driver 1,Broadside,08:08,5.0,0
608277,CR-0000054005,0,1,0,0,Violation Driver 1,Other,19:01,5.0,3
608278,CR-0000076512,0,0,0,0,Violation Driver 1,Broadside,18:40,5.0,0
608279,CR-0000076422,1,0,0,0,Violation Driver 1,Rear End,09:22,5.0,5
608280,CR-0000076413,1,0,0,0,Violation Driver 1,Broadside,20:30,5.0,0
608281,CR-0000076505,0,0,0,0,Violation Driver 1,Rear End,01:22,5.0,5
608282,CR-0000076503,0,0,0,0,Violation Driver 1,Head On,20:14,5.0,1
608283,CR-0000076441,1,0,0,0,Bike At Fault,Vehicle/Bike,07:17,0.0,7
608284,CR-0000076440,0,0,0,0,Violation Driver 1,Sideswipe,01:58,5.0,6
608285,CR-0000075993,0,0,1,0,Violation Driver 1,Vehicle/Bike,16:37,5.0,7
608286,CR-0000076409,1,0,0,0,Violation Driver 1,Vehicle/Pedestrian,08:21,5.0,8
608287,CR-0000076678,0,0,0,0,Violation Driver 1,Rear End,05:55,5.0,5
608288,CR-0000077191,0,0,0,0,Violation Driver 1,Rear End,17:33,5.0,5
608289,CR-0000077177,1,0,0,0,Violation Driver 1,Rear End,15:01,5.0,5
608290,CR-0000076745,0,0,0,0,Violation Driver 1,Sideswipe,15:30,5.0,6
608291,CR-0000076077,1,0,0,0,Violation Driver 1,Vehicle/Pedestrian,17:22,5.0,8
608292,CR-0000076731,1,0,0,0,Violation Driver 1,Rear End,17:24,5.0,5
608293,CR-0000076727,0,1,0,0,Violation Driver 1,Vehicle/Pedestrian,10:21,5.0,8
608294,CR-0000076852,1,0,0,0,Violation Driver 1,Rear End,18:17,5.0,5
608295,CR-0000076671,3,0,0,0,Violation Driver 1,Broadside,15:23,5.0,0
608296,CR-0000075909,1,1,0,0,Violation Driver 1,Head On,15:16,5.0,1
608297,CR-0000076654,0,1,0,0,Violation Driver 1,Broadside,18:52,5.0,0
608298,CR-0000076729,0,0,0,0,Violation Driver 1,Rear End,16:55,5.0,5
608299,CR-0000077393,0,0,0,0,Violation Driver 1,Sideswipe,12:50,5.0,6
608300,CR-0000077358,0,1,0,0,Violation Driver 1,Rear End,20:37,5.0,5
608301,CR-0000077976,0,0,0,0,Violation Driver 1,Sideswipe,01:30,5.0,6
608302,CR-0000048611,0,1,0,0,Violation Driver 1,Other,17:28,5.0,3
608303,CR-0000048746,1,0,0,0,Violation Driver 1,Broadside,15:11,5.0,0
608304,CR-0000043838,1,0,0,0,Violation Driver 1,Rear End,18:08,5.0,5
608305,CR-0000048710,0,0,0,0,Violation Driver 1,Other,22:39,5.0,3
608308,CR-0000029407,0,1,0,0,Unknown,Other,07:55,4.0,3
608314,CR-0000046036,1,0,0,0,Violation Driver 1,Other,18:49,5.0,3
608315,CR-0000046478,0,0,0,0,Violation Driver 1,Other,00:07,5.0,3
608316,CR-0000078834,0,0,0,0,Violation Driver 1,Rear End,21:00,5.0,5
608317,CR-0000078831,0,0,0,0,Violation Driver 1,Rear End,01:15,5.0,5
608318,CR-0000077194,0,1,0,0,Violation Driver 1,Vehicle/Pedestrian,21:40,5.0,8
608319,CR-0000044432,0,0,0,0,Violation Driver 1,Other,11:43,5.0,3
608320,CR-0000048661,0,0,0,0,Unknown,Other,12:45,4.0,3
608321,CR-0000044349,1,0,0,0,Violation Driver 1,Other,17:55,5.0,3
608322,CR-0000054077,0,3,0,0,Violation Driver 1,Broadside,15:37,5.0,0
608323,CR-0000077152,0,0,0,0,Violation Driver 1,Sideswipe,21:08,5.0,6
608324,CR-0000077133,0,0,0,0,Violation Driver 1,Broadside,15:50,5.0,0
608325,CR-0000077125,0,1,0,0,Violation Driver 1,Rear End,04:07,5.0,5
608326,CR-0000075825,0,0,0,0,Violation Driver 1,Rear End,22:25,5.0,5
608327,CR-0000077116,2,0,0,0,Violation Driver 1,Head On,03:11,5.0,1
608328,CR-0000076145,1,0,0,0,Violation Driver 1,Broadside,14:00,5.0,0
608333,CR-0000076473,0,0,0,0,Violation Driver 1,Sideswipe,15:08,5.0,6
608334,CR-0000076456,0,1,0,0,Violation Driver 1,Broadside,16:43,5.0,0
608335,CR-0000076756,0,0,0,0,Violation Driver 1,Broadside,15:49,5.0,0
608336,CR-0000076386,2,0,0,0,Violation Driver 1,Rear End,15:54,5.0,5
608337,CR-0000048628,0,0,0,0,Violation Driver 1,Other,23:27,5.0,3
608338,CR-0000076836,0,0,0,0,Violation Driver 1,Sideswipe,22:53,5.0,6
608342,CR-0000029498,0,0,0,0,Unknown,Rear End,00:30,4.0,5
608343,CR-0000029728,1,1,0,0,Unknown,Sideswipe,18:14,4.0,6
608346,CR-0000029664,0,0,0,0,Unknown,Head On,23:14,4.0,1
608347,CR-0000029661,2,0,0,0,Unknown,Rear End,15:48,4.0,5
608349,CR-0000029017,2,0,0,0,Violation Driver 1,Broadside,07:00,5.0,0
608350,CR-0000029439,1,0,0,0,Unknown,Rear End,17:53,4.0,5
608351,CR-0000029458,1,0,0,0,Unknown,Other,22:35,4.0,3
608352,CR-0000029318,0,0,0,0,Unknown,Rear End,23:14,4.0,5
608358,CR-0000076985,1,1,0,0,Violation Driver 1,Broadside,09:23,5.0,0
608359,CR-0000076981,1,0,0,0,Violation Driver 1,Rear End,23:00,5.0,5
608360,CR-0000077056,1,0,0,0,Violation Driver 1,Rear End,22:45,5.0,5
608361,CR-0000077035,0,0,0,0,Violation Driver 1,Broadside,14:00,5.0,0
608362,CR-0000077020,0,1,0,0,Violation Driver 1,Vehicle/Bike,19:12,5.0,7
608363,CR-0000077019,0,1,0,0,Violation Driver 1,Broadside,17:41,5.0,0
608364,CR-0000077010,0,0,0,0,Violation Driver 1,Rear End,00:30,5.0,5
608365,CR-0000054021,0,0,0,0,Violation Driver 1,Sideswipe,15:20,5.0,6
608373,CR-0000076619,0,0,0,0,Violation Driver 1,Sideswipe,18:22,5.0,6
608374,CR-0000076546,0,0,0,0,Violation Driver 1,Vehicle/Bike,15:00,5.0,7
608375,CR-0000076689,0,0,0,0,Violation Driver 1,Rear End,00:19,5.0,5
608376,CR-0000076746,0,0,0,0,Violation Driver 1,Broadside,16:54,5.0,0
608377,CR-0000076084,0,0,0,0,Violation Driver 1,Sideswipe,09:30,5.0,6
608378,CR-0000076628,1,0,0,0,Violation Driver 1,Sideswipe,16:00,5.0,6
608379,CR-0000038256,0,1,0,0,Violation Driver 1,Other,07:39,5.0,3
608381,CR-0000028998,0,0,0,0,Unknown,Rear End,20:50,4.0,5
608382,CR-0000029747,0,1,0,0,Unknown,Other,14:26,4.0,3
608390,CR-0000029772,0,1,0,0,Unknown,Other,23:32,4.0,3
608391,CR-0000043715,1,0,0,0,Violation Driver 1,Other,13:30,5.0,3
608392,CR-0000053369,0,0,0,0,Violation Driver 1,Other,17:30,5.0,3
608393,CR-0000045984,1,1,0,0,Violation Driver 1,Broadside,07:16,5.0,0
608397,CR-0000029414,0,0,0,0,Unknown,Rear End,08:50,4.0,5
608401,CR-0000045865,0,0,0,0,Unknown,Other,17:45,4.0,3
608402,CR-0000043700,1,0,0,0,Violation Driver 1,Head On,19:02,5.0,1
608403,CR-0000043659,0,0,0,0,Unknown,Other,08:40,4.0,3
608404,CR-0000045393,0,0,0,0,Violation Driver 1,Other,06:49,5.0,3
608405,CR-0000077310,0,0,0,0,Violation Driver 1,Sideswipe,14:38,5.0,6
608406,CR-0000043414,0,0,1,0,Violation Driver 1,Other,05:36,5.0,3
608407,CR-0000055719,0,1,0,0,Pedestrian At Fault,Other,18:23,3.0,3
608409,CR-0000029451,1,0,0,0,Unknown,Other,21:05,4.0,3
608417,CR-0000038416,0,0,0,0,Violation Driver 1,Sideswipe,06:20,5.0,6
608418,CR-0000044406,0,0,0,0,Unknown,Head On,21:35,4.0,1
608419,CR-0000048660,0,0,0,0,Unknown,Other,00:00,4.0,3
608420,CR-0000077038,1,1,0,0,Violation Driver 1,Broadside,21:45,5.0,0
608421,CR-0000077032,1,0,0,0,Violation Driver 1,Head On,07:50,5.0,1
608422,CR-0000077015,0,1,0,0,Violation Driver 1,Vehicle/Bike,17:17,5.0,7
608423,CR-0000044297,0,0,0,0,Unknown,Other,15:15,4.0,3
608424,CR-0000056266,0,0,0,0,Violation Driver 1,Sideswipe,22:00,5.0,6
608429,CR-0000029583,0,0,0,0,Unknown,Other,18:20,4.0,3
608436,CR-0000029244,0,0,0,0,Unknown,Broadside,21:58,4.0,0
608439,CR-0000029582,0,0,0,0,Unknown,Broadside,22:25,4.0,0
608465,CR-0000029633,1,0,0,0,Unknown,Broadside,13:23,4.0,0
608467,CR-0000076986,0,0,0,0,Violation Driver 2,Sideswipe,12:57,6.0,6
608468,CR-0000077033,0,1,0,0,Violation Driver 1,Rear End,10:09,5.0,5
608469,CR-0000077018,3,0,0,0,Violation Driver 1,Broadside,10:50,5.0,0
608470,CR-0000054052,0,0,0,0,Violation Driver 1,Sideswipe,20:31,5.0,6
608471,CR-0000045971,0,0,0,0,Unknown,Broadside,12:45,4.0,0
608472,CR-0000045963,1,0,0,0,Violation Driver 1,Broadside,15:30,5.0,0
608473,CR-0000045956,0,0,0,0,Unknown,Other,10:00,4.0,3
608474,CR-0000055490,0,0,0,0,Violation Driver 1,Rear End,19:25,5.0,5
608479,CR-0000045974,0,1,0,0,Violation Driver 1,Other,10:27,5.0,3
608480,CR-0000038523,1,1,0,0,Unknown,Broadside,23:12,4.0,0
608482,CR-0000077150,0,1,0,0,Violation Driver 1,Broadside,15:46,5.0,0
608483,CR-0000077136,0,0,0,0,Violation Driver 1,Broadside,17:31,5.0,0
608484,CR-0000077000,0,0,1,0,Violation Driver 1,Vehicle/Pedestrian,04:20,5.0,8
608485,CR-0000076991,1,0,0,0,Violation Driver 1,Rear End,07:45,5.0,5
608486,CR-0000077047,0,0,0,0,Violation Driver 1,Rear End,22:58,5.0,5
608487,CR-0000077042,0,0,0,0,Violation Driver 2,Rear End,06:30,6.0,5
608488,CR-0000076959,0,0,0,0,Violation Driver 1,Sideswipe,17:46,5.0,6
608489,CR-0000076958,0,0,0,0,Violation Driver 1,Sideswipe,17:41,5.0,6
608490,CR-0000077065,1,0,0,0,Violation Driver 1,Head On,18:52,5.0,1
608491,CR-0000077016,0,0,0,0,Violation Driver 1,Sideswipe,22:06,5.0,6
608493,CR-0000029501,0,0,0,0,Unknown,Head On,16:49,4.0,1
608495,CR-0000029906,0,0,0,0,Unknown,Broadside,16:04,4.0,0
608497,CR-0000029923,0,0,0,0,Unknown,Broadside,18:34,4.0,0
608500,CR-0000076604,0,0,0,0,Violation Driver 1,Vehicle/Bike,09:01,5.0,7
608501,CR-0000076530,0,0,0,0,Violation Driver 1,Broadside,16:36,5.0,0
608502,CR-0000077225,0,0,0,0,Violation Driver 1,Sideswipe,10:52,5.0,6
608503,CR-0000077773,0,0,0,0,Violation Driver 1,Rear End,00:58,5.0,5
608504,CR-0000076452,0,0,0,0,Violation Driver 2,Broadside,08:24,6.0,0
608505,CR-0000076669,4,0,0,0,Violation Driver 1,Head On,07:14,5.0,1
608506,CR-0000076747,0,0,0,0,Violation Driver 1,Sideswipe,16:58,5.0,6
608511,CR-0000071989,1,0,0,0,Violation Driver 1,Vehicle/Bike,14:22,5.0,7
608512,CR-0000071971,1,0,0,0,Violation Driver 1,Broadside,13:55,5.0,0
608513,CR-0000076695,2,0,0,0,Violation Driver 1,Broadside,06:40,5.0,0
608514,CR-0000076664,0,0,0,0,Violation Driver 1,Rear End,18:08,5.0,5