CrashFactId,Name,MinorInjuries,ModerateInjuries,SevereInjuries,FatalInjuries,PrimaryCollisionFactor,CollisionType,CrashTime,PrimaryCollisionFactor_Code,CollisionType_Code
614388,CR-0000029852,1,0,0,0,Unknown,Other,18:24,4.0,3
614395,CR-0000056922,1,0,0,0,Violation Driver 1,Broadside,13:51,5.0,0
614396,CR-0000056896,1,0,0,0,Violation Driver 1,Vehicle/Pedestrian,23:22,5.0,8
614401,CR-0000030051,0,0,0,0,Unknown,Sideswipe,21:36,4.0,6
614405,CR-0000056856,1,0,0,0,Violation Driver 1,Broadside,19:18,5.0,0
614406,CR-0000056465,0,0,0,0,Violation Driver 1,Broadside,17:10,5.0,0
614407,CR-0000046207,1,0,0,0,Violation Driver 1,Rear End,17:09,5.0,5
614408,CR-0000045705,1,0,0,0,Violation Driver 1,Broadside,15:04,5.0,0
614409,CR-0000056497,0,0,0,0,Violation Driver 1,Sideswipe,20:13,5.0,6
614410,CR-0000055624,0,0,0,0,Unknown,Rear End,13:15,4.0,5
614411,CR-0000055605,0,0,0,0,Violation Driver 1,Sideswipe,23:10,5.0,6
614412,CR-0000075545,1,1,0,0,Violation Driver 1,Broadside,10:04,5.0,0
614418,CR-0000047954,0,0,0,0,Violation Driver 1,Other,10:40,5.0,3
614420,CR-0000047601,0,0,0,0,Violation Driver 1,Other,21:49,5.0,3
614421,CR-0000031967,0,0,0,0,Violation Driver 1,Other,20:30,5.0,3
614422,CR-0000031937,0,0,0,0,Unknown,Other,13:45,4.0,3
614423,CR-0000056091,0,1,0,0,Violation Driver 1,Other,20:33,5.0,3
614424,CR-0000054809,0,0,1,0,Unknown,Broadside,10:38,4.0,0
614425,CR-0000056076,1,0,0,0,Violation Driver 1,Broadside,16:00,5.0,0
614426,CR-0000045649,0,0,0,0,Violation Driver 1,Other,16:28,5.0,3
614427,CR-0000042941,0,0,0,0,Violation Driver 1,Other,09:35,5.0,3
614428,CR-0000032255,0,0,0,0,Violation Driver 1,Other,01:26,5.0,3
614429,CR-0000062620,1,0,0,0,Unknown,Hit Object,11:48,4.0,2
614430,CR-0000054812,1,0,0,0,Violation Driver 1,Sideswipe,15:45,5.0,6
614431,CR-0000046446,0,0,0,0,Unknown,Sideswipe,08:30,4.0,6
614432,CR-0000045615,1,0,0,0,Unknown,Rear End,14:09,4.0,5
614433,CR-0000056698,0,0,0,0,Violation Driver 1,Sideswipe,12:15,5.0,6
614439,CR-0000038967,0,0,0,0,Violation Driver 1,Other,16:39,5.0,3
614440,CR-0000038944,0,0,0,0,Violation Driver 1,Other,08:00,5.0,3
614441,CR-0000038894,1,0,0,0,Violation Driver 1,Other,19:55,5.0,3
614442,CR-0000039049,0,0,0,0,Violation Driver 1,Rear End,09:00,5.0,5
614443,CR-0000038849,1,0,0,0,Violation Driver 1,Broadside,12:00,5.0,0
614444,CR-0000039017,1,0,0,0,Violation Driver 1,Sideswipe,16:05,5.0,6
614445,CR-0000056488,0,0,0,0,Violation Driver 1,Hit Object,09:50,5.0,2
614446,CR-0000056169,0,0,0,0,Violation Driver 1,Other,09:55,5.0,3
614455,CR-0000056877,0,0,0,0,Violation Driver 1,Sideswipe,17:50,5.0,6
614456,CR-0000046225,0,0,0,0,Violation Driver 1,Other,14:56,5.0,3
614457,CR-0000056460,4,0,0,0,Violation Driver 1,Sideswipe,07:00,5.0,6
614458,CR-0000055613,0,0,0,0,Violation Driver 1,Sideswipe,16:09,5.0,6
614459,CR-0000067673,0,0,0,0,Unknown,Other,11:30,4.0,3
614460,CR-0000062322,0,0,0,0,Unknown,Rear End,15:45,4.0,5
614461,CR-0000075614,0,0,0,0,Violation Driver 1,Rear End,17:00,5.0,5
614462,CR-0000056675,1,0,0,0,Violation Driver 1,Rear End,16:49,5.0,5
614463,CR-0000056667,0,0,0,0,Violation Driver 1,Sideswipe,12:44,5.0,6
614464,CR-0000056751,0,0,0,0,Unknown,Broadside,14:41,4.0,0
614469,CR-0000075497,0,0,0,0,Violation Driver 1,Rear End,19:10,5.0,5
614470,CR-0000074873,0,0,0,0,Violation Driver 1,Rear End,08:30,5.0,5
614471,CR-0000074641,0,0,0,0,Violation Driver 1,Rear End,21:11,5.0,5
614472,CR-0000056102,0,0,0,0,Unknown,Sideswipe,07:37,4.0,6
614473,CR-0000056086,0,0,1,0,Bike At Fault,Broadside,17:24,0.0,0
614474,CR-0000056085,0,0,0,0,Bike At Fault,Vehicle/Bike,23:16,0.0,7
614475,CR-0000054811,1,0,0,0,Unknown,Broadside,15:07,4.0,0
614476,CR-0000055511,0,0,0,0,Violation Driver 1,Other,01:52,5.0,3
614477,CR-0000054652,0,0,0,0,Violation Driver 1,Broadside,15:30,5.0,0
614478,CR-0000046450,2,0,0,0,Violation Driver 1,Broadside,07:32,5.0,0
614479,CR-0000056689,0,0,0,0,Violation Driver 1,Rear End,23:23,5.0,5
614480,CR-0000054435,0,0,0,0,Violation Driver 1,Other,14:00,5.0,3
614481,CR-0000055489,0,1,0,0,Violation Driver 1,Head On,18:41,5.0,1
614482,CR-0000075169,0,0,0,0,Violation Driver 1,Broadside,07:11,5.0,0
614483,CR-0000056070,0,1,0,0,Violation Driver 1,Broadside,06:45,5.0,0
614484,CR-0000056055,0,0,0,0,Unknown,Rear End,14:00,4.0,5
614485,CR-0000046423,0,0,0,0,Violation Driver 1,Other,21:54,5.0,3
614486,CR-0000056697,0,1,0,0,Violation Driver 1,Vehicle/Bike,11:13,5.0,7
614487,CR-0000056690,0,0,0,0,Violation Driver 1,Broadside,23:26,5.0,0
614488,CR-0000056688,0,0,0,1,Pedestrian At Fault,Vehicle/Pedestrian,15:23,3.0,8
614489,CR-0000056752,0,0,0,0,Violation Driver 1,Broadside,17:00,5.0,0
614490,CR-0000046429,1,0,0,0,Bike At Fault,Other,06:22,0.0,3
614491,CR-0000056687,2,0,0,0,Violation Driver 1,Broadside,22:57,5.0,0
614492,CR-0000054445,1,0,0,0,Violation Driver 1,Broadside,16:06,5.0,0
614493,CR-0000054422,1,0,0,0,Violation Driver 1,Broadside,19:07,5.0,0
614494,CR-0000054790,0,0,0,0,Violation Driver 1,Broadside,08:23,5.0,0
614495,CR-0000056490,0,0,0,0,Violation Driver 1,Rear End,11:51,5.0,5
614496,CR-0000062329,0,0,0,0,Unknown,Vehicle/Pedestrian,15:00,4.0,8
614501,CR-0000075512,0,1,1,0,Pedestrian At Fault,Vehicle/Pedestrian,08:18,3.0,8
614502,CR-0000074875,1,0,0,0,Violation Driver 1,Broadside,17:07,5.0,0
614503,CR-0000074647,0,0,0,0,Violation Driver 1,Sideswipe,00:34,5.0,6
614511,CR-0000030035,0,0,0,0,Violation Driver 1,Rear End,17:03,5.0,5
614512,CR-0000056659,1,0,0,0,Violation Driver 1,Rear End,14:45,5.0,5
614513,CR-0000056653,0,0,0,0,Violation Driver 1,Broadside,11:20,5.0,0
614514,CR-0000056741,0,0,0,0,Violation Driver 1,Rear End,23:19,5.0,5
614515,CR-0000055554,0,0,0,0,Unknown,Sideswipe,12:00,4.0,6
614516,CR-0000075798,1,0,0,0,Violation Driver 1,Sideswipe,11:15,5.0,6
614517,CR-0000075764,0,0,0,0,Violation Driver 1,Broadside,20:01,5.0,0
614518,CR-0000074597,1,0,0,0,Violation Driver 1,Broadside,09:35,5.0,0
614519,CR-0000074790,0,0,0,0,Violation Driver 1,Sideswipe,10:55,5.0,6
614520,CR-0000029807,0,0,0,0,Unknown,Other,09:00,4.0,3
614526,CR-0000062272,0,0,0,0,Unknown,Broadside,16:15,4.0,0
614527,CR-0000074625,0,1,0,0,Violation Driver 1,Sideswipe,20:16,5.0,6
614528,CR-0000056056,0,0,0,0,Unknown,Sideswipe,08:05,4.0,6
614529,CR-0000045614,0,0,0,0,Violation Driver 1,Other,10:49,5.0,3
614530,CR-0000056681,1,0,1,0,Pedestrian At Fault,Vehicle/Pedestrian,00:12,3.0,8
614546,CR-0000056672,0,1,0,0,Violation Driver 1,Head On,12:41,5.0,1
614547,CR-0000054611,1,0,0,0,Violation Driver 1,Broadside,14:15,5.0,0
614548,CR-0000056668,0,0,0,0,Violation Driver 1,Broadside,00:06,5.0,0
614549,CR-0000056666,0,0,0,0,Violation Driver 1,Head On,22:44,5.0,1
614550,CR-0000055755,0,0,0,0,Violation Driver 1,Sideswipe,05:00,5.0,6
614551,CR-0000046525,0,0,0,0,Violation Driver 1,Rear End,19:03,5.0,5
614552,CR-0000055756,1,0,0,0,Violation Driver 1,Rear End,18:49,5.0,5
614553,CR-0000075763,1,0,0,0,Violation Driver 1,Broadside,07:22,5.0,0
614554,CR-0000074691,1,1,0,0,Violation Driver 1,Head On,14:18,5.0,1
614555,CR-0000074586,0,0,0,0,Violation Driver 1,Sideswipe,16:48,5.0,6
614556,CR-0000074676,0,0,0,0,Violation Driver 1,Rear End,18:00,5.0,5
614557,CR-0000075173,0,0,0,0,Violation Driver 1,Rear End,22:39,5.0,5
614561,CR-0000056986,0,0,0,0,Violation Driver 1,Sideswipe,07:21,5.0,6
614562,CR-0000056973,1,0,0,0,Violation Driver 1,Rear End,12:10,5.0,5
614563,CR-0000055640,0,0,0,0,Violation Driver 1,Sideswipe,17:00,5.0,6
614564,CR-0000056942,0,0,0,0,Violation Driver 1,Rear End,16:07,5.0,5
614565,CR-0000056820,0,0,0,0,Unknown,Vehicle/Bike,11:20,4.0,7
614566,CR-0000056803,0,0,0,0,Violation Driver 1,Sideswipe,02:40,5.0,6
614567,CR-0000055236,1,0,0,0,Pedestrian At Fault,Vehicle/Pedestrian,20:28,3.0,8
614568,CR-0000056483,2,0,0,0,Violation Driver 1,Rear End,20:59,5.0,5
614569,CR-0000056482,1,0,0,0,Unknown,Other,19:42,4.0,3
614570,CR-0000056480,0,0,0,0,Violation Driver 1,Rear End,15:26,5.0,5
614571,CR-0000056476,0,0,0,0,Violation Driver 1,Broadside,08:31,5.0,0
614572,CR-0000056474,0,0,0,0,Unknown,Rear End,22:00,4.0,5
614573,CR-0000056467,1,1,0,0,Violation Driver 1,Broadside,17:48,5.0,0
614574,CR-0000055611,0,0,0,0,Violation Driver 1,Rear End,15:50,5.0,5
614575,CR-0000046357,0,1,0,0,Violation Driver 1,Other,12:19,5.0,3
614576,CR-0000054666,1,1,0,0,Violation Driver 1,Broadside,14:27,5.0,0
614582,CR-0000046166,0,0,0,0,Violation Driver 1,Other,12:26,5.0,3
614583,CR-0000055788,0,0,0,0,Violation Driver 1,Rear End,18:42,5.0,5
614584,CR-0000056742,0,0,0,0,Unknown,Other,08:00,4.0,3
614585,CR-0000074708,0,0,0,0,Violation Driver 1,Sideswipe,00:30,5.0,6
614586,CR-0000075175,0,0,0,0,Violation Driver 2,Sideswipe,17:32,6.0,6
614587,CR-0000074502,0,0,0,0,Violation Driver 1,Head On,17:35,5.0,1
614588,CR-0000054415,1,0,0,0,Violation Driver 1,Rear End,13:50,5.0,5
614591,CR-0000030101,2,0,0,0,Unknown,Broadside,17:46,4.0,0
614592,CR-0000074929,0,0,0,1,Violation Driver 1,Head On,18:32,5.0,1
614593,CR-0000074914,0,0,0,0,Violation Driver 1,Rear End,22:00,5.0,5
614594,CR-0000077872,0,1,0,0,Violation Driver 1,Vehicle/Pedestrian,17:14,5.0,8
614595,CR-0000038337,1,0,0,0,Violation Driver 1,Other,00:03,5.0,3
614603,CR-0000029941,0,1,0,0,Violation Driver 1,Head On,15:43,5.0,1
614604,CR-0000029926,0,0,0,0,Unknown,Other,14:33,4.0,3
614605,CR-0000029910,0,0,0,0,Unknown,Broadside,11:39,4.0,0
614607,CR-0000057755,0,0,0,0,Violation Driver 1,Broadside,13:55,5.0,0
614608,CR-0000056915,0,0,0,0,Unknown,Other,07:00,4.0,3
614609,CR-0000055361,0,0,0,0,Violation Driver 1,Rear End,18:56,5.0,5
614615,CR-0000074724,0,0,1,0,Violation Driver 1,Vehicle/Pedestrian,15:30,5.0,8
614616,CR-0000075772,1,0,0,0,Violation Driver 1,Broadside,12:15,5.0,0
614617,CR-0000074994,0,0,0,0,Violation Driver 1,Sideswipe,23:43,5.0,6
614618,CR-0000062094,1,0,0,0,Unknown,Head On,13:53,4.0,1
614619,CR-0000062330,0,1,0,0,Violation Driver 1,Broadside,13:45,5.0,0
614620,CR-0000056081,1,1,0,0,Violation Driver 1,Broadside,13:20,5.0,0
614621,CR-0000056662,0,1,0,0,Violation Driver 1,Broadside,16:07,5.0,0
614622,CR-0000055601,0,0,0,0,Violation Driver 1,Sideswipe,21:26,5.0,6
614623,CR-0000054923,0,1,0,0,Violation Driver 1,Broadside,00:32,5.0,0
614624,CR-0000055584,0,0,0,0,Unknown,Broadside,00:00,4.0,0
614625,CR-0000055583,0,0,0,0,Unknown,Rear End,12:12,4.0,5
614626,CR-0000075431,1,0,2,0,Violation Driver 1,Broadside,20:38,5.0,0
614627,CR-0000075160,0,0,0,0,Violation Driver 1,Broadside,08:51,5.0,0
614628,CR-0000074795,0,0,0,0,Violation Driver 1,Head On,00:44,5.0,1
614629,CR-0000074903,0,0,0,0,Violation Driver 1,Rear End,01:42,5.0,5
614630,CR-0000074756,1,0,0,0,Violation Driver 1,Sideswipe,23:06,5.0,6
614631,CR-0000074985,1,1,0,0,Violation Driver 1,Rear End,11:56,5.0,5
614632,CR-0000075432,1,0,0,0,Violation Driver 1,Rear End,14:20,5.0,5
614633,CR-0000075416,1,0,0,0,Violation Driver 1,Broadside,13:26,5.0,0
614634,CR-0000075749,0,0,0,0,Violation Driver 1,Sideswipe,20:30,5.0,6
614635,CR-0000075730,0,0,0,0,Violation Driver 1,Sideswipe,00:36,5.0,6
614636,CR-0000075714,1,0,0,0,Violation Driver 1,Vehicle/Pedestrian,18:59,5.0,8
614637,CR-0000074788,3,0,0,0,Violation Driver 1,Broadside,18:10,5.0,0
614638,CR-0000074779,0,1,0,0,Violation Driver 1,Rear End,01:23,5.0,5
614639,CR-0000074980,0,0,0,0,Violation Driver 1,Rear End,12:23,5.0,5
614640,CR-0000074745,1,0,0,0,Violation Driver 1,Rear End,10:00,5.0,5
614641,CR-0000038968,0,0,0,0,Violation Driver 1,Sideswipe,16:36,5.0,6
614642,CR-0000057119,0,1,0,0,Violation Driver 1,Broadside,15:37,5.0,0
614643,CR-0000057116,0,0,0,0,Violation Driver 1,Rear End,10:51,5.0,5
614644,CR-0000046386,0,0,0,0,Unknown,Rear End,12:00,4.0,5
614645,CR-0000057180,1,0,0,0,Violation Driver 1,Rear End,02:22,5.0,5
614646,CR-0000057148,0,1,0,0,Violation Driver 1,Rear End,17:35,5.0,5
614647,CR-0000057117,0,0,1,0,Pedestrian At Fault,Vehicle/Pedestrian,10:49,3.0,8
614648,CR-0000046332,1,0,0,0,Violation Driver 1,Other,15:53,5.0,3
614649,CR-0000039720,0,0,0,0,Unknown,Other,20:45,4.0,3
614650,CR-0000039026,0,0,0,0,Violation Driver 1,Rear End,09:40,5.0,5
614651,CR-0000039019,0,0,0,0,Violation Driver 1,Other,20:10,5.0,3
614652,CR-0000039295,1,0,0,0,Violation Driver 1,Rear End,14:10,5.0,5
614653,CR-0000074495,0,0,0,0,Other Improper Driving,Rear End,11:30,1.0,5
614654,CR-0000074906,1,0,0,0,Violation Driver 1,Rear End,12:00,5.0,5
614655,CR-0000039828,0,0,0,0,Unknown,Other,12:07,4.0,3
614656,CR-0000038923,0,0,0,0,Violation Driver 1,Rear End,19:45,5.0,5
614657,CR-0000055688,0,1,0,0,Violation Driver 1,Sideswipe,23:58,5.0,6
614658,CR-0000055343,2,0,0,0,Violation Driver 1,Broadside,00:22,5.0,0
614659,CR-0000046304,0,1,0,0,Unknown,Broadside,16:53,4.0,0
614660,CR-0000055344,0,0,0,0,Violation Driver 1,Sideswipe,04:52,5.0,6
614661,CR-0000046309,0,0,0,0,Unknown,Head On,17:00,4.0,1
614662,CR-0000046398,1,0,0,0,Violation Driver 1,Other,17:41,5.0,3
614663,CR-0000062468,0,0,0,0,Unknown,Hit Object,13:05,4.0,2
614664,CR-0000047987,0,0,0,0,Violation Driver 1,Other,02:07,5.0,3
614667,CR-0000075880,2,0,0,0,Violation Driver 1,Head On,20:22,5.0,1
614668,CR-0000031669,0,0,0,0,Violation Driver 1,Other,08:15,5.0,3
614688,CR-0000074905,0,0,0,0,Violation Driver 1,Rear End,16:13,5.0,5
614689,CR-0000074755,2,0,0,0,Violation Driver 1,Rear End,12:10,5.0,5
614690,CR-0000075698,2,0,0,0,Violation Driver 1,Broadside,15:33,5.0,0
614691,CR-0000074746,0,0,0,0,Violation Driver 1,Rear End,14:09,5.0,5
614692,CR-0000074731,0,0,0,0,Violation Driver 1,Broadside,14:26,5.0,0
614693,CR-0000038993,0,0,0,0,Violation Driver 1,Other,11:20,5.0,3
614694,CR-0000039834,1,0,0,0,Violation Driver 1,Other,07:30,5.0,3
614695,CR-0000038423,1,0,0,0,Unknown,Rear End,18:28,4.0,5
614696,CR-0000057059,0,0,0,0,Unknown,Sideswipe,17:50,4.0,6
614697,CR-0000054888,0,0,0,0,Unknown,Rear End,12:45,4.0,5
614698,CR-0000057304,0,0,0,0,Unknown,Rear End,08:40,4.0,5
614699,CR-0000055376,0,0,0,0,Unknown,Sideswipe,00:00,4.0,6
614700,CR-0000057195,1,0,0,0,Bike At Fault,Vehicle/Bike,22:21,0.0,7
614701,CR-0000074757,1,0,0,0,Violation Driver 1,Broadside,15:10,5.0,0
614702,CR-0000039293,0,0,0,0,Violation Driver 1,Broadside,10:26,5.0,0
614703,CR-0000054906,2,0,0,0,Violation Driver 1,Rear End,08:00,5.0,5
614704,CR-0000054905,1,0,0,0,Violation Driver 1,Head On,05:08,5.0,1
614705,CR-0000057016,1,0,0,0,Violation Driver 1,Rear End,18:40,5.0,5
614706,CR-0000075446,1,0,0,0,Violation Driver 1,Rear End,14:09,5.0,5
614707,CR-0000074930,1,0,0,0,Violation Driver 1,Hit Object,22:25,5.0,2
614716,CR-0000075631,1,0,0,0,Violation Driver 1,Sideswipe,09:58,5.0,6
614717,CR-0000075489,4,1,0,0,Violation Driver 1,Rear End,23:24,5.0,5
614718,CR-0000056657,0,0,0,0,Violation Driver 1,Broadside,13:55,5.0,0
614719,CR-0000055757,0,1,0,0,Violation Driver 1,Other,11:54,5.0,3
614720,CR-0000074658,0,0,0,0,Violation Driver 1,Rear End,19:10,5.0,5
614721,CR-0000074940,1,0,0,0,Violation Driver 1,Vehicle/Bike,13:06,5.0,7
614722,CR-0000074776,3,0,0,0,Violation Driver 1,Rear End,18:26,5.0,5
614730,CR-0000062466,0,0,0,0,Unknown,Sideswipe,21:45,4.0,6
614734,CR-0000074891,2,0,0,0,Violation Driver 1,Broadside,17:00,5.0,0
614735,CR-0000074874,0,0,0,0,Violation Driver 1,Broadside,00:03,5.0,0
614736,CR-0000074629,1,0,0,0,Violation Driver 1,Vehicle/Pedestrian,17:45,5.0,8
614737,CR-0000046509,0,0,0,0,Violation Driver 1,Other,17:29,5.0,3
614738,CR-0000055691,0,0,0,0,Unknown,Other,17:15,4.0,3
614739,CR-0000055690,2,0,0,0,Violation Driver 1,Broadside,06:04,5.0,0
614740,CR-0000056887,0,0,0,0,Unknown,Sideswipe,15:00,4.0,6
614741,CR-0000056864,0,0,0,0,Unknown,Rear End,18:45,4.0,5
614742,CR-0000054799,1,0,0,0,Violation Driver 1,Broadside,18:25,5.0,0
614743,CR-0000075898,1,0,0,0,Violation Driver 1,Vehicle/Pedestrian,10:26,5.0,8
614744,CR-0000032358,1,1,0,0,Unknown,Other,02:27,4.0,3
614745,CR-0000031819,0,0,0,0,Unknown,Other,17:46,4.0,3
614746,CR-0000054632,0,0,0,0,Unknown,Rear End,16:30,4.0,5
614747,CR-0000055791,0,0,0,0,Unknown,Sideswipe,18:24,4.0,6
614748,CR-0000056707,1,0,0,0,Violation Driver 1,Head On,12:20,5.0,1
614749,CR-0000075209,0,0,0,0,Violation Driver 1,Sideswipe,19:30,5.0,6
614776,CR-0000057097,1,0,0,0,Unknown,Rear End,17:00,4.0,5
614777,CR-0000057082,1,1,0,0,Violation Driver 1,Broadside,14:52,5.0,0
614778,CR-0000063132,0,0,0,0,Unknown,Rear End,14:00,4.0,5
614779,CR-0000062784,0,0,0,0,Unknown,Hit Object,16:03,4.0,2
614780,CR-0000062764,0,0,0,0,Unknown,Hit Object,15:40,4.0,2
614781,CR-0000067873,0,0,0,0,Unknown,Hit Object,09:01,4.0,2
614782,CR-0000063151,1,0,0,0,Unknown,Head On,11:45,4.0,1
614783,CR-0000075540,2,1,0,0,Violation Driver 1,Broadside,18:40,5.0,0
614784,CR-0000074856,0,0,0,0,Violation Driver 1,Rear End,20:02,5.0,5
614785,CR-0000074642,0,0,0,0,Violation Driver 1,Head On,02:20,5.0,1
614786,CR-0000055572,1,0,0,0,Violation Driver 1,Broadside,12:40,5.0,0
614787,CR-0000055754,0,0,0,0,Violation Driver 1,Rear End,22:56,5.0,5
614788,CR-0000074729,1,0,0,0,Violation Driver 1,Broadside,13:15,5.0,0
614789,CR-0000075180,1,0,0,0,Violation Driver 1,Rear End,17:27,5.0,5
614797,CR-0000038956,0,1,0,0,Violation Driver 1,Other,19:51,5.0,3
614798,CR-0000038921,0,0,0,0,Violation Driver 1,Sideswipe,02:15,5.0,6
614799,CR-0000038876,3,0,0,0,Violation Driver 1,Rear End,15:20,5.0,5
614800,CR-0000055806,0,0,1,1,Violation Driver 1,Head On,10:46,5.0,1
614801,CR-0000055215,0,1,0,0,Violation Driver 1,Vehicle/Pedestrian,22:30,5.0,8
614802,CR-0000046339,0,0,0,0,Violation Driver 1,Head On,00:01,5.0,1
614803,CR-0000045602,0,0,0,0,Unknown,Other,19:00,4.0,3
614804,CR-0000075716,0,1,0,0,Violation Driver 1,Rear End,18:18,5.0,5
614805,CR-0000074759,3,1,0,0,Violation Driver 1,Broadside,13:26,5.0,0
614806,CR-0000074747,1,0,0,0,Violation Driver 1,Rear End,22:14,5.0,5
614807,CR-0000038817,0,0,0,0,Violation Driver 1,Other,15:47,5.0,3
614808,CR-0000038943,1,0,0,0,Violation Driver 1,Broadside,21:25,5.0,0
614809,CR-0000057057,1,0,0,0,Bike At Fault,Broadside,23:50,0.0,0
614810,CR-0000046132,0,2,0,0,Unknown,Broadside,15:07,4.0,0
614811,CR-0000056881,0,0,0,0,Violation Driver 1,Sideswipe,00:10,5.0,6
614812,CR-0000046314,1,0,0,0,Violation Driver 1,Head On,13:00,5.0,1
614813,CR-0000074552,0,0,0,0,Violation Driver 1,Broadside,07:55,5.0,0
614814,CR-0000075123,0,0,0,0,Violation Driver 1,Sideswipe,06:12,5.0,6
614815,CR-0000074841,1,0,0,0,Violation Driver 1,Sideswipe,12:04,5.0,6
614816,CR-0000074645,0,0,0,0,Violation Driver 1,Rear End,02:56,5.0,5
614817,CR-0000075143,0,0,0,0,Violation Driver 1,Sideswipe,19:57,5.0,6
614818,CR-0000075882,0,0,0,0,Violation Driver 1,Sideswipe,16:25,5.0,6
614819,CR-0000074876,0,0,0,0,Violation Driver 1,Broadside,01:50,5.0,0
614820,CR-0000045621,1,0,0,0,Violation Driver 1,Broadside,01:58,5.0,0
614821,CR-0000056738,2,0,0,0,Violation Driver 1,Rear End,18:06,5.0,5
614822,CR-0000055771,0,0,0,0,Violation Driver 1,Sideswipe,02:09,5.0,6
614823,CR-0000074706,0,0,0,0,Violation Driver 1,Sideswipe,14:47,5.0,6
614824,CR-0000055614,0,0,0,0,Violation Driver 1,Sideswipe,01:35,5.0,6
614825,CR-0000054668,1,0,0,0,Violation Driver 1,Broadside,16:16,5.0,0
614826,CR-0000063128,1,1,2,1,Unknown,Broadside,19:30,4.0,0
614827,CR-0000062800,0,0,0,0,Unknown,Rear End,23:30,4.0,5
614828,CR-0000062773,0,0,0,0,Unknown,Sideswipe,09:00,4.0,6
614829,CR-0000075615,1,0,0,0,Violation Driver 1,Broadside,14:57,5.0,0
614830,CR-0000075515,1,0,0,0,Violation Driver 1,Broadside,21:25,5.0,0
614831,CR-0000075513,0,1,0,0,Violation Driver 1,Broadside,13:20,5.0,0
614832,CR-0000074686,1,0,0,0,Violation Driver 1,Rear End,21:15,5.0,5
614833,CR-0000074554,1,0,0,0,Violation Driver 1,Rear End,18:14,5.0,5
614834,CR-0000075223,0,0,0,0,Violation Driver 1,Rear End,19:08,5.0,5
614835,CR-0000075070,2,0,0,0,Violation Driver 1,Head On,16:10,5.0,1
614836,CR-0000074763,0,1,0,0,Violation Driver 1,Vehicle/Bike,14:39,5.0,7
614837,CR-0000074372,0,0,0,0,Violation Driver 1,Broadside,15:00,5.0,0
614838,CR-0000038810,2,0,0,0,Violation Driver 1,Rear End,16:58,5.0,5
614839,CR-0000075072,1,0,0,0,Violation Driver 1,Broadside,10:56,5.0,0
614850,CR-0000075307,2,0,0,0,Violation Driver 1,Broadside,15:59,5.0,0
614851,CR-0000074761,0,1,0,0,Violation Driver 1,Broadside,05:21,5.0,0
614852,CR-0000074370,0,0,0,0,Violation Driver 1,Broadside,10:24,5.0,0
614853,CR-0000074354,0,1,0,0,Bike At Fault,Vehicle/Bike,18:03,0.0,7
614854,CR-0000039020,0,1,0,0,Violation Driver 1,Other,22:48,5.0,3
614855,CR-0000038333,2,0,0,0,Violation Driver 1,Rear End,17:03,5.0,5
614856,CR-0000054540,0,2,1,0,Violation Driver 1,Vehicle/Pedestrian,21:12,5.0,8
614857,CR-0000062880,0,0,0,0,Unknown,Hit Object,17:40,4.0,2
614858,CR-0000062816,0,0,0,0,Unknown,Rear End,11:00,4.0,5
614859,CR-0000062967,0,0,0,0,Unknown,Broadside,23:00,4.0,0
614860,CR-0000046443,0,0,0,0,Violation Driver 1,Head On,18:37,5.0,1
614861,CR-0000054631,0,0,0,0,Unknown,Rear End,19:00,4.0,5
614862,CR-0000032074,0,0,0,0,Unknown,Other,23:21,4.0,3
614883,CR-0000038932,1,0,0,0,Violation Driver 1,Broadside,12:10,5.0,0
614884,CR-0000038767,1,0,0,0,Violation Driver 1,Rear End,18:00,5.0,5
614885,CR-0000038833,0,0,0,0,Unknown,Other,16:50,4.0,3
614886,CR-0000054524,0,0,0,0,Unknown,Head On,15:50,4.0,1
614887,CR-0000054522,0,1,0,0,Violation Driver 1,Other,22:39,5.0,3
614888,CR-0000055348,1,0,0,0,Violation Driver 1,Rear End,08:18,5.0,5
614891,CR-0000074365,0,0,0,0,Violation Driver 1,Vehicle/Pedestrian,15:47,5.0,8
614892,CR-0000039001,0,1,0,0,Violation Driver 1,Other,09:28,5.0,3
614893,CR-0000038997,0,0,0,0,Violation Driver 1,Other,03:14,5.0,3
614894,CR-0000038914,1,0,0,0,Violation Driver 1,Other,17:56,5.0,3
614895,CR-0000038863,0,0,0,0,Unknown,Other,18:55,4.0,3
614896,CR-0000075504,2,0,0,0,Violation Driver 1,Rear End,07:50,5.0,5
614897,CR-0000075562,1,1,0,0,Violation Driver 1,Rear End,18:05,5.0,5
614898,CR-0000074878,0,0,0,0,Violation Driver 1,Broadside,03:25,5.0,0
614899,CR-0000076112,1,0,0,0,Violation Driver 1,Broadside,06:41,5.0,0
614900,CR-0000046273,0,0,0,0,Violation Driver 1,Broadside,10:56,5.0,0
614903,CR-0000039031,0,0,0,0,Violation Driver 1,Rear End,16:54,5.0,5
614904,CR-0000039021,0,0,0,0,Violation Driver 1,Sideswipe,07:50,5.0,6
614905,CR-0000075598,0,0,0,0,Other Improper Driving,Rear End,15:13,1.0,5
614906,CR-0000075582,0,1,0,0,Violation Driver 1,Vehicle/Pedestrian,20:30,5.0,8
614907,CR-0000075580,0,1,0,0,Violation Driver 1,Vehicle/Pedestrian,12:37,5.0,8