CrashFactId,Name,MinorInjuries,ModerateInjuries,SevereInjuries,FatalInjuries,PrimaryCollisionFactor,CollisionType,CrashTime,PrimaryCollisionFactor_Code,CollisionType_Code
627960,CR-0000066118,0,0,0,0,Unknown,Sideswipe,16:00,4.0,6
627961,CR-0000065450,0,0,0,0,Unknown,Rear End,12:00,4.0,5
627962,CR-0000065407,0,0,0,0,Unknown,Broadside,10:23,4.0,0
627963,CR-0000058287,1,0,0,0,Violation Driver 1,Rear End,20:40,5.0,5
627964,CR-0000058425,0,0,0,0,Violation Driver 1,Sideswipe,17:23,5.0,6
627965,CR-0000058409,0,1,0,0,Unknown,Vehicle/Bike,16:15,4.0,7
627966,CR-0000066048,0,0,0,0,Unknown,Rear End,08:00,4.0,5
627967,CR-0000066073,0,0,0,0,Violation Driver 1,Rear End,17:12,5.0,5
627968,CR-0000066053,1,0,0,0,Violation Driver 1,Hit Object,06:10,5.0,2
627969,CR-0000066150,1,0,0,0,Unknown,Vehicle/Bike,09:00,4.0,7
627977,CR-0000058452,0,0,0,0,Unknown,Sideswipe,20:25,4.0,6
627978,CR-0000065896,0,0,0,0,Unknown,Rear End,10:00,4.0,5
627979,CR-0000069781,0,0,0,0,Unknown,Sideswipe,15:15,4.0,6
627980,CR-0000061269,0,0,0,0,Violation Driver 1,Sideswipe,23:06,5.0,6
627981,CR-0000066816,1,0,0,0,Unknown,Head On,05:48,4.0,1
627982,CR-0000073623,1,0,0,0,Violation Driver 1,Broadside,21:48,5.0,0
627985,CR-0000066187,1,0,0,0,Unknown,Broadside,13:12,4.0,0
627986,CR-0000069806,0,0,0,0,Unknown,Rear End,16:55,4.0,5
627987,CR-0000065482,0,0,0,0,Unknown,Hit Object,09:35,4.0,2
627988,CR-0000065466,0,0,0,0,Unknown,Sideswipe,16:00,4.0,6
627989,CR-0000066015,0,0,0,0,Unknown,Sideswipe,11:35,4.0,6
627990,CR-0000061200,0,1,0,0,Violation Driver 1,Broadside,16:23,5.0,0
627991,CR-0000061198,0,0,0,0,Violation Driver 1,Sideswipe,13:00,5.0,6
627992,CR-0000069792,0,0,0,0,Unknown,Sideswipe,21:54,4.0,6
627993,CR-0000065932,2,0,0,0,Unknown,Broadside,19:29,4.0,0
628008,CR-0000066087,1,0,0,0,Unknown,Broadside,14:30,4.0,0
628009,CR-0000066083,0,0,0,0,Unknown,Rear End,10:07,4.0,5
628010,CR-0000066078,0,0,0,0,Violation Driver 1,Sideswipe,12:00,5.0,6
628011,CR-0000066050,1,0,0,0,Unknown,Rear End,14:05,4.0,5
628012,CR-0000066049,0,0,0,0,Unknown,Sideswipe,17:30,4.0,6
628013,CR-0000066065,0,0,0,0,Unknown,Sideswipe,06:47,4.0,6
628014,CR-0000066062,0,0,0,0,Unknown,Rear End,17:00,4.0,5
628023,CR-0000077890,0,0,0,0,Unknown,Other,12:00,4.0,3
628035,CR-0000076978,0,0,0,0,Violation Driver 1,Hit Object,09:22,5.0,2
628036,CR-0000078293,0,0,0,0,Violation Driver 1,Hit Object,04:55,5.0,2
628051,CR-0000058493,0,0,0,0,Violation Driver 1,Hit Object,19:48,5.0,2
628052,CR-0000067488,0,0,0,0,Violation Driver 1,Head On,05:00,5.0,1
628053,CR-0000070192,0,0,0,0,Unknown,Sideswipe,03:00,4.0,6
628054,CR-0000070407,0,0,0,0,Unknown,Sideswipe,15:45,4.0,6
628055,CR-0000069906,0,0,0,0,Unknown,Sideswipe,18:10,4.0,6
628056,CR-0000073519,0,1,0,0,Bike At Fault,Vehicle/Bike,15:12,0.0,7
628057,CR-0000073517,0,1,0,0,Violation Driver 1,Head On,11:13,5.0,1
628061,CR-0000074950,0,0,0,0,Unknown,Vehicle/Bike,15:10,4.0,7
628062,CR-0000074943,0,0,0,0,Unknown,Sideswipe,08:10,4.0,6
628063,CR-0000074492,1,0,0,0,Unknown,Rear End,17:32,4.0,5
628064,CR-0000074273,1,0,0,0,Violation Driver 1,Vehicle/Pedestrian,15:40,5.0,8
628065,CR-0000073759,1,0,0,0,Violation Driver 1,Rear End,20:10,5.0,5
628066,CR-0000074205,0,0,0,0,Violation Driver 1,Rear End,21:27,5.0,5
628067,CR-0000074377,0,0,0,0,Unknown,Broadside,07:50,4.0,0
628068,CR-0000074360,1,0,0,0,Violation Driver 1,Vehicle/Pedestrian,08:40,5.0,8
628072,CR-0000061099,0,1,0,0,Violation Driver 1,Vehicle/Pedestrian,11:30,5.0,8
628073,CR-0000061321,2,0,0,0,Violation Driver 1,Broadside,07:43,5.0,0
628074,CR-0000065491,0,0,1,0,Violation Driver 1,Overturned,20:29,5.0,4
628075,CR-0000061057,0,0,0,0,Violation Driver 1,Rear End,17:50,5.0,5
628076,CR-0000069840,0,0,0,0,Unknown,Sideswipe,00:00,4.0,6
628077,CR-0000065643,0,0,0,0,Unknown,Sideswipe,23:42,4.0,6
628078,CR-0000066119,0,0,0,0,Unknown,Sideswipe,16:45,4.0,6
628079,CR-0000066028,0,0,0,0,Unknown,Hit Object,00:10,4.0,2
628080,CR-0000069833,0,0,0,0,Unknown,Hit Object,09:00,4.0,2
628081,CR-0000061378,0,0,0,0,Violation Driver 1,Rear End,13:20,5.0,5
628082,CR-0000069783,0,0,0,0,Unknown,Sideswipe,00:00,4.0,6
628083,CR-0000069697,0,0,0,0,Unknown,Rear End,16:45,4.0,5
628084,CR-0000069772,0,0,0,0,Unknown,Rear End,10:02,4.0,5
628085,CR-0000065952,1,0,0,0,Unknown,Rear End,22:10,4.0,5
628086,CR-0000070129,0,0,0,0,Unknown,Sideswipe,02:15,4.0,6
628095,CR-0000074160,0,0,0,0,Unknown,Rear End,00:00,4.0,5
628096,CR-0000069873,0,0,0,0,Unknown,Sideswipe,07:20,4.0,6
628097,CR-0000075311,1,0,0,0,Violation Driver 1,Vehicle/Pedestrian,01:50,5.0,8
628098,CR-0000075309,0,0,0,0,Violation Driver 1,Rear End,13:18,5.0,5
628103,CR-0000077997,0,0,0,0,Violation Driver 1,Hit Object,06:24,5.0,2
628104,CR-0000071858,0,0,0,0,Violation Driver 1,Hit Object,05:13,5.0,2
628105,CR-0000059680,0,0,0,0,Violation Driver 1,Head On,03:01,5.0,1
628106,CR-0000074472,0,0,0,0,Unknown,Head On,15:43,4.0,1
628107,CR-0000074973,0,0,0,0,Unknown,Broadside,14:00,4.0,0
628108,CR-0000069939,0,0,0,0,Unknown,Rear End,18:50,4.0,5
628109,CR-0000074393,0,0,0,0,Unknown,Rear End,09:50,4.0,5
628113,CR-0000065918,0,0,0,0,Unknown,Rear End,08:00,4.0,5
628114,CR-0000066080,0,0,0,0,Unknown,Sideswipe,14:30,4.0,6
628115,CR-0000065978,0,0,0,0,Unknown,Rear End,22:15,4.0,5
628124,CR-0000077876,0,0,0,0,Unknown,Rear End,18:30,4.0,5
628125,CR-0000074054,2,0,0,0,Violation Driver 1,Broadside,21:24,5.0,0
628126,CR-0000074557,0,0,0,0,Unknown,Vehicle/Bike,07:15,4.0,7
628127,CR-0000073998,0,0,0,0,Violation Driver 1,Rear End,13:38,5.0,5
628128,CR-0000073956,0,0,0,0,Violation Driver 1,Broadside,13:46,5.0,0
628129,CR-0000075157,0,0,0,0,Unknown,Sideswipe,16:02,4.0,6
628130,CR-0000075344,0,0,0,0,Violation Driver 1,Rear End,17:55,5.0,5
628131,CR-0000075341,0,0,0,0,Unknown,Other,19:30,4.0,3
628132,CR-0000066491,0,0,0,0,Violation Driver 1,Sideswipe,10:50,5.0,6
628140,CR-0000065532,0,0,0,0,Unknown,Hit Object,07:50,4.0,2
628141,CR-0000065781,0,0,0,1,Unknown,Vehicle/Pedestrian,00:23,4.0,8
628142,CR-0000070355,0,0,0,0,Violation Driver 1,Sideswipe,21:00,5.0,6
628143,CR-0000060256,0,1,0,0,Violation Driver 1,Hit Object,07:16,5.0,2
628144,CR-0000077217,0,0,0,0,Violation Driver 1,Hit Object,23:53,5.0,2
628145,CR-0000060113,0,0,0,0,Violation Driver 1,Hit Object,04:26,5.0,2
628146,CR-0000067418,0,0,0,0,Violation Driver 1,Head On,18:08,5.0,1
628147,CR-0000067252,0,0,0,0,Violation Driver 1,Hit Object,20:56,5.0,2
628157,CR-0000073970,0,0,0,0,Violation Driver 1,Vehicle/Bike,17:30,5.0,7
628158,CR-0000075156,0,0,0,0,Unknown,Sideswipe,17:00,4.0,6
628159,CR-0000069889,0,0,0,0,Unknown,Vehicle/Pedestrian,20:15,4.0,8
628160,CR-0000069880,0,0,0,0,Unknown,Hit Object,18:10,4.0,2
628161,CR-0000075342,1,0,0,0,Unknown,Vehicle/Bike,18:30,4.0,7
628162,CR-0000075019,3,0,0,0,Unknown,Broadside,17:12,4.0,0
628163,CR-0000075317,0,0,0,0,Violation Driver 1,Broadside,00:45,5.0,0
628164,CR-0000073793,1,0,0,0,Violation Driver 1,Broadside,19:29,5.0,0
628165,CR-0000074271,1,0,0,0,Violation Driver 1,Rear End,03:15,5.0,5
628166,CR-0000075068,0,0,1,0,Unknown,Broadside,11:05,4.0,0
628167,CR-0000074459,0,0,0,0,Violation Driver 1,Sideswipe,23:20,5.0,6
628168,CR-0000069941,0,0,0,0,Violation Driver 1,Head On,21:30,5.0,1
628169,CR-0000074218,1,1,0,0,Violation Driver 1,Rear End,17:19,5.0,5
628170,CR-0000074359,0,0,1,0,Violation Driver 1,Head On,17:56,5.0,1
628171,CR-0000077873,0,0,0,0,Unknown,Sideswipe,03:00,4.0,6
628172,CR-0000074957,0,0,0,0,Unknown,Sideswipe,18:28,4.0,6
628179,CR-0000077187,0,0,0,0,Violation Driver 1,Hit Object,00:30,5.0,2
628180,CR-0000060010,0,0,0,0,Violation Driver 1,Hit Object,01:00,5.0,2
628194,CR-0000067386,0,0,0,0,Violation Driver 1,Head On,02:21,5.0,1
628195,CR-0000067092,0,0,0,0,Violation Driver 1,Hit Object,12:38,5.0,2
628208,CR-0000066149,0,0,0,0,Unknown,Sideswipe,19:05,4.0,6
628209,CR-0000061303,3,1,0,0,Violation Driver 1,Head On,18:00,5.0,1
628210,CR-0000069758,0,0,0,0,Unknown,Sideswipe,11:00,4.0,6
628211,CR-0000073339,0,0,0,0,Violation Driver 1,Broadside,10:00,5.0,0
628212,CR-0000073324,1,0,0,0,Violation Driver 1,Overturned,09:10,5.0,4
628228,CR-0000074391,0,0,0,0,Unknown,Rear End,17:48,4.0,5
628229,CR-0000077875,0,0,0,0,Unknown,Rear End,00:00,4.0,5
628236,CR-0000074738,0,0,0,1,Unknown,Vehicle/Pedestrian,00:40,4.0,8
628237,CR-0000058447,0,0,0,0,Unknown,Rear End,23:14,4.0,5
628238,CR-0000058446,0,0,0,0,Unknown,Sideswipe,08:45,4.0,6
628239,CR-0000058408,0,0,0,0,Unknown,Rear End,23:50,4.0,5
628240,CR-0000058255,0,0,0,0,Unknown,Sideswipe,05:30,4.0,6
628241,CR-0000065549,1,0,0,0,Violation Driver 1,Hit Object,12:00,5.0,2
628242,CR-0000069526,0,0,0,0,Unknown,Rear End,08:30,4.0,5
628243,CR-0000065667,0,0,0,0,Unknown,Sideswipe,00:15,4.0,6
628244,CR-0000065508,0,0,0,0,Unknown,Sideswipe,10:20,4.0,6
628245,CR-0000065602,0,0,0,0,Unknown,Rear End,16:50,4.0,5
628246,CR-0000065473,0,0,0,0,Unknown,Broadside,12:30,4.0,0
628247,CR-0000065456,1,0,0,0,Violation Driver 1,Broadside,08:50,5.0,0
628248,CR-0000065440,0,0,0,0,Unknown,Rear End,12:50,4.0,5
628249,CR-0000074618,1,0,0,0,Unknown,Broadside,11:10,4.0,0
628250,CR-0000074540,0,0,0,1,Unknown,Vehicle/Pedestrian,21:42,4.0,8
628251,CR-0000074536,0,0,0,0,Violation Driver 1,Rear End,11:00,5.0,5
628252,CR-0000073305,0,0,0,0,Violation Driver 1,Sideswipe,00:00,5.0,6
628253,CR-0000074958,0,0,0,0,Unknown,Head On,21:00,4.0,1
628254,CR-0000058432,0,0,0,0,Unknown,Rear End,05:05,4.0,5
628255,CR-0000058277,0,0,0,0,Violation Driver 1,Head On,08:20,5.0,1
628256,CR-0000061523,0,0,0,0,Violation Driver 1,Rear End,11:26,5.0,5
628257,CR-0000061492,0,0,0,0,Violation Driver 1,Broadside,22:33,5.0,0
628258,CR-0000061490,0,0,0,0,Violation Driver 1,Hit Object,23:51,5.0,2
628259,CR-0000072786,1,0,0,0,Violation Driver 1,Broadside,07:53,5.0,0
628263,CR-0000074749,0,0,0,0,Violation Driver 1,Sideswipe,08:20,5.0,6
628264,CR-0000058422,0,0,0,0,Parked/Rolling,Head On,17:30,,1
628265,CR-0000058421,1,0,0,0,Violation Driver 1,Head On,12:30,5.0,1
628266,CR-0000058279,0,0,0,0,Violation Driver 1,Rear End,12:00,5.0,5
628267,CR-0000058416,0,0,0,0,Unknown,Sideswipe,22:08,4.0,6
628268,CR-0000072784,0,0,0,0,Violation Driver 1,Broadside,02:46,5.0,0
628269,CR-0000070328,0,0,0,0,Unknown,Sideswipe,16:30,4.0,6
628270,CR-0000069979,0,0,0,0,Unknown,Broadside,21:15,4.0,0
628271,CR-0000072818,0,0,0,0,Violation Driver 1,Sideswipe,08:11,5.0,6
628272,CR-0000070076,0,0,0,0,Violation Driver 1,Sideswipe,18:00,5.0,6
628273,CR-0000070227,0,0,0,0,Unknown,Sideswipe,17:30,4.0,6
628274,CR-0000059420,1,0,0,0,Violation Driver 1,Broadside,10:32,5.0,0
628275,CR-0000058407,0,0,0,0,Unknown,Sideswipe,18:10,4.0,6
628276,CR-0000058258,0,0,0,0,Unknown,Broadside,05:30,4.0,0
628277,CR-0000058256,0,0,0,0,Unknown,Sideswipe,14:00,4.0,6
628303,CR-0000070346,0,0,0,0,Unknown,Rear End,08:50,4.0,5
628304,CR-0000058386,0,0,0,0,Unknown,Sideswipe,00:00,4.0,6
628305,CR-0000058377,0,0,0,0,Violation Driver 1,Broadside,07:00,5.0,0
628306,CR-0000058361,1,0,0,0,Violation Driver 1,Broadside,09:50,5.0,0
628307,CR-0000073379,1,1,0,0,Violation Driver 1,Hit Object,20:38,5.0,2
628308,CR-0000070023,1,1,1,0,Unknown,Head On,15:02,4.0,1
628322,CR-0000069641,0,0,0,0,Unknown,Sideswipe,22:31,4.0,6
628323,CR-0000069551,0,0,0,0,Unknown,Head On,16:20,4.0,1
628324,CR-0000069549,0,0,0,0,Violation Driver 1,Head On,21:32,5.0,1
628325,CR-0000065537,1,0,0,0,Unknown,Broadside,19:13,4.0,0
628326,CR-0000065681,0,0,0,0,Violation Driver 1,Rear End,17:15,5.0,5
628327,CR-0000065654,0,0,0,0,Unknown,Broadside,09:30,4.0,0
628328,CR-0000069841,0,0,0,0,Unknown,Sideswipe,03:00,4.0,6
628329,CR-0000065583,0,0,1,0,Unknown,Sideswipe,23:35,4.0,6
628330,CR-0000065460,1,0,0,0,Violation Driver 1,Broadside,14:52,5.0,0
628331,CR-0000061226,0,0,0,0,Violation Driver 1,Rear End,19:25,5.0,5
628332,CR-0000065621,0,0,0,0,Unknown,Sideswipe,11:57,4.0,6
628333,CR-0000069421,0,0,0,0,Unknown,Vehicle/Pedestrian,19:30,4.0,8
628340,CR-0000058400,1,0,0,0,Violation Driver 1,Rear End,17:22,5.0,5
628341,CR-0000070032,0,0,0,0,Unknown,Sideswipe,23:57,4.0,6
628342,CR-0000070538,1,0,0,0,Violation Driver 1,Head On,14:10,5.0,1
628343,CR-0000070007,0,0,0,0,Unknown,Other,02:00,4.0,3
628344,CR-0000073196,0,0,0,0,Violation Driver 1,Rear End,19:26,5.0,5
628345,CR-0000073241,0,0,0,1,Violation Driver 1,Vehicle/Pedestrian,23:09,5.0,8
628346,CR-0000073224,1,0,0,0,Violation Driver 1,Rear End,17:05,5.0,5
628347,CR-0000070389,0,0,0,0,Unknown,Broadside,15:08,4.0,0
628352,CR-0000069437,0,0,0,0,Unknown,Rear End,14:30,4.0,5
628353,CR-0000064868,0,0,0,0,Fell Asleep,Head On,01:26,,1
628354,CR-0000074489,0,0,0,0,Unknown,Sideswipe,15:30,4.0,6
628355,CR-0000075025,1,0,0,0,Violation Driver 1,Hit Object,02:10,5.0,2
628356,CR-0000075310,1,0,0,0,Violation Driver 1,Broadside,10:00,5.0,0
628357,CR-0000074972,0,0,0,0,Unknown,Rear End,07:30,4.0,5
628358,CR-0000074394,0,0,0,0,Violation Driver 1,Sideswipe,22:00,5.0,6
628359,CR-0000074743,1,0,0,0,Unknown,Vehicle/Bike,18:03,4.0,7
628360,CR-0000058448,0,0,0,0,Unknown,Sideswipe,14:20,4.0,6
628361,CR-0000058433,0,0,0,0,Violation Driver 1,Broadside,05:32,5.0,0
628368,CR-0000074545,0,0,0,1,Unknown,Vehicle/Pedestrian,19:30,4.0,8
628369,CR-0000074524,0,0,0,0,Unknown,Broadside,11:08,4.0,0
628370,CR-0000075883,1,0,0,0,Unknown,Broadside,19:50,4.0,0
628371,CR-0000074513,0,0,0,0,Unknown,Rear End,17:30,4.0,5
628372,CR-0000074506,0,0,0,0,Unknown,Sideswipe,12:10,4.0,6
628373,CR-0000074505,0,0,0,0,Unknown,Broadside,08:45,4.0,0
628374,CR-0000069503,0,0,0,0,Unknown,Sideswipe,08:10,4.0,6
628375,CR-0000069470,0,0,0,0,Unknown,Head On,02:38,4.0,1
628382,CR-0000070109,1,0,0,0,Unknown,Broadside,20:10,4.0,0
628383,CR-0000070345,0,0,0,0,Unknown,Rear End,12:30,4.0,5
628384,CR-0000072753,0,1,0,0,Violation Driver 1,Sideswipe,21:28,5.0,6
628385,CR-0000059418,0,0,0,0,Violation Driver 1,Sideswipe,01:28,5.0,6
628386,CR-0000070019,0,0,0,0,Unknown,Sideswipe,07:35,4.0,6
628387,CR-0000073208,2,0,0,0,Violation Driver 1,Broadside,07:27,5.0,0
628388,CR-0000073292,0,1,0,0,Violation Driver 1,Vehicle/Bike,08:56,5.0,7
628389,CR-0000070419,0,0,0,0,Unknown,Hit Object,22:59,4.0,2
628390,CR-0000065606,0,0,0,0,Unknown,Broadside,05:45,4.0,0
628392,CR-0000073451,0,0,0,0,Violation Driver 1,Other,21:33,5.0,3
628393,CR-0000069888,0,0,0,0,Unknown,Sideswipe,19:00,4.0,6
628394,CR-0000073284,0,0,0,0,Violation Driver 1,Rear End,19:40,5.0,5
628395,CR-0000070479,0,0,0,0,Unknown,Rear End,15:00,4.0,5
628396,CR-0000070424,0,0,0,0,Unknown,Broadside,06:18,4.0,0
628428,CR-0000070423,0,0,0,0,Unknown,Sideswipe,00:00,4.0,6
628429,CR-0000070254,0,0,0,0,Unknown,Hit Object,00:00,4.0,2
628430,CR-0000069951,1,1,0,0,Unknown,Vehicle/Pedestrian,12:31,4.0,8
628453,CR-0000070332,0,0,0,0,Unknown,Sideswipe,17:45,4.0,6
628454,CR-0000070305,0,0,0,0,Unknown,Broadside,22:30,4.0,0
628455,CR-0000069995,0,0,0,0,Unknown,Rear End,20:00,4.0,5
628456,CR-0000058395,1,0,0,0,Violation Driver 1,Sideswipe,06:57,5.0,6
628457,CR-0000058384,0,0,0,0,Violation Driver 1,Broadside,19:21,5.0,0
628458,CR-0000070020,0,0,0,0,Unknown,Sideswipe,15:00,4.0,6
628459,CR-0000070008,0,0,0,0,Unknown,Rear End,13:00,4.0,5
628460,CR-0000070005,0,0,0,0,Unknown,Head On,22:30,4.0,1
628461,CR-0000058413,0,0,0,0,Unknown,Sideswipe,00:00,4.0,6
628462,CR-0000069659,0,0,0,0,Unknown,Sideswipe,13:00,4.0,6
628463,CR-0000065547,0,0,1,0,Unknown,Hit Object,06:15,4.0,2
628464,CR-0000065531,0,0,0,0,Unknown,Rear End,07:15,4.0,5
628465,CR-0000065485,0,1,0,0,Unknown,Vehicle/Pedestrian,13:04,4.0,8
628466,CR-0000069773,0,0,0,0,Unknown,Broadside,18:51,4.0,0
628467,CR-0000074620,0,0,0,0,Unknown,Rear End,02:00,4.0,5
628468,CR-0000074511,2,0,0,0,Unknown,Rear End,08:09,4.0,5
628469,CR-0000061240,0,0,0,0,Violation Driver 1,Broadside,12:39,5.0,0
628470,CR-0000061225,0,0,0,0,Violation Driver 1,Rear End,18:43,5.0,5
628471,CR-0000061692,0,0,0,0,Violation Driver 1,Other,08:00,5.0,3
628472,CR-0000061676,0,1,0,0,Violation Driver 1,Rear End,15:30,5.0,5
628476,CR-0000073287,0,0,0,0,Violation Driver 1,Hit Object,22:09,5.0,2
628477,CR-0000073285,0,0,1,0,Bike At Fault,Vehicle/Bike,07:26,0.0,7
628478,CR-0000070164,0,0,0,0,Other Than Driver,Hit Object,08:07,2.0,2
628479,CR-0000073484,1,0,0,0,Violation Driver 1,Rear End,16:10,5.0,5
628480,CR-0000073262,1,0,0,0,Violation Driver 1,Broadside,00:05,5.0,0
628481,CR-0000073518,1,0,0,0,Violation Driver 1,Broadside,23:30,5.0,0
628482,CR-0000058429,0,1,0,0,Violation Driver 1,Vehicle/Pedestrian,18:00,5.0,8
628515,CR-0000061581,0,0,0,0,Unknown,Rear End,15:00,4.0,5
628516,CR-0000061342,0,0,0,0,Unknown,Rear End,14:04,4.0,5
628517,CR-0000061671,0,0,0,0,Unknown,Broadside,10:30,4.0,0
628518,CR-0000061207,0,0,0,0,Unknown,Other,09:30,4.0,3
628519,CR-0000061272,0,0,0,0,Unknown,Rear End,16:30,4.0,5
628524,CR-0000061563,0,1,0,0,Pedestrian At Fault,Vehicle/Pedestrian,09:37,3.0,8
628525,CR-0000061559,0,0,0,0,Unknown,Rear End,12:35,4.0,5
628526,CR-0000061681,0,0,0,0,Unknown,Rear End,19:19,4.0,5
628527,CR-0000061668,0,1,0,0,Unknown,Hit Object,00:11,4.0,2
628528,CR-0000073501,1,0,0,0,Violation Driver 1,Rear End,16:00,5.0,5
628529,CR-0000069942,0,0,0,0,Unknown,Broadside,20:30,4.0,0
628530,CR-0000069940,0,0,0,0,Unknown,Sideswipe,21:10,4.0,6
628531,CR-0000069933,1,0,0,0,Unknown,Broadside,08:18,4.0,0
628532,CR-0000058443,0,0,0,0,Violation Driver 1,Rear End,19:05,5.0,5
628533,CR-0000065252,0,0,0,0,Unknown,Rear End,17:55,4.0,5
628534,CR-0000065911,0,0,0,0,Unknown,Sideswipe,13:50,4.0,6
628535,CR-0000065994,0,0,0,0,Violation Driver 1,Sideswipe,15:30,5.0,6
628536,CR-0000074029,1,0,0,0,Violation Driver 1,Rear End,10:04,5.0,5
628537,CR-0000075871,0,0,0,0,Unknown,Sideswipe,19:00,4.0,6
628538,CR-0000075857,0,0,0,0,Unknown,Broadside,18:00,4.0,0
628539,CR-0000075257,0,0,0,0,Unknown,Rear End,09:40,4.0,5
628540,CR-0000073922,0,0,0,0,Violation Driver 1,Sideswipe,18:21,5.0,6
628541,CR-0000075632,0,0,0,0,Unknown,Sideswipe,16:08,4.0,6
628542,CR-0000074125,0,0,0,0,Violation Driver 1,Rear End,08:15,5.0,5
628543,CR-0000074893,0,0,0,0,Unknown,Sideswipe,06:30,4.0,6
628544,CR-0000061653,0,0,0,0,Violation Driver 1,Hit Object,16:46,5.0,2
628545,CR-0000061552,1,0,0,0,Violation Driver 1,Broadside,13:20,5.0,0
628546,CR-0000061188,0,0,0,0,Unknown,Hit Object,21:30,4.0,2
628547,CR-0000073683,0,0,0,0,Violation Driver 1,Broadside,17:25,5.0,0
628548,CR-0000073609,1,0,0,0,Unknown,Sideswipe,14:50,4.0,6
628549,CR-0000073606,0,0,0,0,Unknown,Other,17:00,4.0,3
628550,CR-0000073660,0,0,0,0,Unknown,Rear End,09:00,4.0,5
628551,CR-0000075457,0,1,0,0,Violation Driver 1,Vehicle/Pedestrian,08:04,5.0,8
628552,CR-0000074442,0,0,0,0,Violation Driver 1,Broadside,07:46,5.0,0
628553,CR-0000074412,0,0,0,0,Unknown,Sideswipe,16:00,4.0,6
628554,CR-0000074832,0,0,0,0,Unknown,Sideswipe,16:02,4.0,6
628555,CR-0000059102,0,0,0,0,Unknown,Rear End,07:00,4.0,5
628556,CR-0000058387,1,1,0,0,Violation Driver 1,Broadside,00:05,5.0,0
628557,CR-0000058308,1,0,0,0,Violation Driver 1,Rear End,17:28,5.0,5
628558,CR-0000058358,0,0,0,0,Violation Driver 1,Sideswipe,20:00,5.0,6
628562,CR-0000072746,1,0,0,0,Violation Driver 1,Hit Object,17:10,5.0,2
628563,CR-0000059971,0,0,0,0,Violation Driver 1,Hit Object,00:29,5.0,2
628564,CR-0000066437,0,0,0,0,Violation Driver 1,Head On,05:11,5.0,1
628566,CR-0000065828,0,0,0,0,Unknown,Sideswipe,12:01,4.0,6
628567,CR-0000065971,0,0,0,0,Unknown,Sideswipe,23:48,4.0,6
628568,CR-0000065811,0,0,0,0,Unknown,Sideswipe,21:00,4.0,6
628569,CR-0000065810,0,0,0,0,Unknown,Rear End,12:45,4.0,5
628570,CR-0000074043,2,0,0,0,Violation Driver 1,Broadside,21:25,5.0,0
628571,CR-0000070672,0,1,0,0,Unknown,Broadside,17:25,4.0,0
628572,CR-0000069883,0,0,0,0,Unknown,Sideswipe,09:53,4.0,6
628573,CR-0000069683,0,0,0,0,Unknown,Broadside,17:10,4.0,0
628574,CR-0000065921,1,0,0,0,Unknown,Rear End,17:54,4.0,5
628575,CR-0000065846,0,0,0,0,Unknown,Rear End,09:15,4.0,5
628576,CR-0000065826,0,0,0,0,Unknown,Sideswipe,01:30,4.0,6
628577,CR-0000061065,2,0,0,0,Violation Driver 1,Rear End,11:02,5.0,5
628578,CR-0000066196,1,0,0,1,Unknown,Broadside,07:39,4.0,0
628579,CR-0000061134,2,0,0,0,Violation Driver 1,Broadside,17:59,5.0,0
628580,CR-0000061110,1,0,0,0,Violation Driver 1,Vehicle/Bike,23:55,5.0,7
628581,CR-0000072923,0,0,0,0,Unknown,Other,00:00,4.0,3
628582,CR-0000072922,0,0,0,0,Unknown,Sideswipe,00:00,4.0,6
628583,CR-0000073366,0,0,0,0,Violation Driver 1,Head On,09:52,5.0,1
628584,CR-0000065790,0,0,0,0,Unknown,Rear End,17:10,4.0,5
628585,CR-0000066064,0,0,0,0,Unknown,Sideswipe,15:30,4.0,6
628586,CR-0000075106,1,0,0,0,Unknown,Broadside,10:45,4.0,0
628587,CR-0000075297,0,0,0,0,Unknown,Sideswipe,11:26,4.0,6
628588,CR-0000075288,0,1,0,0,Unknown,Vehicle/Bike,09:20,4.0,7
628589,CR-0000075267,0,0,0,0,Unknown,Rear End,15:18,4.0,5
628590,CR-0000075265,0,0,0,0,Violation Driver 1,Sideswipe,08:20,5.0,6
628591,CR-0000073559,0,1,0,0,Unknown,Rear End,02:38,4.0,5
628592,CR-0000073985,1,0,0,0,Bike At Fault,Vehicle/Bike,09:07,0.0,7
628593,CR-0000073445,1,1,0,1,Violation Driver 1,Broadside,15:24,5.0,0
628594,CR-0000073842,0,0,0,0,Unknown,Rear End,22:30,4.0,5
628595,CR-0000073827,0,0,0,0,Unknown,Rear End,08:11,4.0,5
628596,CR-0000075775,0,0,0,0,Unknown,Sideswipe,11:00,4.0,6
628597,CR-0000075377,0,0,0,0,Unknown,Head On,04:00,4.0,1
628598,CR-0000074116,0,1,0,0,Violation Driver 1,Broadside,15:32,5.0,0
628599,CR-0000074109,1,0,0,0,Bike At Fault,Vehicle/Bike,15:00,0.0,7
628606,CR-0000060468,0,1,0,0,Violation Driver 1,Hit Object,01:51,5.0,2
628607,CR-0000058829,1,0,0,0,Violation Driver 1,Hit Object,03:23,5.0,2
628608,CR-0000074343,0,0,0,0,Unknown,Rear End,17:50,4.0,5
628609,CR-0000073586,0,0,0,0,Violation Driver 1,Hit Object,15:33,5.0,2
628610,CR-0000073889,2,0,0,0,Violation Driver 1,Broadside,13:00,5.0,0
628611,CR-0000074097,0,0,0,0,Unknown,Rear End,20:38,4.0,5
628612,CR-0000073743,0,1,0,0,Violation Driver 1,Rear End,11:20,5.0,5
628613,CR-0000073723,0,0,0,0,Unknown,Other,07:40,4.0,3
628614,CR-0000073845,1,0,0,0,Violation Driver 1,Sideswipe,22:57,5.0,6
628615,CR-0000073442,0,0,0,0,Unknown,Head On,00:00,4.0,1
628616,CR-0000065694,0,0,0,0,Unknown,Hit Object,09:55,4.0,2
628617,CR-0000065693,0,0,0,0,Unknown,Sideswipe,13:40,4.0,6
628618,CR-0000065777,0,0,0,0,Unknown,Rear End,14:00,4.0,5
628619,CR-0000061082,2,0,0,0,Violation Driver 1,Rear End,08:58,5.0,5
628620,CR-0000069815,0,0,0,0,Violation Driver 1,Sideswipe,13:38,5.0,6