CrashFactId,Name,MinorInjuries,ModerateInjuries,SevereInjuries,FatalInjuries,PrimaryCollisionFactor,CollisionType,CrashTime,PrimaryCollisionFactor_Code,CollisionType_Code
629466,CR-0000060706,0,0,0,0,Violation Driver 1,Hit Object,00:38,5.0,2
629467,CR-0000067415,0,0,0,1,Violation Driver 1,Hit Object,21:36,5.0,2
629468,CR-0000060963,0,0,0,0,Violation Driver 1,Head On,07:09,5.0,1
629472,CR-0000058859,0,0,0,0,Violation Driver 1,Hit Object,01:03,5.0,2
629473,CR-0000065891,0,0,0,0,Unknown,Sideswipe,18:35,4.0,6
629474,CR-0000065885,0,0,0,0,Violation Driver 1,Sideswipe,06:40,5.0,6
629475,CR-0000065882,0,0,0,0,Unknown,Head On,18:30,4.0,1
629479,CR-0000059089,0,0,0,0,Violation Driver 1,Broadside,19:48,5.0,0
629480,CR-0000059077,0,0,0,0,Violation Driver 1,Sideswipe,11:00,5.0,6
629481,CR-0000073399,0,0,0,0,Unknown,Sideswipe,12:30,4.0,6
629482,CR-0000073750,0,0,0,0,Violation Driver 1,Rear End,20:51,5.0,5
629483,CR-0000065864,0,0,0,0,Unknown,Sideswipe,15:00,4.0,6
629484,CR-0000069691,0,0,0,0,Unknown,Rear End,17:14,4.0,5
629485,CR-0000065720,0,0,0,0,Unknown,Broadside,15:08,4.0,0
629486,CR-0000065937,0,0,0,0,Unknown,Rear End,11:37,4.0,5
629487,CR-0000069975,0,0,0,0,Unknown,Broadside,08:52,4.0,0
629488,CR-0000073698,0,0,0,0,Violation Driver 1,Vehicle/Bike,14:55,5.0,7
629489,CR-0000073126,0,0,0,0,Unknown,Sideswipe,00:00,4.0,6
629490,CR-0000073643,0,0,0,0,Unknown,Rear End,17:30,4.0,5
629495,CR-0000073644,0,0,0,0,Unknown,Rear End,17:20,4.0,5
629496,CR-0000073920,1,1,0,0,Violation Driver 1,Broadside,17:22,5.0,0
629497,CR-0000072778,0,0,0,0,Unknown,Rear End,17:30,4.0,5
629498,CR-0000072957,0,0,0,0,Unknown,Rear End,16:30,4.0,5
629499,CR-0000073199,0,0,0,0,Unknown,Rear End,14:30,4.0,5
629500,CR-0000073179,0,0,0,0,Unknown,Sideswipe,11:20,4.0,6
629501,CR-0000073967,0,0,0,0,Violation Driver 1,Rear End,14:13,5.0,5
629502,CR-0000073804,0,0,0,0,Violation Driver 1,Rear End,21:15,5.0,5
629503,CR-0000065729,0,0,0,0,Violation Driver 1,Head On,09:43,5.0,1
629504,CR-0000066236,0,0,0,0,Unknown,Sideswipe,16:03,4.0,6
629505,CR-0000065722,0,0,0,0,Unknown,Rear End,19:00,4.0,5
629506,CR-0000069764,3,0,0,0,Unknown,Rear End,12:10,4.0,5
629507,CR-0000070100,0,0,0,0,Unknown,Broadside,14:15,4.0,0
629508,CR-0000069982,0,0,0,0,Unknown,Rear End,17:15,4.0,5
629509,CR-0000059411,0,0,0,0,Violation Driver 1,Sideswipe,08:04,5.0,6
629510,CR-0000059062,0,0,0,0,Unknown,Rear End,13:20,4.0,5
629519,CR-0000061551,2,0,0,0,Unknown,Rear End,15:05,4.0,5
629534,CR-0000073165,0,0,0,0,Unknown,Rear End,08:06,4.0,5
629535,CR-0000073154,0,0,0,0,Unknown,Sideswipe,01:00,4.0,6
629536,CR-0000073217,2,0,0,0,Unknown,Broadside,08:27,4.0,0
629537,CR-0000073959,2,0,0,0,Violation Driver 1,Broadside,17:13,5.0,0
629538,CR-0000065270,0,0,0,0,Unknown,Sideswipe,11:29,4.0,6
629539,CR-0000069826,0,0,0,0,Unknown,Broadside,10:00,4.0,0
629540,CR-0000065136,0,0,0,0,Unknown,Broadside,12:00,4.0,0
629548,CR-0000073624,1,0,0,0,Violation Driver 1,Rear End,16:12,5.0,5
629549,CR-0000072612,0,0,0,0,Unknown,Rear End,11:50,4.0,5
629550,CR-0000072611,0,0,0,0,Violation Driver 1,Hit Object,22:25,5.0,2
629551,CR-0000072888,0,0,0,0,Unknown,Broadside,01:09,4.0,0
629552,CR-0000073658,0,0,0,0,Unknown,Rear End,19:10,4.0,5
629571,CR-0000060392,1,0,0,0,Violation Driver 1,Head On,09:07,5.0,1
629572,CR-0000072434,1,0,0,0,Other Improper Driving,Rear End,19:34,1.0,5
629573,CR-0000061138,0,0,0,0,Violation Driver 1,Hit Object,11:50,5.0,2
629574,CR-0000060904,0,1,0,0,Violation Driver 1,Head On,10:57,5.0,1
629575,CR-0000058307,0,0,1,0,Violation Driver 1,Broadside,17:43,5.0,0
629576,CR-0000073384,0,0,0,0,Unknown,Hit Object,01:56,4.0,2
629577,CR-0000065865,0,0,0,0,Unknown,Hit Object,08:30,4.0,2
629578,CR-0000065703,0,1,0,0,Unknown,Sideswipe,18:18,4.0,6
629579,CR-0000069957,0,0,0,0,Unknown,Broadside,16:35,4.0,0
629580,CR-0000059101,2,0,0,0,Violation Driver 1,Rear End,14:57,5.0,5
629581,CR-0000059085,0,1,0,0,Violation Driver 1,Rear End,14:15,5.0,5
629582,CR-0000073414,0,0,0,0,Unknown,Broadside,09:52,4.0,0
629583,CR-0000073817,0,0,0,0,Violation Driver 1,Sideswipe,17:19,5.0,6
629584,CR-0000073735,1,0,0,0,Violation Driver 1,Vehicle/Pedestrian,20:17,5.0,8
629585,CR-0000073734,0,1,0,0,Bike At Fault,Vehicle/Pedestrian,07:41,0.0,8
629586,CR-0000073221,0,0,0,0,Unknown,Sideswipe,07:55,4.0,6
629587,CR-0000073206,0,0,0,0,Unknown,Sideswipe,23:00,4.0,6
629588,CR-0000073428,0,0,0,0,Unknown,Sideswipe,02:30,4.0,6
629589,CR-0000073427,0,0,0,0,Unknown,Sideswipe,17:15,4.0,6
629599,CR-0000073803,1,1,0,0,Violation Driver 1,Rear End,11:38,5.0,5
629600,CR-0000073279,0,0,0,0,Unknown,Sideswipe,18:00,4.0,6
629601,CR-0000073276,0,0,0,0,Violation Driver 1,Broadside,17:24,5.0,0
629602,CR-0000073547,1,0,0,0,Violation Driver 1,Broadside,10:55,5.0,0
629603,CR-0000073271,0,0,0,0,Unknown,Rear End,13:11,4.0,5
629604,CR-0000061583,0,0,0,0,Violation Driver 1,Rear End,02:00,5.0,5
629621,CR-0000070055,0,0,0,0,Unknown,Sideswipe,08:35,4.0,6
629691,CR-0000073268,0,0,0,0,Unknown,Sideswipe,19:00,4.0,6
629692,CR-0000073253,0,0,0,0,Unknown,Sideswipe,12:50,4.0,6
629693,CR-0000061601,0,1,0,0,Pedestrian At Fault,Vehicle/Pedestrian,21:09,3.0,8
629694,CR-0000061216,0,0,0,0,Unknown,Hit Object,17:15,4.0,2
629695,CR-0000067848,0,0,0,0,Unknown,Rear End,22:00,4.0,5
629696,CR-0000073344,0,0,0,0,Unknown,Sideswipe,14:05,4.0,6
629700,CR-0000061566,0,0,0,0,Violation Driver 1,Sideswipe,10:17,5.0,6
629701,CR-0000061699,1,0,0,0,Violation Driver 1,Rear End,15:54,5.0,5
629702,CR-0000061666,2,0,0,0,Violation Driver 1,Rear End,16:49,5.0,5
629703,CR-0000061549,0,2,0,0,Violation Driver 1,Broadside,13:27,5.0,0
629704,CR-0000061157,0,0,0,0,Unknown,Sideswipe,05:30,4.0,6
629705,CR-0000073335,0,0,0,0,Unknown,Sideswipe,04:30,4.0,6
629706,CR-0000073090,0,0,0,0,Unknown,Rear End,10:20,4.0,5
629707,CR-0000073702,2,0,0,0,Violation Driver 1,Broadside,07:25,5.0,0
629716,CR-0000059053,0,0,0,0,Violation Driver 1,Broadside,13:51,5.0,0
629717,CR-0000058346,1,0,0,0,Violation Driver 1,Rear End,12:35,5.0,5
629718,CR-0000058368,1,0,0,0,Unknown,Rear End,18:22,4.0,5
629719,CR-0000058325,0,0,0,0,Unknown,Broadside,10:20,4.0,0
629720,CR-0000058311,0,0,0,0,Violation Driver 1,Sideswipe,00:30,5.0,6
629721,CR-0000069853,0,0,0,0,Violation Driver 1,Rear End,15:45,5.0,5
629722,CR-0000069918,0,0,0,0,Unknown,Rear End,15:20,4.0,5
629723,CR-0000065588,1,0,0,0,Unknown,Broadside,08:55,4.0,0
629729,CR-0000058385,1,0,0,0,Violation Driver 1,Broadside,19:33,5.0,0
629730,CR-0000058367,0,1,0,0,Violation Driver 1,Vehicle/Pedestrian,18:16,5.0,8
629731,CR-0000058310,2,1,0,1,Violation Driver 1,Sideswipe,02:35,5.0,6
629732,CR-0000058324,0,0,0,0,Violation Driver 1,Broadside,23:22,5.0,0
629733,CR-0000059071,1,2,1,0,Violation Driver 1,Hit Object,03:09,5.0,2
629734,CR-0000058303,0,0,0,0,Unknown,Sideswipe,07:00,4.0,6
629735,CR-0000058344,0,0,0,0,Violation Driver 1,Rear End,08:58,5.0,5
629736,CR-0000058329,0,0,0,0,Pedestrian At Fault,Rear End,10:40,3.0,5
629737,CR-0000058322,1,0,0,0,Violation Driver 1,Sideswipe,17:13,5.0,6
629738,CR-0000058253,0,0,0,0,Unknown,Sideswipe,07:35,4.0,6
629739,CR-0000073819,0,0,0,0,Violation Driver 1,Sideswipe,10:10,5.0,6
629740,CR-0000061483,0,0,0,0,Violation Driver 1,Broadside,15:32,5.0,0
629741,CR-0000061565,2,0,0,0,Violation Driver 1,Sideswipe,10:09,5.0,6
629742,CR-0000061054,1,0,0,0,Unknown,Vehicle/Pedestrian,15:02,4.0,8
629743,CR-0000061417,0,0,0,0,Violation Driver 1,Hit Object,10:45,5.0,2
629744,CR-0000060975,0,0,0,0,Unknown,Sideswipe,10:00,4.0,6
629745,CR-0000061186,0,0,0,0,Violation Driver 1,Sideswipe,17:30,5.0,6
629789,CR-0000073147,0,0,0,0,Unknown,Rear End,12:00,4.0,5
629790,CR-0000073687,0,0,0,0,Violation Driver 1,Broadside,02:30,5.0,0
629791,CR-0000073952,0,0,0,0,Violation Driver 1,Rear End,13:16,5.0,5
629798,CR-0000065543,0,0,0,0,Unknown,Sideswipe,18:45,4.0,6
629799,CR-0000065768,0,0,0,0,Violation Driver 1,Rear End,17:40,5.0,5
629800,CR-0000065421,0,0,0,0,Unknown,Sideswipe,19:00,4.0,6
629805,CR-0000073123,0,0,0,0,Unknown,Sideswipe,01:00,4.0,6
629806,CR-0000072851,0,1,0,0,Unknown,Broadside,20:26,4.0,0
629807,CR-0000073001,0,0,0,0,Unknown,Sideswipe,06:00,4.0,6
629808,CR-0000072886,0,0,0,0,Unknown,Rear End,08:53,4.0,5
629809,CR-0000074304,0,0,0,0,Unknown,Head On,01:35,4.0,1
629810,CR-0000074185,0,0,0,0,Unknown,Rear End,09:45,4.0,5
629817,CR-0000061163,0,0,0,0,Violation Driver 1,Sideswipe,14:10,5.0,6
629818,CR-0000073148,0,0,0,0,Unknown,Broadside,13:50,4.0,0
629819,CR-0000073943,1,0,0,0,Violation Driver 1,Sideswipe,09:40,5.0,6
629826,CR-0000065567,0,0,0,0,Unknown,Sideswipe,14:11,4.0,6
629827,CR-0000069780,0,0,0,0,Unknown,Sideswipe,17:45,4.0,6
629828,CR-0000072652,0,0,0,0,Unknown,Sideswipe,12:30,4.0,6
629829,CR-0000073075,0,0,0,0,Unknown,Broadside,22:30,4.0,0
629830,CR-0000072830,0,0,0,0,Unknown,Rear End,17:15,4.0,5
629831,CR-0000073598,0,0,0,0,Violation Driver 1,Broadside,18:30,5.0,0
629832,CR-0000073584,3,0,0,0,Violation Driver 1,Head On,16:30,5.0,1
629842,CR-0000069573,0,0,0,0,Violation Driver 1,Sideswipe,23:00,5.0,6
629843,CR-0000058340,0,0,0,0,Unknown,Hit Object,09:00,4.0,2
629844,CR-0000058339,0,0,0,0,Unknown,Sideswipe,14:00,4.0,6
629845,CR-0000058381,0,1,0,0,Violation Driver 1,Vehicle/Pedestrian,17:29,5.0,8
629846,CR-0000058127,0,1,0,0,Violation Driver 1,Rear End,17:29,5.0,5
629847,CR-0000073361,0,0,0,0,Violation Driver 1,Rear End,00:26,5.0,5
629856,CR-0000073172,0,0,0,0,Violation Driver 1,Rear End,18:28,5.0,5
629857,CR-0000073218,0,0,0,0,Violation Driver 1,Rear End,19:08,5.0,5
629858,CR-0000072733,0,0,0,0,Other Improper Driving,Sideswipe,23:25,1.0,6
629859,CR-0000073296,0,0,0,0,Violation Driver 1,Rear End,16:02,5.0,5
629860,CR-0000073290,0,1,0,0,Violation Driver 1,Broadside,13:58,5.0,0
629861,CR-0000072720,0,0,0,0,Violation Driver 1,Rear End,00:23,5.0,5
629862,CR-0000072719,1,0,0,0,Violation Driver 1,Broadside,19:35,5.0,0
629865,CR-0000058328,0,0,0,0,Unknown,Sideswipe,08:30,4.0,6
629866,CR-0000058378,0,0,0,0,Violation Driver 1,Hit Object,10:25,5.0,2
629867,CR-0000058326,0,0,0,0,Unknown,Sideswipe,22:00,4.0,6
629868,CR-0000058282,1,0,0,0,Unknown,Broadside,15:40,4.0,0
629869,CR-0000069608,0,0,0,0,Unknown,Broadside,20:15,4.0,0
629877,CR-0000065708,0,0,0,0,Unknown,Rear End,17:20,4.0,5
629881,CR-0000073347,0,0,0,0,Unknown,Sideswipe,06:00,4.0,6
629882,CR-0000073320,0,0,0,1,Unknown,Hit Object,16:12,4.0,2
629883,CR-0000073149,0,1,0,0,Bike At Fault,Vehicle/Bike,13:37,0.0,7
629884,CR-0000073700,0,2,0,0,Violation Driver 1,Rear End,21:42,5.0,5
629885,CR-0000058398,1,0,0,0,Bike At Fault,Broadside,12:57,0.0,0
629886,CR-0000058365,1,0,0,0,Bike At Fault,Sideswipe,17:11,0.0,6
629887,CR-0000073157,0,0,0,0,Violation Driver 1,Hit Object,11:02,5.0,2
629888,CR-0000073022,0,0,0,0,Violation Driver 1,Sideswipe,15:30,5.0,6
629889,CR-0000073408,0,1,0,0,Violation Driver 1,Vehicle/Bike,08:55,5.0,7
629890,CR-0000069859,0,0,0,0,Unknown,Rear End,09:30,4.0,5
629891,CR-0000072718,0,0,0,0,Violation Driver 1,Broadside,18:16,5.0,0
629892,CR-0000074019,0,0,0,0,Violation Driver 1,Sideswipe,23:23,5.0,6
629893,CR-0000073635,0,0,0,0,Violation Driver 1,Rear End,00:25,5.0,5
629894,CR-0000073634,1,1,0,0,Violation Driver 1,Broadside,22:30,5.0,0
629895,CR-0000065391,0,0,0,0,Unknown,Sideswipe,07:38,4.0,6
629896,CR-0000069647,1,0,0,0,Unknown,Rear End,00:10,4.0,5
629897,CR-0000065783,1,0,0,0,Unknown,Broadside,11:00,4.0,0
629898,CR-0000065670,0,0,0,0,Unknown,Broadside,18:00,4.0,0
629906,CR-0000065690,0,0,0,0,Unknown,Rear End,08:50,4.0,5
629907,CR-0000065609,0,0,0,0,Unknown,Sideswipe,14:00,4.0,6
629908,CR-0000058342,0,0,0,0,Unknown,Rear End,00:00,4.0,5
629913,CR-0000058257,0,0,0,0,Unknown,Sideswipe,12:50,4.0,6
629925,CR-0000073389,0,0,0,0,Violation Driver 1,Sideswipe,03:30,5.0,6
629926,CR-0000073190,0,0,0,0,Violation Driver 1,Broadside,18:14,5.0,0
629927,CR-0000073159,1,0,0,0,Violation Driver 1,Broadside,22:22,5.0,0
629935,CR-0000073298,1,1,0,2,Violation Driver 1,Broadside,12:34,5.0,0
629936,CR-0000072735,0,0,0,0,Violation Driver 1,Sideswipe,12:00,5.0,6
629937,CR-0000073293,0,0,0,0,Violation Driver 1,Sideswipe,02:57,5.0,6
629938,CR-0000073286,0,0,0,0,Unknown,Head On,04:00,4.0,1
629949,CR-0000069821,0,0,0,0,Other Than Driver,Hit Object,11:26,2.0,2
629950,CR-0000065559,0,0,0,0,Unknown,Rear End,01:54,4.0,5
629951,CR-0000069696,0,0,0,0,Unknown,Broadside,16:30,4.0,0
629952,CR-0000065738,0,0,0,0,Unknown,Hit Object,11:30,4.0,2
629953,CR-0000073617,1,0,0,0,Bike At Fault,Vehicle/Bike,18:44,0.0,7
629954,CR-0000073059,0,0,0,0,Unknown,Sideswipe,17:20,4.0,6
629955,CR-0000073058,0,0,0,0,Unknown,Sideswipe,10:00,4.0,6
629956,CR-0000072764,0,0,0,0,Unknown,Rear End,15:30,4.0,5
629957,CR-0000072684,0,0,0,0,Unknown,Sideswipe,00:00,4.0,6
629958,CR-0000072902,0,0,0,0,Unknown,Rear End,18:54,4.0,5
629959,CR-0000072898,0,0,0,0,Unknown,Rear End,20:55,4.0,5
629960,CR-0000074637,0,0,0,0,Violation Driver 1,Sideswipe,15:20,5.0,6
629977,CR-0000074102,0,0,0,0,Unknown,Sideswipe,11:50,4.0,6
629979,CR-0000073887,1,1,0,0,Violation Driver 1,Broadside,08:00,5.0,0
629980,CR-0000073553,0,0,0,0,Violation Driver 1,Rear End,11:54,5.0,5
629981,CR-0000073726,0,0,0,0,Violation Driver 1,Rear End,18:15,5.0,5
629982,CR-0000073722,1,0,0,0,Unknown,Broadside,00:19,4.0,0
629983,CR-0000073238,0,0,0,1,Unknown,Hit Object,07:54,4.0,2
629984,CR-0000073869,1,0,0,0,Violation Driver 1,Rear End,05:52,5.0,5
629985,CR-0000073859,2,0,0,0,Violation Driver 1,Rear End,10:10,5.0,5
629986,CR-0000074498,0,0,0,0,Unknown,Sideswipe,12:33,4.0,6
629994,CR-0000073745,0,0,0,0,Violation Driver 1,Sideswipe,16:15,5.0,6
629995,CR-0000073744,0,0,0,0,Violation Driver 1,Sideswipe,01:00,5.0,6
629996,CR-0000073174,0,0,0,0,Unknown,Hit Object,19:00,4.0,2
629997,CR-0000075351,0,0,0,0,Unknown,Other,07:00,4.0,3
629998,CR-0000073822,0,0,0,0,Unknown,Rear End,01:01,4.0,5
630005,CR-0000074166,0,0,0,0,Unknown,Hit Object,06:09,4.0,2
630006,CR-0000074175,0,0,0,0,Unknown,Sideswipe,09:35,4.0,6
630007,CR-0000074172,0,0,0,0,Unknown,Rear End,09:20,4.0,5
630008,CR-0000074170,0,0,0,0,Unknown,Sideswipe,17:00,4.0,6
630014,CR-0000075339,0,0,0,0,Unknown,Sideswipe,18:00,4.0,6
630015,CR-0000074380,0,0,0,0,Unknown,Sideswipe,00:00,4.0,6
630016,CR-0000061247,0,0,0,0,Unknown,Other,14:40,4.0,3
630017,CR-0000061370,0,0,0,0,Unknown,Broadside,09:20,4.0,0
630027,CR-0000073306,0,0,0,0,Unknown,Sideswipe,08:24,4.0,6
630028,CR-0000072766,0,0,0,0,Unknown,Other,10:45,4.0,3
630029,CR-0000073868,0,0,0,0,Violation Driver 1,Hit Object,02:16,5.0,2
630030,CR-0000073979,0,0,0,0,Violation Driver 1,Sideswipe,14:32,5.0,6
630031,CR-0000074168,0,0,0,0,Unknown,Rear End,00:00,4.0,5
630032,CR-0000074169,0,0,0,0,Unknown,Rear End,16:00,4.0,5
630033,CR-0000075350,0,0,0,0,Unknown,Broadside,19:25,4.0,0
630034,CR-0000075348,0,0,0,0,Unknown,Other,19:00,4.0,3
630035,CR-0000073810,0,0,0,0,Violation Driver 1,Sideswipe,14:29,5.0,6
630036,CR-0000074482,0,0,0,0,Unknown,Rear End,18:10,4.0,5
630037,CR-0000073403,0,0,0,0,Unknown,Rear End,16:30,4.0,5
630038,CR-0000073794,0,0,0,0,Violation Driver 1,Rear End,19:03,5.0,5
630039,CR-0000075316,0,1,0,0,Unknown,Broadside,20:02,4.0,0
630048,CR-0000073478,0,0,0,0,Violation Driver 1,Sideswipe,19:41,5.0,6
630049,CR-0000074207,0,0,0,0,Unknown,Rear End,16:00,4.0,5
630050,CR-0000072958,0,0,0,0,Unknown,Sideswipe,07:00,4.0,6
630051,CR-0000074703,0,0,0,0,Unknown,Other,16:20,4.0,3
630052,CR-0000074319,0,0,0,0,Unknown,Broadside,16:15,4.0,0
630053,CR-0000073571,0,0,0,0,Unknown,Sideswipe,07:45,4.0,6
630054,CR-0000073873,2,1,0,0,Violation Driver 1,Rear End,23:46,5.0,5
630055,CR-0000073989,0,0,0,0,Unknown,Hit Object,03:09,4.0,2
630061,CR-0000073853,0,0,0,0,Violation Driver 1,Sideswipe,16:01,5.0,6
630062,CR-0000075198,0,0,0,1,Unknown,Vehicle/Pedestrian,17:23,4.0,8
630063,CR-0000073835,0,0,0,0,Violation Driver 1,Rear End,21:35,5.0,5
630064,CR-0000074100,0,0,0,0,Unknown,Other,00:00,4.0,3
630065,CR-0000073893,1,0,0,0,Bike At Fault,Vehicle/Bike,04:00,0.0,7
630066,CR-0000073742,0,1,0,0,Violation Driver 1,Broadside,10:00,5.0,0
630067,CR-0000073876,0,0,0,0,Violation Driver 1,Broadside,04:03,5.0,0
630068,CR-0000074060,0,0,0,0,Unknown,Other,00:00,4.0,3
630069,CR-0000073714,1,0,0,0,Violation Driver 1,Sideswipe,22:10,5.0,6
630070,CR-0000073705,0,0,1,0,Violation Driver 1,Broadside,18:50,5.0,0
630079,CR-0000069575,0,0,0,0,Unknown,Sideswipe,07:45,4.0,6
630080,CR-0000073355,0,0,0,0,Violation Driver 1,Sideswipe,05:24,5.0,6
630081,CR-0000073252,0,0,0,0,Violation Driver 1,Sideswipe,11:19,5.0,6
630082,CR-0000073168,0,0,0,0,Violation Driver 1,Rear End,10:50,5.0,5
630083,CR-0000073437,0,0,1,0,Violation Driver 1,Rear End,22:49,5.0,5
630084,CR-0000069932,0,0,0,0,Unknown,Broadside,16:50,4.0,0
630085,CR-0000058032,0,0,0,0,Unknown,Rear End,09:40,4.0,5
630091,CR-0000075347,0,0,0,0,Unknown,Sideswipe,19:00,4.0,6
630092,CR-0000075330,1,0,0,0,Violation Driver 1,Broadside,09:30,5.0,0
630093,CR-0000072744,0,0,0,0,Unknown,Broadside,16:45,4.0,0
630094,CR-0000058190,2,1,0,0,Violation Driver 1,Broadside,14:29,5.0,0
630115,CR-0000061579,0,0,0,0,Unknown,Rear End,10:00,4.0,5
630116,CR-0000061276,0,0,0,0,Violation Driver 1,Rear End,09:37,5.0,5
630117,CR-0000061176,0,0,0,0,Violation Driver 1,Sideswipe,01:45,5.0,6
630118,CR-0000061274,1,0,0,0,Violation Driver 1,Broadside,07:55,5.0,0
630119,CR-0000074537,0,0,0,0,Unknown,Rear End,05:30,4.0,5
630120,CR-0000075117,0,1,0,0,Unknown,Vehicle/Bike,15:27,4.0,7
630121,CR-0000074519,0,0,0,0,Unknown,Sideswipe,07:25,4.0,6
630122,CR-0000075881,1,0,0,0,Unknown,Sideswipe,18:50,4.0,6
630123,CR-0000074512,1,0,0,0,Unknown,Sideswipe,09:00,4.0,6
630124,CR-0000074510,0,0,0,0,Unknown,Rear End,09:00,4.0,5
630125,CR-0000073905,0,0,0,0,Unknown,Broadside,20:23,4.0,0
630126,CR-0000073628,2,0,0,0,Violation Driver 1,Broadside,21:37,5.0,0
630127,CR-0000074446,0,1,0,0,Unknown,Vehicle/Bike,17:52,4.0,7
630128,CR-0000075094,1,0,0,0,Unknown,Sideswipe,18:33,4.0,6
630129,CR-0000073773,0,0,0,0,Violation Driver 1,Rear End,21:13,5.0,5
630136,CR-0000074289,0,0,0,0,Unknown,Rear End,06:46,4.0,5
630137,CR-0000074288,0,1,0,0,Unknown,Rear End,12:04,4.0,5
630138,CR-0000073291,0,0,0,0,Violation Driver 1,Other,13:39,5.0,3
630149,CR-0000061270,0,0,0,0,Unknown,Rear End,07:45,4.0,5
630150,CR-0000074546,1,1,0,1,Unknown,Broadside,06:31,4.0,0
630158,CR-0000075498,0,0,0,0,Unknown,Sideswipe,19:55,4.0,6
630159,CR-0000074348,0,0,0,0,Unknown,Sideswipe,08:30,4.0,6
630160,CR-0000075777,2,0,0,0,Unknown,Rear End,18:00,4.0,5
630161,CR-0000073572,0,0,0,0,Unknown,Rear End,17:15,4.0,5
630162,CR-0000074238,0,0,0,0,Unknown,Rear End,01:00,4.0,5
630163,CR-0000074234,0,0,0,0,Unknown,Sideswipe,13:55,4.0,6
630164,CR-0000061493,0,0,0,0,Violation Driver 1,Rear End,21:56,5.0,5
630173,CR-0000073957,0,0,0,0,Violation Driver 1,Rear End,17:33,5.0,5
630174,CR-0000073955,0,0,0,0,Violation Driver 1,Rear End,19:00,5.0,5
630175,CR-0000075346,0,0,0,0,Unknown,Rear End,09:30,4.0,5
630176,CR-0000075335,0,0,0,0,Unknown,Rear End,16:40,4.0,5
630177,CR-0000072727,0,0,0,0,Unknown,Rear End,22:16,4.0,5
630178,CR-0000073281,1,0,0,0,Unknown,Sideswipe,07:08,4.0,6
630181,CR-0000073829,0,0,0,0,Unknown,Rear End,21:05,4.0,5
630182,CR-0000073965,1,0,0,0,Violation Driver 1,Broadside,21:28,5.0,0
630183,CR-0000073962,0,0,0,0,Violation Driver 1,Sideswipe,17:34,5.0,6
630184,CR-0000074302,0,0,0,0,Violation Driver 1,Head On,22:47,5.0,1
630185,CR-0000061586,0,0,0,0,Unknown,Sideswipe,11:20,4.0,6
630186,CR-0000061324,0,0,0,0,Violation Driver 1,Sideswipe,08:36,5.0,6
630187,CR-0000073949,0,0,0,0,Violation Driver 1,Broadside,22:43,5.0,0
630188,CR-0000073627,0,0,1,0,Bike At Fault,Vehicle/Bike,19:10,0.0,7
630189,CR-0000074413,0,0,0,0,Unknown,Rear End,07:00,4.0,5
630190,CR-0000075146,0,0,0,0,Unknown,Rear End,08:35,4.0,5
630191,CR-0000074199,0,0,0,0,Unknown,Sideswipe,00:00,4.0,6
630192,CR-0000073574,0,0,0,0,Unknown,Rear End,05:45,4.0,5
630193,CR-0000074184,0,0,0,0,Unknown,Broadside,15:45,4.0,0
630194,CR-0000073901,0,0,0,0,Unknown,Rear End,11:00,4.0,5
630195,CR-0000073565,0,0,0,0,Unknown,Sideswipe,13:50,4.0,6
630201,CR-0000064752,0,0,0,0,Unknown,Broadside,14:55,4.0,0
630202,CR-0000061091,0,0,0,0,Violation Driver 1,Rear End,17:49,5.0,5
630203,CR-0000065021,0,0,0,0,Unknown,Sideswipe,07:00,4.0,6
630204,CR-0000061341,0,2,0,0,Violation Driver 1,Sideswipe,13:32,5.0,6
630205,CR-0000069016,0,0,0,0,Unknown,Rear End,04:48,4.0,5
630206,CR-0000061067,2,0,0,0,Violation Driver 1,Rear End,11:44,5.0,5
630211,CR-0000073277,1,0,0,0,Violation Driver 1,Broadside,13:00,5.0,0
630212,CR-0000073273,4,0,0,0,Violation Driver 1,Broadside,11:59,5.0,0
630213,CR-0000058189,1,0,0,0,Violation Driver 1,Rear End,16:19,5.0,5
630214,CR-0000058173,0,1,0,0,Violation Driver 1,Rear End,21:02,5.0,5
630215,CR-0000061330,1,0,0,0,Violation Driver 1,Rear End,17:32,5.0,5
630216,CR-0000061328,1,0,0,0,Bike At Fault,Broadside,14:20,0.0,0
630217,CR-0000061083,1,0,0,0,Violation Driver 1,Head On,12:08,5.0,1
630224,CR-0000073880,0,1,0,1,Unknown,Sideswipe,14:03,4.0,6
630225,CR-0000074559,0,0,0,0,Unknown,Broadside,16:05,4.0,0
630226,CR-0000073996,0,0,0,0,Violation Driver 1,Rear End,15:50,5.0,5
630227,CR-0000073995,0,0,0,0,Violation Driver 1,Broadside,17:47,5.0,0
630228,CR-0000073978,0,0,0,0,Violation Driver 1,Rear End,16:46,5.0,5
630229,CR-0000075349,0,0,0,0,Unknown,Broadside,12:45,4.0,0
630230,CR-0000074462,0,0,0,0,Unknown,Broadside,11:40,4.0,0
630231,CR-0000073491,0,0,0,0,Unknown,Rear End,12:00,4.0,5
630236,CR-0000061460,1,0,0,0,Violation Driver 1,Sideswipe,16:58,5.0,6
630237,CR-0000061458,1,0,0,0,Violation Driver 1,Broadside,14:53,5.0,0
630238,CR-0000067650,1,0,0,0,Violation Driver 1,Broadside,23:30,5.0,0
630239,CR-0000061097,0,1,0,0,Violation Driver 1,Broadside,09:16,5.0,0
630240,CR-0000067584,0,0,0,0,Violation Driver 1,Sideswipe,21:40,5.0,6
630241,CR-0000061246,0,0,0,0,Violation Driver 1,Rear End,19:32,5.0,5
630247,CR-0000073220,0,0,0,0,Unknown,Rear End,14:15,4.0,5
630248,CR-0000074000,0,0,0,0,Unknown,Rear End,00:00,4.0,5
630249,CR-0000073973,0,0,0,0,Violation Driver 1,Sideswipe,01:20,5.0,6
630257,CR-0000074173,0,0,0,0,Unknown,Rear End,15:30,4.0,5
630258,CR-0000073815,0,0,0,0,Unknown,Sideswipe,13:11,4.0,6
630259,CR-0000074287,0,0,0,1,Unknown,Vehicle/Pedestrian,18:48,4.0,8
630260,CR-0000073792,0,0,0,0,Violation Driver 1,Broadside,13:45,5.0,0