CrashFactId,Name,MinorInjuries,ModerateInjuries,SevereInjuries,FatalInjuries,PrimaryCollisionFactor,CollisionType,CrashTime,PrimaryCollisionFactor_Code,CollisionType_Code
630262,CR-0000074514,0,0,0,0,Unknown,Rear End,15:50,4.0,5
630263,CR-0000073948,3,0,0,0,Violation Driver 1,Rear End,11:42,5.0,5
630264,CR-0000075263,0,0,0,0,Unknown,Rear End,19:15,4.0,5
630265,CR-0000074330,0,0,0,0,Unknown,Rear End,19:25,4.0,5
630266,CR-0000073594,0,0,0,0,Unknown,Other,13:06,4.0,3
630267,CR-0000074188,0,0,0,0,Unknown,Sideswipe,00:00,4.0,6
630268,CR-0000074186,0,0,0,0,Unknown,Broadside,16:15,4.0,0
630269,CR-0000074178,0,0,0,0,Unknown,Rear End,08:45,4.0,5
630286,CR-0000061024,1,0,0,0,Violation Driver 1,Rear End,10:03,5.0,5
630299,CR-0000074241,0,0,0,0,Unknown,Head On,13:20,4.0,1
630300,CR-0000074237,0,0,0,0,Unknown,Sideswipe,17:15,4.0,6
630301,CR-0000074669,0,0,0,0,Unknown,Rear End,04:00,4.0,5
630302,CR-0000074232,0,0,0,0,Violation Driver 1,Broadside,20:35,5.0,0
630303,CR-0000074055,0,0,0,0,Unknown,Other,04:00,4.0,3
630304,CR-0000074053,0,0,0,0,Unknown,Sideswipe,23:30,4.0,6
630305,CR-0000075035,0,0,0,0,Unknown,Rear End,10:15,4.0,5
630306,CR-0000075034,0,0,0,0,Unknown,Sideswipe,22:15,4.0,6
630307,CR-0000074171,0,0,0,0,Unknown,Rear End,10:00,4.0,5
630308,CR-0000075340,0,0,0,0,Unknown,Rear End,18:15,4.0,5
630309,CR-0000075336,0,0,1,1,Unknown,Vehicle/Pedestrian,15:59,4.0,8
630310,CR-0000064727,0,0,0,0,Unknown,Sideswipe,13:38,4.0,6
630311,CR-0000064718,0,0,0,0,Unknown,Sideswipe,08:03,4.0,6
630312,CR-0000061340,1,0,0,0,Violation Driver 1,Broadside,13:07,5.0,0
630313,CR-0000069199,0,0,0,0,Unknown,Rear End,11:50,4.0,5
630314,CR-0000061010,1,0,0,0,Violation Driver 1,Rear End,13:55,5.0,5
630315,CR-0000061221,1,0,0,0,Violation Driver 1,Rear End,08:24,5.0,5
630316,CR-0000075343,1,0,0,0,Unknown,Sideswipe,08:29,4.0,6
630317,CR-0000075338,0,0,0,0,Unknown,Broadside,21:00,4.0,0
630318,CR-0000073811,0,0,0,0,Unknown,Sideswipe,08:16,4.0,6
630319,CR-0000077868,0,0,0,0,Unknown,Sideswipe,15:45,4.0,6
630320,CR-0000061522,1,0,0,0,Violation Driver 1,Broadside,11:06,5.0,0
630325,CR-0000074325,0,1,0,0,Unknown,Vehicle/Bike,08:40,4.0,7
630326,CR-0000077896,1,1,0,0,Unknown,Broadside,13:00,4.0,0
630327,CR-0000073826,0,0,0,0,Unknown,Sideswipe,05:03,4.0,6
630328,CR-0000075153,0,0,0,0,Unknown,Other,10:35,4.0,3
630329,CR-0000075345,0,0,0,0,Unknown,Sideswipe,08:45,4.0,6
630330,CR-0000075011,0,0,0,0,Unknown,Sideswipe,13:07,4.0,6
630331,CR-0000074279,0,0,0,0,Unknown,Rear End,11:45,4.0,5
630337,CR-0000061237,0,0,0,0,Violation Driver 1,Rear End,03:54,5.0,5
630338,CR-0000061230,0,0,0,0,Violation Driver 1,Head On,23:31,5.0,1
630347,CR-0000073482,0,0,0,0,Unknown,Other,00:00,4.0,3
630364,CR-0000061133,0,0,0,0,Violation Driver 1,Sideswipe,18:06,5.0,6
630365,CR-0000061122,0,1,0,0,Violation Driver 1,Vehicle/Pedestrian,20:12,5.0,8
630366,CR-0000061442,1,0,0,0,Violation Driver 1,Broadside,21:30,5.0,0
630367,CR-0000068981,0,0,0,0,Unknown,Rear End,16:50,4.0,5
630368,CR-0000069197,0,0,0,0,Unknown,Sideswipe,08:30,4.0,6
630369,CR-0000068997,1,0,0,0,Unknown,Rear End,16:15,4.0,5
630370,CR-0000064770,0,0,0,0,Unknown,Sideswipe,22:00,4.0,6
630371,CR-0000061173,1,0,0,0,Violation Driver 1,Sideswipe,16:40,5.0,6
630372,CR-0000067834,0,0,0,0,Violation Driver 1,Rear End,11:44,5.0,5
630375,CR-0000074593,0,0,0,0,Unknown,Rear End,23:20,4.0,5
630376,CR-0000073841,0,0,0,0,Unknown,Sideswipe,09:30,4.0,6
630377,CR-0000073971,0,0,0,0,Unknown,Rear End,19:00,4.0,5
630378,CR-0000074153,1,0,0,0,Violation Driver 1,Rear End,14:36,5.0,5
630379,CR-0000073808,0,0,0,0,Violation Driver 1,Hit Object,15:04,5.0,2
630380,CR-0000075067,0,0,0,2,Unknown,Hit Object,08:26,4.0,2
630381,CR-0000074461,0,0,0,0,Unknown,Rear End,16:00,4.0,5
630382,CR-0000074460,0,0,0,0,Unknown,Rear End,21:30,4.0,5
630391,CR-0000074456,0,0,0,0,Unknown,Sideswipe,23:01,4.0,6
630392,CR-0000073535,0,0,0,0,Unknown,Sideswipe,01:30,4.0,6
630393,CR-0000074395,0,0,0,0,Unknown,Broadside,11:49,4.0,0
630394,CR-0000074392,0,0,0,0,Unknown,Rear End,14:30,4.0,5
630395,CR-0000061545,0,0,0,1,Violation Driver 1,Head On,16:49,5.0,1
630396,CR-0000061486,0,0,0,0,Unknown,Sideswipe,23:00,4.0,6
630397,CR-0000061296,0,0,0,0,Violation Driver 1,Rear End,08:18,5.0,5
630398,CR-0000061189,0,0,0,0,Violation Driver 1,Sideswipe,23:01,5.0,6
630399,CR-0000069562,0,0,0,0,Unknown,Head On,20:00,4.0,1
630400,CR-0000061488,0,0,0,0,Unknown,Other,12:15,4.0,3
630401,CR-0000061560,0,0,0,0,Unknown,Hit Object,23:30,4.0,2
630402,CR-0000061688,0,0,0,0,Unknown,Broadside,11:30,4.0,0
630403,CR-0000061446,0,0,0,0,Unknown,Rear End,21:30,4.0,5
630404,CR-0000061578,0,0,0,0,Unknown,Rear End,11:40,4.0,5
630405,CR-0000061345,0,0,0,0,Unknown,Rear End,06:42,4.0,5
630414,CR-0000069190,0,0,0,0,Violation Driver 1,Rear End,15:15,5.0,5
630415,CR-0000069443,1,0,0,0,Unknown,Vehicle/Pedestrian,07:53,4.0,8
630416,CR-0000061201,2,0,0,0,Violation Driver 1,Rear End,17:01,5.0,5
630417,CR-0000061358,0,1,0,0,Violation Driver 1,Rear End,10:15,5.0,5
630418,CR-0000061445,0,0,0,0,Unknown,Sideswipe,08:00,4.0,6
630419,CR-0000061660,0,0,0,0,Unknown,Broadside,13:47,4.0,0
630420,CR-0000074535,0,0,0,0,Unknown,Broadside,08:00,4.0,0
630425,CR-0000061253,1,0,0,0,Violation Driver 1,Broadside,10:21,5.0,0
630426,CR-0000066239,0,0,0,0,Unknown,Hit Object,15:00,4.0,2
630427,CR-0000067814,1,0,0,0,Violation Driver 1,Rear End,18:30,5.0,5
630428,CR-0000073327,0,0,0,0,Violation Driver 1,Sideswipe,07:20,5.0,6
630437,CR-0000061248,0,0,0,0,Unknown,Rear End,18:38,4.0,5
630438,CR-0000061411,0,0,0,0,Unknown,Rear End,19:56,4.0,5
630439,CR-0000061410,0,0,0,0,Unknown,Rear End,18:30,4.0,5
630446,CR-0000061463,0,0,0,0,Unknown,Sideswipe,22:35,4.0,6
630447,CR-0000061428,0,0,0,0,Unknown,Rear End,11:30,4.0,5
630448,CR-0000061409,2,0,0,0,Unknown,Rear End,21:05,4.0,5
630449,CR-0000061371,0,0,0,0,Unknown,Rear End,15:30,4.0,5
630450,CR-0000074532,0,0,0,0,Unknown,Broadside,09:45,4.0,0
630451,CR-0000074527,0,0,0,0,Unknown,Rear End,18:30,4.0,5
630452,CR-0000074006,0,0,1,0,Unknown,Hit Object,01:05,4.0,2
630453,CR-0000073651,0,0,0,0,Unknown,Rear End,17:20,4.0,5
630454,CR-0000068972,0,0,0,0,Unknown,Sideswipe,12:20,4.0,6
630455,CR-0000061424,0,0,0,0,Other Than Driver,Hit Object,17:39,2.0,2
630471,CR-0000074483,0,0,0,0,Unknown,Rear End,20:30,4.0,5
630472,CR-0000074782,0,0,0,0,Unknown,Sideswipe,18:30,4.0,6
630473,CR-0000074225,0,0,0,0,Unknown,Hit Object,13:50,4.0,2
630474,CR-0000074221,0,0,0,0,Unknown,Other,16:00,4.0,3
630475,CR-0000061386,0,0,0,0,Unknown,Rear End,11:30,4.0,5
630476,CR-0000074534,0,0,0,0,Unknown,Rear End,10:30,4.0,5
630477,CR-0000074533,0,0,0,0,Unknown,Rear End,23:50,4.0,5
630478,CR-0000074516,0,0,0,0,Unknown,Vehicle/Bike,18:00,4.0,7
630479,CR-0000074008,0,0,0,0,Unknown,Sideswipe,08:45,4.0,6
630491,CR-0000074390,0,0,0,0,Unknown,Sideswipe,15:30,4.0,6
630492,CR-0000074389,0,0,0,0,Unknown,Sideswipe,17:00,4.0,6
630493,CR-0000073471,1,0,0,0,Unknown,Broadside,00:00,4.0,0
630494,CR-0000077865,0,0,0,0,Unknown,Rear End,00:00,4.0,5
630510,CR-0000061535,0,0,0,0,Unknown,Hit Object,10:50,4.0,2
630511,CR-0000061513,0,0,0,0,Unknown,Rear End,20:40,4.0,5
630512,CR-0000061511,0,0,0,0,Unknown,Hit Object,19:04,4.0,2
630513,CR-0000061489,0,0,0,0,Unknown,Broadside,11:30,4.0,0
630514,CR-0000061474,1,0,0,0,Unknown,Broadside,02:12,4.0,0
630515,CR-0000061471,0,0,0,0,Unknown,Rear End,13:30,4.0,5
630516,CR-0000061336,0,0,0,0,Unknown,Head On,19:30,4.0,1
630526,CR-0000072970,1,0,0,0,Unknown,Rear End,07:15,4.0,5
630527,CR-0000059090,0,0,0,0,Violation Driver 1,Broadside,23:15,5.0,0
630528,CR-0000058113,1,0,0,0,Violation Driver 1,Rear End,17:44,5.0,5
630529,CR-0000058034,0,0,0,0,Unknown,Sideswipe,14:10,4.0,6
630530,CR-0000058193,0,0,0,0,Violation Driver 1,Rear End,18:42,5.0,5
630531,CR-0000058182,0,0,0,0,Violation Driver 1,Rear End,10:00,5.0,5
630532,CR-0000058238,0,0,0,0,Violation Driver 1,Broadside,17:14,5.0,0
630533,CR-0000058174,0,0,0,0,Unknown,Sideswipe,17:16,4.0,6
630555,CR-0000061148,0,0,0,0,Violation Driver 1,Hit Object,13:00,5.0,2
630572,CR-0000067830,1,0,0,0,Other Improper Driving,Sideswipe,04:15,1.0,6
630573,CR-0000073317,0,0,0,0,Violation Driver 1,Sideswipe,04:55,5.0,6
630574,CR-0000073141,2,0,0,0,Violation Driver 1,Broadside,22:00,5.0,0
630575,CR-0000072997,0,1,0,0,Pedestrian At Fault,Vehicle/Pedestrian,18:30,3.0,8
630576,CR-0000072995,0,0,0,0,Violation Driver 1,Rear End,16:05,5.0,5
630577,CR-0000058036,0,0,0,0,Unknown,Hit Object,07:30,4.0,2
630582,CR-0000067817,0,0,0,0,Violation Driver 1,Rear End,18:45,5.0,5
630583,CR-0000073343,0,0,0,0,Violation Driver 1,Broadside,19:17,5.0,0
630584,CR-0000073337,0,0,0,0,Violation Driver 1,Hit Object,16:01,5.0,2
630585,CR-0000073312,0,0,0,0,Pedestrian At Fault,Vehicle/Pedestrian,23:13,3.0,8
630586,CR-0000059055,0,0,1,0,Pedestrian At Fault,Vehicle/Pedestrian,18:25,3.0,8
630587,CR-0000058177,0,0,0,0,Unknown,Rear End,17:30,4.0,5
630588,CR-0000058248,1,0,0,0,Violation Driver 1,Broadside,07:25,5.0,0
630592,CR-0000058230,0,0,0,0,Violation Driver 1,Hit Object,17:20,5.0,2
630604,CR-0000061070,0,0,0,0,Violation Driver 1,Hit Object,17:00,5.0,2
630639,CR-0000061232,1,0,0,0,Unknown,Rear End,16:45,4.0,5
630640,CR-0000061689,0,0,0,0,Unknown,Rear End,12:00,4.0,5
630641,CR-0000061661,0,0,0,0,Violation Driver 1,Sideswipe,14:45,5.0,6
630642,CR-0000061408,0,0,0,0,Unknown,Sideswipe,07:00,4.0,6
630643,CR-0000075862,0,0,0,0,Violation Driver 1,Rear End,11:30,5.0,5
630644,CR-0000075269,0,0,0,0,Unknown,Rear End,20:15,4.0,5
630645,CR-0000073910,0,0,0,0,Unknown,Rear End,13:05,4.0,5
630646,CR-0000073909,0,0,0,0,Unknown,Sideswipe,08:20,4.0,6
630655,CR-0000061280,0,0,0,0,Violation Driver 1,Sideswipe,14:57,5.0,6
630656,CR-0000069343,0,0,0,0,Unknown,Hit Object,07:58,4.0,2
630657,CR-0000058355,0,0,0,0,Unknown,Sideswipe,19:50,4.0,6
630658,CR-0000069884,1,0,0,0,Unknown,Broadside,10:50,4.0,0
630659,CR-0000058045,0,0,0,0,Unknown,Broadside,16:06,4.0,0
630660,CR-0000058038,0,0,0,0,Unknown,Rear End,14:30,4.0,5
630661,CR-0000058239,0,1,0,0,Violation Driver 1,Rear End,16:12,5.0,5
630662,CR-0000058176,0,0,0,0,Unknown,Sideswipe,22:00,4.0,6
630668,CR-0000073694,0,0,0,0,Violation Driver 1,Hit Object,14:20,5.0,2
630674,CR-0000073672,0,1,0,0,Unknown,Hit Object,13:37,4.0,2
630675,CR-0000073652,0,0,0,0,Unknown,Sideswipe,15:40,4.0,6
630676,CR-0000073650,0,0,0,0,Unknown,Rear End,19:20,4.0,5
630677,CR-0000074140,0,0,0,0,Unknown,Head On,12:30,4.0,1
630678,CR-0000075495,1,0,0,0,Unknown,Rear End,12:10,4.0,5
630679,CR-0000073907,0,0,0,0,Unknown,Sideswipe,12:20,4.0,6
630680,CR-0000074146,0,0,0,0,Unknown,Other,05:00,4.0,3
630681,CR-0000074144,0,0,0,0,Unknown,Rear End,18:10,4.0,5
630682,CR-0000074141,0,0,0,0,Unknown,Sideswipe,10:30,4.0,6
630683,CR-0000074127,0,0,0,0,Unknown,Sideswipe,08:20,4.0,6
630684,CR-0000074901,0,0,0,0,Unknown,Rear End,15:17,4.0,5
630685,CR-0000074886,0,0,0,0,Violation Driver 1,Sideswipe,08:08,5.0,6
630686,CR-0000073654,0,0,0,0,Violation Driver 1,Other,21:50,5.0,3
630701,CR-0000072859,0,1,0,0,Violation Driver 1,Hit Object,02:12,5.0,2
630702,CR-0000061079,0,0,0,0,Violation Driver 1,Head On,01:45,5.0,1
630703,CR-0000061155,0,0,0,0,Violation Driver 1,Head On,17:30,5.0,1
630708,CR-0000074139,0,0,0,0,Unknown,Other,15:00,4.0,3
630709,CR-0000074888,1,0,0,0,Unknown,Head On,18:45,4.0,1
630710,CR-0000074879,1,0,0,0,Unknown,Sideswipe,15:24,4.0,6
630711,CR-0000074854,0,0,0,0,Unknown,Hit Object,20:11,4.0,2
630713,CR-0000073919,0,2,0,0,Violation Driver 1,Hit Object,12:28,5.0,2
630714,CR-0000073874,0,0,0,0,Violation Driver 1,Hit Object,00:23,5.0,2
630715,CR-0000074068,0,0,0,0,Violation Driver 1,Hit Object,03:30,5.0,2
630716,CR-0000074136,0,0,0,0,Unknown,Rear End,12:45,4.0,5
630717,CR-0000074441,0,0,0,0,Unknown,Sideswipe,06:56,4.0,6
630718,CR-0000073663,0,0,0,0,Unknown,Broadside,06:44,4.0,0
630719,CR-0000074628,0,1,0,0,Unknown,Vehicle/Pedestrian,18:15,4.0,8
630720,CR-0000073653,1,0,0,0,Violation Driver 1,Broadside,08:30,5.0,0
630721,CR-0000073381,0,0,0,0,Unknown,Broadside,11:00,4.0,0
630722,CR-0000073561,0,0,0,0,Violation Driver 1,Broadside,09:37,5.0,0
630724,CR-0000074947,0,0,0,0,Violation Driver 1,Hit Object,07:32,5.0,2
630725,CR-0000074256,0,0,0,0,Violation Driver 1,Hit Object,13:30,5.0,2
630727,CR-0000075080,1,1,0,0,Unknown,Broadside,20:27,4.0,0
630728,CR-0000074266,2,0,0,0,Violation Driver 1,Broadside,19:34,5.0,0
630729,CR-0000073768,0,0,0,0,Violation Driver 1,Sideswipe,17:20,5.0,6
630756,CR-0000060875,1,0,0,0,Violation Driver 1,Hit Object,17:19,5.0,2
630760,CR-0000058175,0,0,0,0,Unknown,Broadside,20:07,4.0,0
630768,CR-0000074123,0,0,0,0,Unknown,Sideswipe,12:00,4.0,6
630769,CR-0000073661,0,0,0,0,Unknown,Sideswipe,07:40,4.0,6
630770,CR-0000074834,0,0,0,0,Unknown,Sideswipe,22:40,4.0,6
630771,CR-0000074651,0,0,0,0,Unknown,Sideswipe,11:45,4.0,6
630772,CR-0000072938,0,0,0,0,Unknown,Sideswipe,16:30,4.0,6
630773,CR-0000073397,0,0,0,0,Unknown,Rear End,13:30,4.0,5
630774,CR-0000073566,0,0,0,0,Unknown,Rear End,04:00,4.0,5
630775,CR-0000073186,0,0,0,0,Unknown,Rear End,14:30,4.0,5
630784,CR-0000061502,0,0,0,0,Violation Driver 1,Hit Object,04:01,5.0,2
630785,CR-0000061520,0,0,0,0,Violation Driver 1,Hit Object,14:15,5.0,2
630788,CR-0000073490,0,0,0,0,Unknown,Sideswipe,17:32,4.0,6
630789,CR-0000073479,0,0,0,0,Violation Driver 1,Sideswipe,17:50,5.0,6
630790,CR-0000074379,0,0,0,0,Unknown,Hit Object,21:10,4.0,2
630791,CR-0000061546,0,0,0,0,Violation Driver 1,Rear End,11:17,5.0,5
630801,CR-0000075334,0,1,0,0,Violation Driver 1,Hit Object,17:58,5.0,2
630804,CR-0000074418,0,0,0,0,Unknown,Other,00:00,4.0,3
630805,CR-0000073882,0,0,0,0,Unknown,Sideswipe,18:07,4.0,6
630806,CR-0000073570,0,0,0,0,Unknown,Sideswipe,15:00,4.0,6
630807,CR-0000073569,0,0,0,0,Unknown,Rear End,12:03,4.0,5
630808,CR-0000073568,0,0,0,0,Unknown,Sideswipe,15:45,4.0,6
630816,CR-0000073567,0,0,0,0,Unknown,Rear End,10:24,4.0,5
630817,CR-0000073443,0,0,0,0,Unknown,Sideswipe,08:45,4.0,6
630818,CR-0000073755,0,0,0,0,Unknown,Broadside,22:42,4.0,0
630857,CR-0000073480,0,0,0,0,Unknown,Sideswipe,22:00,4.0,6
630858,CR-0000073462,0,1,0,0,Unknown,Vehicle/Pedestrian,02:13,4.0,8
630859,CR-0000061468,0,0,0,0,Unknown,Hit Object,20:45,4.0,2
630860,CR-0000061467,0,0,0,0,Unknown,Rear End,11:15,4.0,5
630861,CR-0000061466,0,0,0,0,Unknown,Sideswipe,08:55,4.0,6
630862,CR-0000061333,0,0,0,0,Unknown,Sideswipe,10:45,4.0,6
630863,CR-0000061449,1,0,0,0,Unknown,Broadside,19:30,4.0,0
630864,CR-0000061436,0,0,0,0,Violation Driver 1,Broadside,13:00,5.0,0
630869,CR-0000058229,1,0,0,0,Violation Driver 1,Sideswipe,15:43,5.0,6
630870,CR-0000058160,1,0,0,0,Bike At Fault,Vehicle/Bike,08:02,0.0,7
630871,CR-0000069646,1,0,0,0,Unknown,Vehicle/Bike,09:00,4.0,7
630872,CR-0000061524,1,0,0,0,Violation Driver 1,Broadside,12:03,5.0,0
630877,CR-0000073161,1,0,0,0,Unknown,Vehicle/Bike,13:01,4.0,7
630878,CR-0000073542,3,0,0,0,Violation Driver 1,Rear End,14:28,5.0,5
630879,CR-0000073526,0,0,0,0,Violation Driver 1,Head On,19:07,5.0,1
630880,CR-0000073477,0,0,0,0,Unknown,Sideswipe,05:00,4.0,6
630881,CR-0000075053,0,0,0,0,Unknown,Sideswipe,12:57,4.0,6
630882,CR-0000074397,0,0,0,0,Unknown,Rear End,12:50,4.0,5
630883,CR-0000061532,0,0,0,0,Violation Driver 1,Rear End,23:39,5.0,5
630884,CR-0000061527,0,0,0,0,Unknown,Hit Object,10:40,4.0,2
630885,CR-0000061577,1,0,0,0,Violation Driver 1,Sideswipe,22:45,5.0,6
630886,CR-0000061456,0,0,0,0,Violation Driver 1,Rear End,12:36,5.0,5
630887,CR-0000061473,0,0,0,0,Pedestrian At Fault,Broadside,02:04,3.0,0
630888,CR-0000073511,0,1,0,0,Violation Driver 1,Broadside,20:22,5.0,0
630889,CR-0000061344,0,0,0,0,Unknown,Rear End,11:00,4.0,5
630890,CR-0000061450,0,0,0,0,Unknown,Head On,19:05,4.0,1
630891,CR-0000061448,0,0,0,0,Unknown,Rear End,12:15,4.0,5
630900,CR-0000073760,1,1,0,0,Violation Driver 1,Hit Object,21:40,5.0,2
630901,CR-0000074911,0,0,0,0,Unknown,Other,19:00,4.0,3
630902,CR-0000074398,0,0,0,0,Unknown,Sideswipe,16:40,4.0,6
630903,CR-0000061518,0,0,0,0,Violation Driver 1,Sideswipe,22:53,5.0,6
630904,CR-0000061485,0,0,0,0,Violation Driver 1,Sideswipe,17:15,5.0,6
630905,CR-0000061508,0,0,0,0,Violation Driver 1,Sideswipe,12:00,5.0,6
630906,CR-0000061507,0,0,0,0,Violation Driver 1,Rear End,12:20,5.0,5
630907,CR-0000061434,1,2,0,0,Unknown,Rear End,11:25,4.0,5
630908,CR-0000061383,0,0,0,0,Violation Driver 1,Sideswipe,19:25,5.0,6
630909,CR-0000061283,1,0,0,0,Unknown,Rear End,08:43,4.0,5
630910,CR-0000061375,0,0,0,0,Violation Driver 1,Rear End,04:28,5.0,5
630911,CR-0000074013,0,0,0,0,Unknown,Rear End,07:37,4.0,5
630912,CR-0000074012,0,0,0,0,Unknown,Rear End,08:26,4.0,5
630913,CR-0000073642,0,0,0,0,Unknown,Rear End,16:30,4.0,5
630920,CR-0000073085,1,0,0,0,Violation Driver 1,Hit Object,09:47,5.0,2
630921,CR-0000073915,0,0,0,0,Unknown,Rear End,00:00,4.0,5
630922,CR-0000073914,0,0,0,0,Unknown,Head On,16:00,4.0,1
630923,CR-0000073912,0,0,0,0,Unknown,Sideswipe,08:40,4.0,6
630931,CR-0000072853,0,0,0,0,Violation Driver 1,Hit Object,19:51,5.0,2
630932,CR-0000061401,1,0,0,0,Unknown,Broadside,15:24,4.0,0
630933,CR-0000061286,0,0,0,0,Violation Driver 1,Sideswipe,17:09,5.0,6
630934,CR-0000061282,0,0,0,0,Unknown,Sideswipe,17:00,4.0,6
630935,CR-0000061368,0,0,0,0,Unknown,Hit Object,22:00,4.0,2
630936,CR-0000061363,0,0,0,0,Violation Driver 1,Head On,15:59,5.0,1
630937,CR-0000061263,0,0,0,0,Violation Driver 1,Rear End,14:46,5.0,5
630942,CR-0000069676,1,1,0,0,Unknown,Broadside,07:51,4.0,0
630943,CR-0000065389,1,0,0,0,Unknown,Vehicle/Bike,18:20,4.0,7
630944,CR-0000065388,0,0,0,0,Unknown,Rear End,12:50,4.0,5
630952,CR-0000073329,0,0,0,0,Violation Driver 1,Hit Object,02:20,5.0,2
630953,CR-0000073441,0,0,0,0,Unknown,Rear End,15:22,4.0,5
630954,CR-0000061544,0,0,1,0,Bike At Fault,Sideswipe,11:12,0.0,6
630955,CR-0000061339,0,0,0,0,Violation Driver 1,Rear End,10:17,5.0,5
630956,CR-0000061655,0,0,0,0,Unknown,Sideswipe,21:40,4.0,6
630957,CR-0000061397,0,0,0,0,Violation Driver 1,Broadside,08:30,5.0,0
630958,CR-0000061275,0,0,1,0,Unknown,Broadside,09:01,4.0,0
630959,CR-0000073610,1,0,0,0,Unknown,Rear End,18:47,4.0,5
630960,CR-0000072906,0,0,0,0,Unknown,Rear End,16:15,4.0,5
630961,CR-0000074246,0,0,0,0,Unknown,Sideswipe,17:45,4.0,6
630962,CR-0000074245,0,0,0,0,Unknown,Other,23:00,4.0,3
630963,CR-0000073448,0,1,0,0,Unknown,Vehicle/Bike,22:30,4.0,7
630964,CR-0000073413,0,0,0,0,Unknown,Rear End,15:15,4.0,5
630965,CR-0000073280,1,0,0,0,Unknown,Vehicle/Bike,06:45,4.0,7
630966,CR-0000073528,0,0,0,0,Violation Driver 1,Rear End,17:48,5.0,5
630967,CR-0000073494,0,0,0,0,Unknown,Rear End,21:00,4.0,5
630984,CR-0000074212,0,0,0,0,Violation Driver 1,Rear End,09:39,5.0,5
630985,CR-0000073506,1,0,0,0,Unknown,Broadside,17:10,4.0,0
630986,CR-0000073461,0,0,0,0,Unknown,Sideswipe,21:45,4.0,6
630987,CR-0000061476,0,1,0,0,Violation Driver 1,Broadside,08:31,5.0,0
630988,CR-0000061306,0,0,0,0,Unknown,Sideswipe,17:00,4.0,6
630989,CR-0000061124,0,0,0,0,Unknown,Hit Object,22:44,4.0,2
630990,CR-0000061206,0,0,0,0,Unknown,Sideswipe,07:50,4.0,6
630993,CR-0000075083,1,0,0,0,Unknown,Broadside,13:40,4.0,0
630994,CR-0000073762,1,0,0,0,Violation Driver 1,Rear End,08:02,5.0,5
630995,CR-0000074215,0,0,0,0,Unknown,Rear End,14:34,4.0,5
630996,CR-0000061537,2,0,0,0,Violation Driver 1,Broadside,12:21,5.0,0
630997,CR-0000061536,0,0,0,0,Unknown,Sideswipe,19:30,4.0,6
630998,CR-0000061497,0,0,0,0,Unknown,Hit Object,17:37,4.0,2
631004,CR-0000058169,0,1,0,0,Violation Driver 1,Broadside,08:18,5.0,0
631005,CR-0000061534,0,0,0,0,Unknown,Head On,02:00,4.0,1
631010,CR-0000072998,0,0,0,0,Violation Driver 1,Hit Object,20:29,5.0,2
631014,CR-0000061592,0,1,0,0,Bike At Fault,Vehicle/Bike,06:30,0.0,7
631015,CR-0000061580,0,0,0,0,Unknown,Rear End,22:15,4.0,5
631016,CR-0000061481,1,0,0,0,Unknown,Other,12:37,4.0,3
631017,CR-0000061470,1,0,0,0,Unknown,Rear End,17:45,4.0,5
631018,CR-0000061245,0,1,0,0,Violation Driver 1,Broadside,18:49,5.0,0
631019,CR-0000061697,0,1,0,0,Violation Driver 1,Broadside,12:56,5.0,0
631020,CR-0000061669,0,0,0,0,Violation Driver 1,Rear End,06:15,5.0,5
631021,CR-0000061393,1,0,0,0,Bike At Fault,Head On,07:45,0.0,1
631022,CR-0000061285,0,0,0,0,Unknown,Sideswipe,07:40,4.0,6
631023,CR-0000061281,0,0,0,0,Unknown,Broadside,21:09,4.0,0
631024,CR-0000061279,0,0,0,0,Other Improper Driving,Hit Object,13:09,1.0,2
631025,CR-0000061273,0,0,0,0,Unknown,Rear End,18:20,4.0,5
631026,CR-0000073916,0,0,0,0,Unknown,Rear End,13:00,4.0,5
631027,CR-0000073900,0,0,0,0,Violation Driver 1,Sideswipe,15:30,5.0,6
631028,CR-0000061515,0,0,0,0,Violation Driver 1,Broadside,20:58,5.0,0
631029,CR-0000061558,0,0,0,0,Unknown,Rear End,14:30,4.0,5
631030,CR-0000061557,0,0,0,0,Unknown,Sideswipe,12:20,4.0,6
631031,CR-0000061556,0,0,0,0,Unknown,Head On,18:55,4.0,1
631032,CR-0000073065,2,0,0,0,Unknown,Broadside,08:51,4.0,0
631033,CR-0000073398,0,0,0,0,Unknown,Rear End,08:35,4.0,5
631034,CR-0000061349,0,0,0,0,Unknown,Sideswipe,15:15,4.0,6
631035,CR-0000061334,0,0,0,0,Unknown,Sideswipe,10:00,4.0,6
631036,CR-0000061331,0,0,0,0,Violation Driver 1,Rear End,21:35,5.0,5
631037,CR-0000061307,1,0,0,0,Violation Driver 1,Broadside,19:30,5.0,0
631038,CR-0000061239,1,0,0,0,Violation Driver 1,Rear End,09:53,5.0,5
631039,CR-0000073608,0,0,0,0,Unknown,Sideswipe,09:01,4.0,6
631040,CR-0000073669,0,0,0,0,Violation Driver 1,Broadside,21:31,5.0,0
631041,CR-0000073664,0,0,0,0,Unknown,Head On,21:40,4.0,1
631042,CR-0000072873,0,0,0,0,Unknown,Broadside,17:45,4.0,0
631043,CR-0000073659,1,0,0,0,Unknown,Sideswipe,15:30,4.0,6
631046,CR-0000061035,0,0,0,0,Unknown,Sideswipe,15:00,4.0,6
631047,CR-0000061018,0,0,1,0,Unknown,Sideswipe,08:45,4.0,6
631048,CR-0000073396,0,0,0,0,Unknown,Rear End,14:00,4.0,5
631049,CR-0000073902,1,0,0,0,Violation Driver 1,Broadside,18:52,5.0,0
631050,CR-0000073818,0,0,0,0,Violation Driver 2,Broadside,12:46,6.0,0
631051,CR-0000073800,0,0,0,0,Violation Driver 1,Sideswipe,19:54,5.0,6
631052,CR-0000073475,0,0,0,0,Unknown,Rear End,19:00,4.0,5
631053,CR-0000061598,2,0,0,0,Unknown,Broadside,15:55,4.0,0
631054,CR-0000061500,1,0,0,0,Violation Driver 1,Broadside,02:31,5.0,0
631055,CR-0000061574,0,0,0,0,Violation Driver 1,Sideswipe,23:04,5.0,6
631056,CR-0000067600,0,0,0,0,Unknown,Rear End,19:30,4.0,5
631057,CR-0000061317,0,0,0,0,Violation Driver 1,Broadside,01:50,5.0,0