CrashFactId,Name,MinorInjuries,ModerateInjuries,SevereInjuries,FatalInjuries,PrimaryCollisionFactor,CollisionType,CrashTime,PrimaryCollisionFactor_Code,CollisionType_Code
637329,CR-0000078957,0,1,0,0,Violation Driver 1,Overturned,16:30,5.0,4
637330,CR-0000078962,0,0,0,0,Unknown,Rear End,17:55,4.0,5
637335,CR-0000049296,0,1,0,0,Violation Driver 1,Rear End,20:04,5.0,5
637336,CR-0000049276,0,0,0,0,Violation Driver 1,Other,17:55,5.0,3
637337,CR-0000049196,0,0,0,0,Violation Driver 1,Head On,07:13,5.0,1
637338,CR-0000077381,0,0,0,0,Violation Driver 1,Sideswipe,23:41,5.0,6
637339,CR-0000077839,1,1,0,0,Violation Driver 1,Head On,00:19,5.0,1
637340,CR-0000074961,0,0,0,0,Unknown,Sideswipe,00:00,4.0,6
637341,CR-0000077732,1,0,1,0,Violation Driver 1,Broadside,01:07,5.0,0
637342,CR-0000076269,0,1,0,0,Unknown,Vehicle/Bike,14:30,4.0,7
637343,CR-0000049377,0,0,0,0,Violation Driver 1,Head On,01:24,5.0,1
637344,CR-0000049169,0,0,0,0,Violation Driver 1,Broadside,18:14,5.0,0
637345,CR-0000068333,0,0,0,0,Violation Driver 1,Head On,09:24,5.0,1
637346,CR-0000069187,0,1,0,0,Violation Driver 1,Hit Object,04:44,5.0,2
637347,CR-0000064165,1,0,0,0,Violation Driver 1,Head On,04:20,5.0,1
637349,CR-0000078998,0,1,0,0,Violation Driver 1,Vehicle/Pedestrian,10:22,5.0,8
637350,CR-0000078999,1,0,0,0,Violation Driver 1,Rear End,12:20,5.0,5
637351,CR-0000079005,0,0,0,0,Violation Driver 1,Sideswipe,23:10,5.0,6
637352,CR-0000058635,0,0,0,0,Violation Driver 1,Hit Object,19:50,5.0,2
637353,CR-0000064355,0,0,0,0,Violation Driver 1,Hit Object,01:42,5.0,2
637354,CR-0000064415,0,0,0,0,Violation Driver 1,Hit Object,01:09,5.0,2
637357,CR-0000065335,0,0,0,0,Violation Driver 1,Head On,23:45,5.0,1
637358,CR-0000064816,0,0,0,0,Violation Driver 1,Hit Object,16:37,5.0,2
637359,CR-0000078963,0,0,0,0,Unknown,Sideswipe,21:00,4.0,6
637360,CR-0000078974,0,0,0,0,Violation Driver 1,Rear End,08:55,5.0,5
637361,CR-0000078976,0,0,0,0,Unknown,Hit Object,14:45,4.0,2
637362,CR-0000034811,0,0,0,0,Violation Driver 1,Rear End,22:09,5.0,5
637363,CR-0000034424,0,0,0,0,Violation Driver 1,Other,20:40,5.0,3
637364,CR-0000034613,0,0,0,0,Violation Driver 1,Rear End,08:35,5.0,5
637365,CR-0000037494,1,0,0,0,Bike At Fault,Other,13:20,0.0,3
637366,CR-0000033692,1,0,0,0,Violation Driver 1,Head On,16:08,5.0,1
637367,CR-0000049294,1,0,0,0,Violation Driver 1,Broadside,12:05,5.0,0
637368,CR-0000063900,0,0,0,0,Violation Driver 1,Hit Object,18:50,5.0,2
637369,CR-0000068576,2,0,0,0,Violation Driver 1,Hit Object,01:02,5.0,2
637370,CR-0000034557,1,0,0,0,Violation Driver 1,Sideswipe,14:50,5.0,6
637371,CR-0000032786,0,1,0,0,Violation Driver 1,Other,19:46,5.0,3
637372,CR-0000034421,0,0,0,0,Bike At Fault,Other,16:30,0.0,3
637373,CR-0000079008,0,0,0,0,Unknown,Other,00:10,4.0,3
637374,CR-0000079009,0,0,0,0,Violation Driver 1,Head On,01:10,5.0,1
637375,CR-0000079011,0,0,0,0,Unknown,Sideswipe,08:10,4.0,6
637376,CR-0000079015,0,0,1,0,Violation Driver 1,Vehicle/Bike,18:52,5.0,7
637380,CR-0000037522,0,0,0,0,Unknown,Rear End,13:45,4.0,5
637381,CR-0000032768,0,0,0,0,Violation Driver 1,Broadside,12:15,5.0,0
637382,CR-0000032766,1,0,0,0,Violation Driver 1,Rear End,08:45,5.0,5
637383,CR-0000032761,0,0,0,0,Unknown,Rear End,09:15,4.0,5
637384,CR-0000034541,0,0,0,0,Unknown,Rear End,08:00,4.0,5
637385,CR-0000078978,0,1,0,0,Violation Driver 1,Vehicle/Bike,20:56,5.0,7
637386,CR-0000078979,0,0,0,0,Unknown,Sideswipe,08:00,4.0,6
637387,CR-0000078993,0,0,0,0,Violation Driver 1,Broadside,21:31,5.0,0
637388,CR-0000078997,0,0,0,0,Violation Driver 1,Rear End,09:48,5.0,5
637389,CR-0000079001,1,0,0,0,Violation Driver 1,Rear End,16:14,5.0,5
637390,CR-0000079006,0,0,0,0,Unknown,Rear End,16:00,4.0,5
637391,CR-0000079010,0,0,0,0,Violation Driver 1,Hit Object,03:26,5.0,2
637392,CR-0000034532,0,1,0,0,Violation Driver 1,Head On,16:00,5.0,1
637393,CR-0000049015,0,0,0,0,Unknown,Sideswipe,17:00,4.0,6
637395,CR-0000049408,2,0,0,0,Violation Driver 1,Broadside,20:50,5.0,0
637396,CR-0000044581,0,0,0,0,Unknown,Rear End,17:00,4.0,5
637397,CR-0000033443,0,0,0,0,Unknown,Rear End,14:00,4.0,5
637398,CR-0000032658,0,0,0,0,Unknown,Other,23:50,4.0,3
637399,CR-0000079016,0,0,0,0,Unknown,Hit Object,18:27,4.0,2
637400,CR-0000079019,1,0,0,0,Unknown,Vehicle/Pedestrian,19:15,4.0,8
637401,CR-0000079028,0,0,0,0,Violation Driver 1,Head On,13:55,5.0,1
637402,CR-0000079038,0,0,0,0,Unknown,Vehicle/Bike,16:50,4.0,7
637403,CR-0000079039,0,0,0,0,Unknown,Broadside,16:47,4.0,0
637404,CR-0000079042,0,0,1,0,Unknown,Vehicle/Bike,17:24,4.0,7
637405,CR-0000079044,0,1,0,0,Violation Driver 1,Vehicle/Pedestrian,07:03,5.0,8
637406,CR-0000079051,0,0,0,0,Violation Driver 1,Sideswipe,17:40,5.0,6
637407,CR-0000076267,0,0,0,0,Unknown,Sideswipe,17:00,4.0,6
637408,CR-0000049280,0,0,0,0,Violation Driver 1,Other,18:30,5.0,3
637409,CR-0000064697,0,0,0,0,Violation Driver 1,Hit Object,03:39,5.0,2
637414,CR-0000064823,0,0,0,0,Violation Driver 1,Head On,19:10,5.0,1
637420,CR-0000079004,0,0,0,0,Violation Driver 1,Rear End,22:05,5.0,5
637421,CR-0000079018,0,0,0,0,Unknown,Sideswipe,09:52,4.0,6
637422,CR-0000075494,0,0,0,0,Unknown,Broadside,17:15,4.0,0
637423,CR-0000078544,2,0,0,0,Violation Driver 1,Rear End,18:00,5.0,5
637424,CR-0000076301,0,0,0,0,Unknown,Sideswipe,05:30,4.0,6
637425,CR-0000076401,0,0,0,0,Violation Driver 1,Rear End,12:00,5.0,5
637426,CR-0000076280,0,0,0,0,Unknown,Rear End,14:30,4.0,5
637427,CR-0000077308,0,0,0,0,Violation Driver 1,Hit Object,13:48,5.0,2
637428,CR-0000077795,0,0,0,0,Unknown,Sideswipe,09:45,4.0,6
637429,CR-0000077209,0,0,0,0,Unknown,Sideswipe,13:30,4.0,6
637430,CR-0000079020,0,0,0,0,Violation Driver 1,Sideswipe,00:29,5.0,6
637431,CR-0000079022,0,0,0,0,Violation Driver 1,Sideswipe,07:45,5.0,6
637432,CR-0000079024,0,0,0,0,Unknown,Hit Object,11:51,4.0,2
637433,CR-0000079032,0,0,0,0,Unknown,Rear End,14:13,4.0,5
637434,CR-0000079034,0,0,0,0,Unknown,Other,15:55,4.0,3
637435,CR-0000079040,0,0,0,0,Unknown,Sideswipe,11:25,4.0,6
637444,CR-0000075270,0,0,0,0,Unknown,Rear End,19:20,4.0,5
637445,CR-0000078514,0,0,0,0,Violation Driver 1,Rear End,00:35,5.0,5
637446,CR-0000076306,0,1,0,0,Unknown,Broadside,05:54,4.0,0
637447,CR-0000076381,0,0,0,0,Unknown,Sideswipe,12:30,4.0,6
637448,CR-0000076292,0,0,0,0,Unknown,Vehicle/Bike,14:52,4.0,7
637449,CR-0000078051,0,0,0,0,Unknown,Rear End,15:20,4.0,5
637450,CR-0000078019,0,0,0,0,Unknown,Rear End,07:05,4.0,5
637451,CR-0000078009,0,0,0,0,Unknown,Rear End,08:25,4.0,5
637452,CR-0000078198,0,0,0,0,Unknown,Hit Object,12:53,4.0,2
637453,CR-0000064426,0,0,0,0,Violation Driver 1,Hit Object,20:17,5.0,2
637457,CR-0000057930,0,0,0,0,Violation Driver 1,Overturned,08:01,5.0,4
637458,CR-0000037441,0,0,0,0,Violation Driver 1,Other,22:30,5.0,3
637459,CR-0000077131,0,0,0,0,Violation Driver 1,Broadside,15:13,5.0,0
637460,CR-0000077040,0,1,0,0,Violation Driver 1,Rear End,01:00,5.0,5
637461,CR-0000077714,0,0,1,0,Violation Driver 1,Vehicle/Pedestrian,22:00,5.0,8
637462,CR-0000077705,0,0,0,0,Violation Driver 1,Sideswipe,09:19,5.0,6
637463,CR-0000078204,0,0,0,0,Violation Driver 1,Rear End,19:07,5.0,5
637464,CR-0000076569,2,1,0,0,Violation Driver 1,Rear End,08:51,5.0,5
637465,CR-0000076300,0,0,0,0,Unknown,Rear End,05:40,4.0,5
637466,CR-0000079013,1,0,0,0,Violation Driver 1,Rear End,12:25,5.0,5
637467,CR-0000079017,1,0,0,0,Violation Driver 1,Rear End,21:10,5.0,5
637468,CR-0000079021,0,0,0,0,Violation Driver 1,Rear End,07:10,5.0,5
637469,CR-0000079025,0,0,0,0,Violation Driver 1,Hit Object,10:59,5.0,2
637470,CR-0000079026,0,0,0,0,Unknown,Sideswipe,07:55,4.0,6
637471,CR-0000079029,0,0,0,0,Violation Driver 1,Broadside,20:15,5.0,0
637472,CR-0000079031,0,0,0,0,Violation Driver 1,Rear End,21:40,5.0,5
637481,CR-0000037428,0,0,0,0,Unknown,Rear End,11:55,4.0,5
637482,CR-0000034498,0,0,0,0,Violation Driver 1,Other,18:17,5.0,3
637483,CR-0000033410,0,0,0,0,Violation Driver 1,Other,16:35,5.0,3
637484,CR-0000032686,0,0,0,0,Violation Driver 1,Rear End,11:50,5.0,5
637485,CR-0000031251,0,0,0,0,Violation Driver 1,Rear End,19:30,5.0,5
637486,CR-0000031653,0,0,0,0,Violation Driver 1,Other,02:07,5.0,3
637487,CR-0000031636,0,0,0,0,Violation Driver 1,Other,21:43,5.0,3
637488,CR-0000031026,0,0,0,0,Unknown,Broadside,19:24,4.0,0
637489,CR-0000034741,0,0,0,0,Violation Driver 1,Head On,15:15,5.0,1
637490,CR-0000037410,0,0,0,0,Violation Driver 1,Other,20:12,5.0,3
637491,CR-0000031424,0,0,0,0,Violation Driver 1,Other,03:24,5.0,3
637492,CR-0000032472,0,0,0,0,Unknown,Sideswipe,09:00,4.0,6
637493,CR-0000033425,1,0,0,0,Violation Driver 1,Head On,17:01,5.0,1
637494,CR-0000032631,0,0,0,0,Unknown,Other,20:28,4.0,3
637495,CR-0000034459,0,0,0,0,Violation Driver 1,Broadside,10:55,5.0,0
637496,CR-0000075761,0,0,0,0,Unknown,Vehicle/Pedestrian,21:03,4.0,8
637497,CR-0000075388,0,0,0,0,Unknown,Head On,18:00,4.0,1
637498,CR-0000078165,0,0,0,0,Unknown,Rear End,08:00,4.0,5
637499,CR-0000078797,0,0,0,0,Unknown,Rear End,18:20,4.0,5
637500,CR-0000077592,0,1,0,0,Unknown,Vehicle/Bike,09:10,4.0,7
637501,CR-0000077591,0,0,0,0,Violation Driver 1,Broadside,15:30,5.0,0
637502,CR-0000077560,0,0,0,0,Unknown,Sideswipe,00:00,4.0,6
637503,CR-0000077558,0,0,0,0,Unknown,Broadside,00:00,4.0,0
637504,CR-0000078142,0,0,0,0,Unknown,Rear End,22:40,4.0,5
637505,CR-0000078134,0,0,0,0,Unknown,Hit Object,15:30,4.0,2
637506,CR-0000077993,0,0,0,0,Unknown,Rear End,08:15,4.0,5
637507,CR-0000077827,0,0,0,0,Unknown,Sideswipe,18:00,4.0,6
637508,CR-0000078758,0,0,0,0,Unknown,Sideswipe,14:00,4.0,6
637509,CR-0000077676,0,0,0,0,Unknown,Vehicle/Bike,13:20,4.0,7
637510,CR-0000078737,0,0,0,0,Unknown,Broadside,16:30,4.0,0
637511,CR-0000079035,0,0,0,0,Violation Driver 1,Hit Object,21:23,5.0,2
637512,CR-0000079036,0,0,0,0,Unknown,Sideswipe,00:00,4.0,6
637513,CR-0000079048,1,0,0,0,Violation Driver 1,Broadside,12:15,5.0,0
637514,CR-0000079053,0,1,0,0,Violation Driver 1,Sideswipe,18:53,5.0,6
637515,CR-0000079057,0,1,0,0,Violation Driver 1,Vehicle/Bike,16:30,5.0,7
637516,CR-0000079062,0,0,0,0,Violation Driver 1,Rear End,23:33,5.0,5
637517,CR-0000079064,0,0,0,0,Violation Driver 1,Other,17:40,5.0,3
637518,CR-0000076290,0,0,0,0,Unknown,Sideswipe,09:40,4.0,6
637519,CR-0000076289,0,0,0,0,Unknown,Sideswipe,15:43,4.0,6
637520,CR-0000077508,0,0,0,0,Unknown,Other,06:54,4.0,3
637521,CR-0000078593,0,0,0,0,Unknown,Rear End,21:00,4.0,5
637522,CR-0000078175,0,0,0,0,Unknown,Hit Object,17:00,4.0,2
637523,CR-0000078799,0,0,0,0,Unknown,Rear End,13:45,4.0,5
637524,CR-0000077360,0,0,0,0,Unknown,Rear End,07:08,4.0,5
637525,CR-0000077978,0,0,0,0,Unknown,Sideswipe,23:19,4.0,6
637526,CR-0000076173,2,0,0,0,Unknown,Head On,02:09,4.0,1
637527,CR-0000078316,0,0,0,0,Unknown,Rear End,11:15,4.0,5
637528,CR-0000076258,0,0,0,0,Unknown,Rear End,08:15,4.0,5
637533,CR-0000077952,1,0,0,0,Unknown,Rear End,15:30,4.0,5
637534,CR-0000077543,0,1,0,0,Unknown,Overturned,17:56,4.0,4
637535,CR-0000077744,0,0,0,0,Unknown,Broadside,22:00,4.0,0
637536,CR-0000078719,0,0,0,0,Unknown,Rear End,21:00,4.0,5
637537,CR-0000078281,0,0,0,0,Unknown,Other,23:00,4.0,3
637540,CR-0000078973,0,0,0,0,Violation Driver 1,Head On,07:11,5.0,1
637541,CR-0000078980,0,0,0,0,Unknown,Sideswipe,20:20,4.0,6
637542,CR-0000078981,1,0,0,0,Violation Driver 1,Head On,00:53,5.0,1
637543,CR-0000078985,0,0,0,0,Violation Driver 1,Hit Object,07:14,5.0,2
637544,CR-0000078987,0,2,0,0,Violation Driver 1,Hit Object,00:01,5.0,2
637545,CR-0000078990,0,0,0,0,Violation Driver 1,Rear End,15:51,5.0,5
637546,CR-0000078991,1,0,0,0,Violation Driver 1,Sideswipe,16:36,5.0,6
637547,CR-0000034805,0,0,0,0,Violation Driver 1,Sideswipe,16:40,5.0,6
637548,CR-0000032704,0,0,0,0,Violation Driver 1,Other,19:24,5.0,3
637549,CR-0000034409,0,0,0,0,Unknown,Other,07:35,4.0,3
637550,CR-0000049585,0,1,0,0,Violation Driver 1,Other,09:39,5.0,3
637551,CR-0000058166,0,0,0,0,Violation Driver 1,Sideswipe,01:15,5.0,6
637552,CR-0000049374,0,0,0,0,Other Than Driver,Other,19:24,2.0,3
637553,CR-0000049200,1,2,0,0,Violation Driver 1,Broadside,11:42,5.0,0
637554,CR-0000049164,1,0,0,0,Violation Driver 1,Other,10:44,5.0,3
637555,CR-0000068885,0,0,0,0,Violation Driver 1,Hit Object,21:53,5.0,2
637556,CR-0000068940,1,0,0,0,Violation Driver 1,Hit Object,02:36,5.0,2
637562,CR-0000064037,0,0,0,0,Violation Driver 1,Hit Object,07:00,5.0,2
637563,CR-0000064163,0,0,0,0,Violation Driver 1,Hit Object,04:28,5.0,2
637564,CR-0000064784,0,1,0,0,Violation Driver 1,Hit Object,22:20,5.0,2
637568,CR-0000031286,0,0,0,0,Unknown,Other,12:00,4.0,3
637569,CR-0000078995,1,0,0,0,Unknown,Sideswipe,22:00,4.0,6
637570,CR-0000079000,2,0,0,0,Violation Driver 1,Broadside,14:52,5.0,0
637571,CR-0000079003,0,1,0,0,Violation Driver 1,Rear End,20:00,5.0,5
637572,CR-0000079007,1,0,0,0,Unknown,Vehicle/Pedestrian,05:50,4.0,8
637573,CR-0000079012,0,0,0,0,Violation Driver 1,Head On,11:33,5.0,1
637574,CR-0000079014,0,0,0,0,Violation Driver 1,Other,00:46,5.0,3
637575,CR-0000079023,0,0,0,0,Unknown,Broadside,08:10,4.0,0
637576,CR-0000079027,0,0,0,0,Violation Driver 1,Rear End,13:09,5.0,5
637585,CR-0000079030,0,0,0,0,Unknown,Broadside,20:10,4.0,0
637586,CR-0000079033,0,0,0,0,Unknown,Sideswipe,08:30,4.0,6
637587,CR-0000079037,0,0,0,0,Unknown,Sideswipe,00:00,4.0,6
637588,CR-0000079045,0,0,0,0,Violation Driver 1,Sideswipe,08:00,5.0,6
637589,CR-0000079046,0,1,0,0,Bike At Fault,Vehicle/Bike,08:31,0.0,7
637590,CR-0000079049,0,0,0,0,Violation Driver 1,Rear End,16:06,5.0,5
637591,CR-0000079050,0,0,0,0,Violation Driver 1,Rear End,16:25,5.0,5
637592,CR-0000079052,0,0,0,0,Violation Driver 1,Sideswipe,18:48,5.0,6
637593,CR-0000076821,1,0,0,0,Unknown,Sideswipe,12:58,4.0,6
637594,CR-0000076353,0,0,0,0,Unknown,Rear End,09:00,4.0,5
637595,CR-0000078329,0,0,0,0,Violation Driver 1,Sideswipe,17:34,5.0,6
637596,CR-0000075893,0,0,0,0,Violation Driver 1,Other,13:00,5.0,3
637598,CR-0000079075,1,0,0,0,Pedestrian At Fault,Vehicle/Pedestrian,07:55,3.0,8
637599,CR-0000079076,0,0,0,0,Unknown,Rear End,22:30,4.0,5
637600,CR-0000079079,1,0,0,0,Unknown,Sideswipe,18:30,4.0,6
637601,CR-0000079083,0,0,0,0,Unknown,Sideswipe,13:00,4.0,6
637602,CR-0000079087,0,0,0,0,Violation Driver 1,Rear End,02:37,5.0,5
637603,CR-0000079091,0,1,0,0,Violation Driver 1,Rear End,10:28,5.0,5
637604,CR-0000076933,0,1,0,0,Other Improper Driving,Vehicle/Bike,16:09,1.0,7
637605,CR-0000079055,0,0,0,0,Violation Driver 1,Hit Object,02:11,5.0,2
637606,CR-0000079056,0,0,0,0,Violation Driver 1,Rear End,04:00,5.0,5
637607,CR-0000079059,0,0,0,0,Violation Driver 1,Sideswipe,16:43,5.0,6
637608,CR-0000079060,0,0,0,0,Violation Driver 1,Hit Object,19:11,5.0,2
637609,CR-0000079063,0,0,0,0,Unknown,Other,00:00,4.0,3
637610,CR-0000079078,0,0,0,0,Unknown,Other,15:45,4.0,3
637611,CR-0000076241,1,0,0,0,Unknown,Broadside,17:40,4.0,0
637612,CR-0000076282,0,0,0,0,Unknown,Rear End,01:00,4.0,5
637613,CR-0000077559,0,0,0,0,Unknown,Rear End,11:51,4.0,5
637614,CR-0000077813,0,0,0,0,Unknown,Rear End,19:15,4.0,5
637615,CR-0000078364,0,0,0,0,Unknown,Sideswipe,16:10,4.0,6
637616,CR-0000078728,0,0,0,0,Unknown,Sideswipe,13:00,4.0,6
637617,CR-0000078727,0,0,0,0,Unknown,Sideswipe,10:47,4.0,6
637618,CR-0000075640,0,0,0,0,Unknown,Sideswipe,21:30,4.0,6
637619,CR-0000079081,0,0,0,0,Unknown,Rear End,07:45,4.0,5
637626,CR-0000078575,0,0,0,0,Unknown,Sideswipe,17:00,4.0,6
637627,CR-0000075954,0,0,0,0,Unknown,Sideswipe,21:35,4.0,6
637628,CR-0000075940,1,0,0,0,Unknown,Broadside,15:25,4.0,0
637629,CR-0000074946,0,0,0,0,Unknown,Broadside,00:00,4.0,0
637630,CR-0000077561,0,0,0,0,Unknown,Sideswipe,17:30,4.0,6
637631,CR-0000078673,0,0,0,0,Unknown,Broadside,18:15,4.0,0
637632,CR-0000077831,1,0,0,0,Unknown,Broadside,13:23,4.0,0
637633,CR-0000079043,0,0,0,0,Violation Driver 1,Sideswipe,00:40,5.0,6
637634,CR-0000075268,0,0,0,0,Unknown,Sideswipe,13:50,4.0,6
637635,CR-0000078283,0,0,0,0,Unknown,Rear End,09:22,4.0,5
637637,CR-0000075634,0,0,0,0,Violation Driver 1,Hit Object,21:54,5.0,2
637638,CR-0000079073,0,0,1,0,Violation Driver 1,Broadside,14:34,5.0,0
637639,CR-0000079077,0,0,0,0,Unknown,Rear End,16:00,4.0,5
637640,CR-0000079080,0,0,0,0,Unknown,Sideswipe,22:00,4.0,6
637641,CR-0000079047,1,0,0,0,Violation Driver 1,Broadside,11:35,5.0,0
637642,CR-0000079058,2,0,0,0,Violation Driver 1,Rear End,15:25,5.0,5
637643,CR-0000079088,0,0,0,0,Violation Driver 1,Hit Object,03:58,5.0,2
637644,CR-0000079090,2,0,0,0,Violation Driver 1,Rear End,09:44,5.0,5
637645,CR-0000079092,1,0,0,0,Violation Driver 1,Sideswipe,10:50,5.0,6
637646,CR-0000079094,1,1,0,0,Violation Driver 1,Broadside,12:10,5.0,0
637648,CR-0000034660,1,0,0,0,Violation Driver 1,Rear End,18:10,5.0,5
637649,CR-0000034338,0,0,0,0,Unknown,Rear End,11:54,4.0,5
637650,CR-0000031372,0,0,0,0,Unknown,Other,18:00,4.0,3
637651,CR-0000034526,0,1,0,0,Violation Driver 1,Broadside,07:10,5.0,0
637652,CR-0000050414,0,0,0,0,Violation Driver 1,Other,11:17,5.0,3
637653,CR-0000064447,1,0,0,0,Violation Driver 1,Rear End,13:56,5.0,5
637655,CR-0000078315,0,0,0,0,Unknown,Rear End,17:15,4.0,5
637656,CR-0000078722,0,0,0,0,Unknown,Rear End,14:00,4.0,5
637657,CR-0000078249,1,0,0,0,Unknown,Rear End,15:04,4.0,5
637658,CR-0000078248,0,0,0,0,Unknown,Rear End,09:05,4.0,5
637659,CR-0000078464,0,0,0,0,Unknown,Other,13:48,4.0,3
637662,CR-0000070169,0,0,0,0,Violation Driver 1,Hit Object,15:00,5.0,2
637669,CR-0000079099,0,0,0,0,Violation Driver 1,Sideswipe,17:30,5.0,6
637680,CR-0000049527,0,0,0,0,Violation Driver 1,Other,01:35,5.0,3
637681,CR-0000034717,0,0,0,0,Violation Driver 1,Rear End,18:47,5.0,5
637682,CR-0000032636,0,1,0,0,Pedestrian At Fault,Other,01:47,3.0,3
637685,CR-0000034527,1,0,0,0,Violation Driver 1,Other,19:28,5.0,3
637686,CR-0000064032,0,0,0,0,Violation Driver 1,Hit Object,01:30,5.0,2
637687,CR-0000068364,0,0,0,0,Violation Driver 1,Hit Object,16:17,5.0,2
637690,CR-0000044550,0,0,0,0,Violation Driver 1,Rear End,01:25,5.0,5
637691,CR-0000044114,1,0,0,0,Violation Driver 1,Other,20:51,5.0,3
637692,CR-0000079103,0,0,0,0,Unknown,Rear End,18:57,4.0,5
637693,CR-0000079106,0,0,0,0,Violation Driver 1,Broadside,10:56,5.0,0
637694,CR-0000079117,0,0,0,0,Unknown,Sideswipe,18:23,4.0,6
637695,CR-0000079118,0,0,0,0,Unknown,Rear End,00:00,4.0,5
637696,CR-0000079133,0,0,0,0,Violation Driver 1,Sideswipe,07:31,5.0,6
637699,CR-0000079085,0,1,0,0,Violation Driver 1,Vehicle/Bike,18:33,5.0,7
637700,CR-0000079086,0,0,0,0,Unknown,Sideswipe,05:29,4.0,6
637701,CR-0000079089,0,0,0,0,Violation Driver 1,Sideswipe,09:17,5.0,6
637702,CR-0000079098,0,0,0,0,Violation Driver 1,Head On,15:37,5.0,1
637703,CR-0000079107,1,0,0,0,Violation Driver 1,Hit Object,12:24,5.0,2
637704,CR-0000079136,1,0,0,0,Violation Driver 1,Broadside,14:53,5.0,0
637705,CR-0000079140,1,0,0,0,Violation Driver 1,Head On,22:22,5.0,1
637706,CR-0000079141,0,0,0,0,Unknown,Sideswipe,17:50,4.0,6
637709,CR-0000049445,1,0,0,0,Violation Driver 1,Other,13:41,5.0,3
637710,CR-0000049410,0,0,0,0,Unknown,Other,14:30,4.0,3
637711,CR-0000079108,1,1,0,0,Violation Driver 1,Rear End,12:52,5.0,5
637712,CR-0000079115,0,0,0,0,Violation Driver 1,Rear End,17:40,5.0,5
637713,CR-0000070281,0,0,0,0,Violation Driver 1,Hit Object,00:02,5.0,2
637714,CR-0000070155,0,0,0,0,Violation Driver 1,Hit Object,17:36,5.0,2
637715,CR-0000066148,1,0,0,0,Violation Driver 1,Sideswipe,21:15,5.0,6
637716,CR-0000066830,0,0,0,0,Violation Driver 1,Hit Object,15:55,5.0,2
637718,CR-0000044485,1,0,0,0,Bike At Fault,Other,22:22,0.0,3
637719,CR-0000034152,0,0,0,0,Violation Driver 1,Broadside,09:30,5.0,0
637720,CR-0000037446,1,0,0,0,Unknown,Other,22:50,4.0,3
637721,CR-0000034127,0,0,0,0,Unknown,Broadside,15:00,4.0,0
637723,CR-0000044942,0,0,0,0,Violation Driver 1,Broadside,17:02,5.0,0
637724,CR-0000049437,0,0,0,0,Unknown,Other,13:30,4.0,3
637727,CR-0000032577,1,0,0,0,Violation Driver 1,Rear End,18:00,5.0,5
637728,CR-0000031422,0,0,0,0,Unknown,Sideswipe,20:19,4.0,6
637729,CR-0000034456,0,1,0,0,Parked/Rolling,Other,20:22,,3
637730,CR-0000049563,1,0,0,0,Violation Driver 1,Broadside,11:10,5.0,0
637731,CR-0000049561,0,0,0,0,Unknown,Rear End,07:30,4.0,5
637732,CR-0000049560,0,0,0,0,Unknown,Other,16:00,4.0,3
637736,CR-0000044500,1,0,0,0,Violation Driver 1,Other,07:12,5.0,3
637737,CR-0000049545,0,1,0,0,Unknown,Other,08:40,4.0,3
637738,CR-0000049529,0,0,0,0,Violation Driver 1,Other,07:53,5.0,3
637739,CR-0000032691,2,0,0,0,Violation Driver 1,Broadside,04:04,5.0,0
637740,CR-0000034737,0,0,0,0,Unknown,Broadside,22:55,4.0,0
637741,CR-0000034728,0,0,0,0,Unknown,Other,14:25,4.0,3
637742,CR-0000034788,0,0,0,0,Unknown,Rear End,12:47,4.0,5
637744,CR-0000044493,0,0,0,0,Violation Driver 1,Other,13:13,5.0,3
637745,CR-0000044571,3,0,0,0,Violation Driver 1,Rear End,15:30,5.0,5
637746,CR-0000049518,1,0,0,0,Violation Driver 1,Other,12:54,5.0,3
637747,CR-0000037336,0,0,0,0,Violation Driver 1,Other,22:45,5.0,3
637748,CR-0000031196,0,0,0,0,Unknown,Rear End,14:45,4.0,5
637749,CR-0000034681,0,0,0,0,Violation Driver 1,Other,21:26,5.0,3
637750,CR-0000034724,0,0,0,0,Violation Driver 1,Other,22:50,5.0,3
637751,CR-0000031162,0,0,0,0,Unknown,Other,04:15,4.0,3
637752,CR-0000032478,0,0,0,0,Unknown,Broadside,21:32,4.0,0
637753,CR-0000034489,0,0,0,0,Violation Driver 1,Other,22:13,5.0,3
637754,CR-0000044498,0,0,0,0,Violation Driver 1,Broadside,20:10,5.0,0
637755,CR-0000037345,1,0,0,0,Violation Driver 1,Rear End,07:55,5.0,5
637756,CR-0000034444,0,0,0,0,Unknown,Rear End,06:40,4.0,5
637757,CR-0000032587,0,0,0,0,Violation Driver 1,Rear End,15:50,5.0,5
637758,CR-0000032574,2,0,0,0,Violation Driver 1,Rear End,16:28,5.0,5
637759,CR-0000034745,0,0,0,0,Violation Driver 1,Other,13:40,5.0,3
637760,CR-0000037431,0,0,0,0,Violation Driver 1,Rear End,08:37,5.0,5
637763,CR-0000031336,0,0,0,0,Unknown,Rear End,12:40,4.0,5
637764,CR-0000037375,0,0,0,0,Violation Driver 1,Other,01:55,5.0,3
637765,CR-0000032522,2,0,0,0,Unknown,Broadside,03:01,4.0,0
637766,CR-0000064252,0,0,0,0,Violation Driver 1,Hit Object,09:35,5.0,2
637767,CR-0000063413,0,0,0,0,Violation Driver 1,Hit Object,02:05,5.0,2
637773,CR-0000076239,0,0,0,0,Violation Driver 1,Hit Object,08:24,5.0,2
637774,CR-0000070079,0,0,0,0,Violation Driver 1,Hit Object,19:22,5.0,2
637775,CR-0000066095,0,0,1,0,Violation Driver 1,Hit Object,02:45,5.0,2
637776,CR-0000066051,0,1,0,0,Violation Driver 1,Hit Object,00:20,5.0,2
637777,CR-0000079102,0,0,0,0,Unknown,Rear End,12:50,4.0,5