CrashFactId,Name,MinorInjuries,ModerateInjuries,SevereInjuries,FatalInjuries,PrimaryCollisionFactor,CollisionType,CrashTime,PrimaryCollisionFactor_Code,CollisionType_Code
637778,CR-0000079105,0,0,0,0,Violation Driver 1,Sideswipe,03:30,5.0,6
637779,CR-0000079110,1,0,0,0,Violation Driver 1,Rear End,14:20,5.0,5
637780,CR-0000079111,0,0,0,0,Violation Driver 1,Rear End,14:20,5.0,5
637781,CR-0000079112,1,0,0,0,Violation Driver 1,Vehicle/Bike,14:47,5.0,7
637782,CR-0000079114,0,1,0,0,Violation Driver 1,Vehicle/Bike,17:15,5.0,7
637783,CR-0000079119,0,0,0,0,Violation Driver 1,Sideswipe,00:50,5.0,6
637784,CR-0000079125,0,0,0,0,Violation Driver 1,Rear End,20:21,5.0,5
637787,CR-0000044908,1,0,0,0,Violation Driver 1,Rear End,10:44,5.0,5
637788,CR-0000044496,2,0,0,0,Violation Driver 1,Rear End,15:30,5.0,5
637789,CR-0000079082,0,0,0,0,Unknown,Sideswipe,12:24,4.0,6
637790,CR-0000079084,0,0,0,0,Unknown,Rear End,00:00,4.0,5
637791,CR-0000079093,0,0,0,0,Violation Driver 1,Rear End,10:35,5.0,5
637792,CR-0000079097,0,0,1,0,Violation Driver 1,Vehicle/Bike,15:16,5.0,7
637793,CR-0000079100,1,0,0,0,Violation Driver 1,Sideswipe,18:36,5.0,6
637794,CR-0000031338,0,0,0,0,Unknown,Other,18:30,4.0,3
637795,CR-0000031456,1,0,0,0,Unknown,Broadside,16:44,4.0,0
637796,CR-0000068138,0,0,0,0,Violation Driver 1,Hit Object,19:00,5.0,2
637810,CR-0000079101,0,0,0,0,Unknown,Other,08:05,4.0,3
637811,CR-0000079104,0,1,0,0,Violation Driver 1,Sideswipe,01:40,5.0,6
637812,CR-0000079109,0,1,0,0,Violation Driver 1,Sideswipe,13:15,5.0,6
637813,CR-0000079113,0,1,0,0,Violation Driver 1,Vehicle/Bike,15:34,5.0,7
637814,CR-0000079116,1,0,0,0,Violation Driver 1,Rear End,22:44,5.0,5
637815,CR-0000079120,0,0,0,0,Violation Driver 1,Sideswipe,07:23,5.0,6
637816,CR-0000079121,0,0,0,0,Violation Driver 1,Rear End,21:00,5.0,5
637817,CR-0000032471,1,1,0,0,Violation Driver 1,Broadside,14:09,5.0,0
637818,CR-0000033472,0,0,0,0,Violation Driver 1,Other,13:50,5.0,3
637819,CR-0000031496,0,1,0,0,Unknown,Other,08:25,4.0,3
637820,CR-0000037388,0,0,0,0,Violation Driver 1,Rear End,19:38,5.0,5
637821,CR-0000034462,0,0,0,0,Other Improper Driving,Rear End,15:45,1.0,5
637822,CR-0000079123,3,0,0,0,Violation Driver 1,Rear End,17:56,5.0,5
637823,CR-0000079137,1,1,0,0,Violation Driver 1,Head On,15:18,5.0,1
637824,CR-0000037429,0,0,0,0,Violation Driver 1,Other,23:50,5.0,3
637825,CR-0000034720,0,0,0,0,Violation Driver 1,Sideswipe,16:40,5.0,6
637826,CR-0000031446,0,0,1,0,Violation Driver 1,Head On,17:47,5.0,1
637827,CR-0000033487,0,0,0,0,Violation Driver 1,Other,17:26,5.0,3
637828,CR-0000032614,0,0,0,0,Unknown,Other,07:40,4.0,3
637829,CR-0000032607,0,0,0,0,Unknown,Rear End,12:40,4.0,5
637830,CR-0000031660,0,0,0,0,Violation Driver 1,Other,23:00,5.0,3
637831,CR-0000070344,0,0,0,0,Violation Driver 1,Hit Object,23:34,5.0,2
637838,CR-0000079138,0,0,0,0,Unknown,Sideswipe,20:00,4.0,6
637839,CR-0000079143,0,0,0,0,Unknown,Rear End,21:33,4.0,5
637840,CR-0000079146,0,0,0,0,Violation Driver 1,Rear End,04:30,5.0,5
637841,CR-0000079155,1,0,0,0,Violation Driver 1,Rear End,16:35,5.0,5
637842,CR-0000079157,0,0,0,0,Violation Driver 1,Rear End,20:48,5.0,5
637843,CR-0000034497,0,0,0,0,Unknown,Other,08:00,4.0,3
637844,CR-0000032853,0,0,0,0,Violation Driver 1,Rear End,09:27,5.0,5
637845,CR-0000079122,1,1,1,0,Violation Driver 1,Broadside,16:39,5.0,0
637846,CR-0000079124,1,0,0,0,Violation Driver 1,Vehicle/Bike,19:27,5.0,7
637847,CR-0000079129,0,0,0,0,Unknown,Sideswipe,08:48,4.0,6
637848,CR-0000079130,0,0,0,0,Unknown,Broadside,05:00,4.0,0
637849,CR-0000079131,0,0,0,0,Unknown,Rear End,15:15,4.0,5
637850,CR-0000079134,0,0,0,0,Violation Driver 1,Hit Object,19:30,5.0,2
637851,CR-0000079139,1,0,0,0,Unknown,Vehicle/Pedestrian,21:29,4.0,8
637852,CR-0000032548,0,0,0,0,Unknown,Other,23:09,4.0,3
637853,CR-0000032546,2,0,0,0,Unknown,Broadside,17:49,4.0,0
637854,CR-0000031643,0,0,0,0,Unknown,Rear End,18:11,4.0,5
637855,CR-0000032143,2,0,0,0,Violation Driver 1,Rear End,14:10,5.0,5
637856,CR-0000037379,0,0,0,0,Violation Driver 1,Other,00:00,5.0,3
637857,CR-0000034439,0,0,0,0,Violation Driver 1,Other,16:22,5.0,3
637858,CR-0000032727,0,0,0,0,Violation Driver 1,Broadside,13:29,5.0,0
637859,CR-0000033707,0,0,0,0,Unknown,Other,10:30,4.0,3
637860,CR-0000037564,0,0,0,0,Unknown,Rear End,16:53,4.0,5
637861,CR-0000034463,0,0,0,0,Violation Driver 1,Sideswipe,16:37,5.0,6
637862,CR-0000032935,1,0,0,0,Violation Driver 1,Broadside,09:36,5.0,0
637863,CR-0000031822,3,0,0,0,Unknown,Rear End,15:00,4.0,5
637864,CR-0000034610,1,1,0,0,Violation Driver 1,Head On,15:20,5.0,1
637865,CR-0000033456,2,0,0,0,Violation Driver 1,Rear End,13:00,5.0,5
637866,CR-0000079142,0,0,0,0,Unknown,Rear End,06:34,4.0,5
637867,CR-0000079144,0,0,0,0,Violation Driver 1,Hit Object,02:04,5.0,2
637868,CR-0000079149,2,0,0,0,Violation Driver 1,Rear End,09:40,5.0,5
637869,CR-0000079153,0,1,0,0,Violation Driver 1,Sideswipe,10:27,5.0,6
637870,CR-0000079162,0,0,0,0,Unknown,Sideswipe,10:09,4.0,6
637871,CR-0000079165,0,0,0,0,Violation Driver 1,Rear End,23:42,5.0,5
637872,CR-0000079170,0,0,0,0,Violation Driver 1,Rear End,11:45,5.0,5
637873,CR-0000037556,0,0,1,0,Bike At Fault,Other,16:29,0.0,3
637874,CR-0000032353,0,1,0,0,Violation Driver 1,Broadside,23:48,5.0,0
637875,CR-0000031221,1,0,0,0,Violation Driver 1,Broadside,14:04,5.0,0
637876,CR-0000031208,0,0,0,0,Violation Driver 1,Rear End,14:45,5.0,5
637877,CR-0000031126,0,0,0,0,Unknown,Other,01:47,4.0,3
637878,CR-0000034528,0,0,0,0,Unknown,Other,07:00,4.0,3
637879,CR-0000044514,2,0,0,0,Violation Driver 1,Broadside,20:54,5.0,0
637880,CR-0000079158,0,0,0,0,Violation Driver 1,Hit Object,21:44,5.0,2
637881,CR-0000079160,0,0,0,0,Unknown,Sideswipe,10:30,4.0,6
637882,CR-0000079161,0,0,0,0,Violation Driver 1,Hit Object,04:50,5.0,2
637883,CR-0000079164,0,0,0,0,Violation Driver 1,Sideswipe,11:53,5.0,6
637884,CR-0000079169,0,0,0,0,Violation Driver 1,Rear End,08:38,5.0,5
637885,CR-0000079173,1,0,0,0,Violation Driver 1,Head On,19:13,5.0,1
637886,CR-0000079185,0,0,0,0,Unknown,Sideswipe,21:00,4.0,6
637887,CR-0000044607,0,0,0,0,Violation Driver 1,Rear End,16:40,5.0,5
637888,CR-0000044592,0,1,0,0,Violation Driver 1,Other,14:24,5.0,3
637889,CR-0000044573,0,1,0,0,Violation Driver 1,Other,11:05,5.0,3
637890,CR-0000034512,1,0,0,0,Violation Driver 1,Broadside,21:51,5.0,0
637892,CR-0000032417,0,0,0,0,Violation Driver 1,Rear End,08:56,5.0,5
637895,CR-0000049449,0,0,0,0,Violation Driver 1,Rear End,16:00,5.0,5
637896,CR-0000032583,0,0,0,0,Violation Driver 2,Rear End,17:38,6.0,5
637897,CR-0000032683,0,0,0,0,Violation Driver 1,Other,23:47,5.0,3
637898,CR-0000032619,2,0,0,0,Violation Driver 1,Rear End,16:30,5.0,5
637899,CR-0000034608,0,0,0,0,Violation Driver 1,Broadside,08:40,5.0,0
637901,CR-0000044601,0,0,0,0,Unknown,Other,15:48,4.0,3
637902,CR-0000057240,0,0,0,0,Violation Driver 1,Hit Object,01:10,5.0,2
637903,CR-0000034508,0,0,0,0,Violation Driver 1,Rear End,18:06,5.0,5
637904,CR-0000037347,0,0,0,0,Violation Driver 1,Other,07:20,5.0,3
637905,CR-0000037321,0,0,0,0,Unknown,Other,14:30,4.0,3
637906,CR-0000032029,1,0,0,0,Violation Driver 1,Rear End,12:13,5.0,5
637907,CR-0000034736,1,0,0,0,Bike At Fault,Other,22:00,0.0,3
637908,CR-0000031738,0,0,0,0,Unknown,Sideswipe,14:08,4.0,6
637909,CR-0000037555,1,0,0,0,Violation Driver 1,Rear End,12:39,5.0,5
637910,CR-0000044580,0,0,0,0,Violation Driver 1,Rear End,17:00,5.0,5
637911,CR-0000043971,3,0,0,0,Violation Driver 1,Broadside,21:34,5.0,0
637912,CR-0000037327,1,0,0,0,Violation Driver 1,Rear End,15:20,5.0,5
637913,CR-0000034661,0,0,0,0,Violation Driver 1,Other,02:20,5.0,3
637914,CR-0000034722,0,0,0,0,Violation Driver 1,Other,19:41,5.0,3
637923,CR-0000049366,0,0,0,0,Violation Driver 1,Broadside,16:20,5.0,0
637929,CR-0000079171,1,0,0,0,Violation Driver 1,Rear End,13:55,5.0,5
637930,CR-0000079176,0,0,0,0,Violation Driver 1,Sideswipe,22:08,5.0,6
637931,CR-0000079183,0,0,0,0,Violation Driver 1,Hit Object,17:41,5.0,2
637932,CR-0000079187,0,0,0,0,Unknown,Sideswipe,20:00,4.0,6
637933,CR-0000079188,0,0,0,0,Unknown,Sideswipe,12:45,4.0,6
637934,CR-0000079196,0,0,0,0,Unknown,Rear End,00:00,4.0,5
637935,CR-0000079200,1,0,0,0,Violation Driver 1,Rear End,08:44,5.0,5
637936,CR-0000031119,0,0,0,0,Unknown,Other,08:05,4.0,3
637937,CR-0000037495,1,0,0,0,Violation Driver 1,Other,21:02,5.0,3
637938,CR-0000034548,0,0,0,0,Violation Driver 1,Head On,08:42,5.0,1
637939,CR-0000049019,0,0,0,0,Violation Driver 1,Other,02:58,5.0,3
637940,CR-0000050413,0,0,0,0,Violation Driver 1,Other,10:43,5.0,3
637941,CR-0000049154,0,1,0,0,Violation Driver 1,Other,14:35,5.0,3
637944,CR-0000032692,0,0,0,0,Violation Driver 1,Other,21:08,5.0,3
637945,CR-0000037423,0,0,0,0,Violation Driver 1,Rear End,17:05,5.0,5
637946,CR-0000032680,1,0,0,0,Violation Driver 1,Broadside,11:20,5.0,0
637947,CR-0000031695,1,0,0,0,Unknown,Other,18:26,4.0,3
637948,CR-0000079127,2,0,0,0,Unknown,Head On,21:07,4.0,1
637949,CR-0000079128,0,0,0,0,Unknown,Rear End,17:50,4.0,5
637958,CR-0000079132,1,0,0,0,Violation Driver 1,Vehicle/Pedestrian,05:00,5.0,8
637959,CR-0000079135,0,0,0,0,Other Improper Driving,Sideswipe,14:31,1.0,6
637960,CR-0000079147,2,0,0,0,Violation Driver 1,Broadside,06:56,5.0,0
637961,CR-0000079148,0,0,1,0,Violation Driver 1,Broadside,08:30,5.0,0
637962,CR-0000079150,0,0,0,0,Bike At Fault,Vehicle/Bike,16:47,0.0,7
637963,CR-0000079151,1,0,0,0,Violation Driver 1,Broadside,08:18,5.0,0
637964,CR-0000034509,1,0,0,0,Bike At Fault,Other,16:15,0.0,3
637965,CR-0000032590,0,0,0,0,Violation Driver 1,Rear End,15:10,5.0,5
637966,CR-0000034680,2,0,0,0,Violation Driver 1,Rear End,14:38,5.0,5
637967,CR-0000031274,1,0,0,0,Unknown,Broadside,09:41,4.0,0
637968,CR-0000032628,0,0,0,0,Unknown,Other,08:00,4.0,3
637969,CR-0000032364,0,0,0,0,Violation Driver 1,Broadside,14:10,5.0,0
637970,CR-0000032800,1,0,0,0,Violation Driver 1,Head On,17:05,5.0,1
637971,CR-0000032138,1,0,0,0,Violation Driver 1,Other,20:29,5.0,3
637973,CR-0000037430,0,0,0,0,Violation Driver 1,Rear End,13:05,5.0,5
637974,CR-0000034726,0,0,0,0,Violation Driver 1,Sideswipe,09:15,5.0,6
637975,CR-0000037562,2,0,0,0,Violation Driver 1,Head On,17:59,5.0,1
637976,CR-0000034914,0,0,0,0,Violation Driver 1,Rear End,10:20,5.0,5
637977,CR-0000032735,0,0,0,0,Violation Driver 1,Broadside,18:45,5.0,0
637978,CR-0000032733,0,0,0,0,Violation Driver 1,Broadside,14:10,5.0,0
637979,CR-0000031679,0,0,0,0,Unknown,Rear End,21:52,4.0,5
637980,CR-0000032671,2,0,0,0,Violation Driver 1,Sideswipe,17:07,5.0,6
637981,CR-0000032655,0,0,0,0,Violation Driver 1,Broadside,18:59,5.0,0
637982,CR-0000037396,0,0,0,0,Unknown,Other,03:00,4.0,3
637983,CR-0000031820,1,0,0,0,Unknown,Other,10:57,4.0,3
637984,CR-0000034829,0,1,0,0,Unknown,Other,14:05,4.0,3
637985,CR-0000034438,0,0,0,0,Violation Driver 1,Broadside,07:38,5.0,0
637986,CR-0000037370,0,0,0,0,Violation Driver 1,Other,19:39,5.0,3
637987,CR-0000079152,2,0,0,0,Violation Driver 1,Rear End,07:24,5.0,5
637988,CR-0000079154,2,1,0,0,Violation Driver 1,Broadside,13:00,5.0,0
637989,CR-0000079159,0,0,0,0,Violation Driver 1,Hit Object,23:12,5.0,2
637990,CR-0000079163,0,0,0,0,Violation Driver 1,Hit Object,11:30,5.0,2
637991,CR-0000079166,0,0,0,0,Violation Driver 1,Sideswipe,23:55,5.0,6
637992,CR-0000079175,1,0,0,0,Violation Driver 1,Sideswipe,21:50,5.0,6
637993,CR-0000079177,0,0,0,0,Unknown,Sideswipe,00:00,4.0,6
637994,CR-0000037523,0,0,0,0,Violation Driver 1,Rear End,23:40,5.0,5
637995,CR-0000032703,0,0,0,0,Violation Driver 1,Other,21:32,5.0,3
638003,CR-0000058315,0,0,1,0,Violation Driver 1,Hit Object,10:49,5.0,2
638004,CR-0000032773,0,0,0,0,Unknown,Broadside,07:05,4.0,0
638005,CR-0000036048,1,0,0,0,Violation Driver 1,Sideswipe,14:41,5.0,6
638006,CR-0000036032,0,0,0,0,Unknown,Other,13:59,4.0,3
638007,CR-0000036030,0,0,0,0,Violation Driver 1,Other,07:51,5.0,3
638008,CR-0000079178,0,1,0,0,Violation Driver 1,Hit Object,02:34,5.0,2
638009,CR-0000079180,0,0,0,0,Violation Driver 1,Sideswipe,04:40,5.0,6
638010,CR-0000079181,0,0,0,0,Violation Driver 1,Sideswipe,10:00,5.0,6
638011,CR-0000079182,1,0,0,0,Violation Driver 1,Sideswipe,13:40,5.0,6
638012,CR-0000079184,0,0,0,0,Unknown,Other,09:00,4.0,3
638013,CR-0000079189,0,0,0,0,Violation Driver 1,Hit Object,09:15,5.0,2
638014,CR-0000079195,1,0,0,0,Unknown,Vehicle/Pedestrian,13:50,4.0,8
638023,CR-0000031128,1,0,0,0,Unknown,Rear End,17:53,4.0,5
638024,CR-0000037506,1,0,0,0,Unknown,Broadside,21:00,4.0,0
638025,CR-0000050422,0,0,0,0,Unknown,Other,09:50,4.0,3
638026,CR-0000043951,0,0,0,0,Violation Driver 1,Head On,13:55,5.0,1
638027,CR-0000044044,0,0,0,0,Violation Driver 1,Sideswipe,14:40,5.0,6
638029,CR-0000034492,0,0,1,0,Pedestrian At Fault,Other,12:54,3.0,3
638030,CR-0000032477,1,0,0,0,Unknown,Broadside,12:15,4.0,0
638031,CR-0000033474,0,0,0,0,Unknown,Other,14:30,4.0,3
638032,CR-0000034650,0,0,0,0,Violation Driver 1,Other,08:20,5.0,3
638033,CR-0000037373,0,0,0,0,Violation Driver 1,Other,07:15,5.0,3
638034,CR-0000032795,0,0,0,0,Unknown,Rear End,12:30,4.0,5
638035,CR-0000034830,0,0,0,0,Unknown,Other,09:00,4.0,3
638036,CR-0000037365,0,0,0,0,Violation Driver 1,Broadside,14:15,5.0,0
638037,CR-0000037364,0,0,0,0,Violation Driver 1,Other,01:18,5.0,3
638038,CR-0000032984,1,0,0,0,Violation Driver 1,Broadside,18:46,5.0,0
638039,CR-0000032778,0,0,0,0,Unknown,Other,20:45,4.0,3
638048,CR-0000079145,1,0,0,0,Violation Driver 1,Broadside,03:00,5.0,0
638049,CR-0000079167,0,0,0,0,Unknown,Sideswipe,06:50,4.0,6
638050,CR-0000079168,1,0,0,0,Unknown,Broadside,07:15,4.0,0
638051,CR-0000036016,0,0,0,0,Violation Driver 1,Other,01:55,5.0,3
638052,CR-0000044144,0,0,0,0,Violation Driver 1,Sideswipe,18:10,5.0,6
638053,CR-0000068551,0,1,0,0,Violation Driver 1,Hit Object,15:19,5.0,2
638054,CR-0000063162,0,0,0,0,Violation Driver 1,Hit Object,05:36,5.0,2
638055,CR-0000079204,0,0,0,0,Violation Driver 1,Broadside,19:50,5.0,0
638056,CR-0000079205,0,0,0,0,Unknown,Rear End,17:00,4.0,5
638057,CR-0000074547,0,0,1,1,Violation Driver 1,Hit Object,01:54,5.0,2
638060,CR-0000032833,0,0,0,0,Unknown,Other,00:00,4.0,3
638061,CR-0000032769,0,0,0,0,Unknown,Rear End,09:40,4.0,5
638062,CR-0000037487,0,0,0,0,Unknown,Other,15:00,4.0,3
638063,CR-0000044244,1,0,0,0,Violation Driver 1,Other,15:56,5.0,3
638064,CR-0000049580,0,0,0,0,Violation Driver 1,Rear End,23:38,5.0,5
638065,CR-0000079172,0,0,0,0,Violation Driver 1,Sideswipe,16:15,5.0,6
638066,CR-0000079174,0,0,0,0,Violation Driver 1,Sideswipe,19:50,5.0,6
638067,CR-0000079179,0,0,0,0,Violation Driver 1,Rear End,07:17,5.0,5
638068,CR-0000079156,0,0,0,0,Unknown,Rear End,14:30,4.0,5
638069,CR-0000079186,0,0,0,0,Unknown,Rear End,18:26,4.0,5
638070,CR-0000032426,0,0,0,0,Unknown,Other,00:00,4.0,3
638071,CR-0000031342,0,1,0,0,Unknown,Head On,18:13,4.0,1
638072,CR-0000032750,3,0,0,0,Violation Driver 1,Broadside,17:00,5.0,0
638073,CR-0000032734,0,0,0,0,Violation Driver 1,Other,00:01,5.0,3
638074,CR-0000031462,2,0,0,0,Unknown,Rear End,16:45,4.0,5
638075,CR-0000031144,1,1,0,0,Unknown,Other,14:05,4.0,3
638076,CR-0000044541,0,1,0,0,Violation Driver 1,Other,12:54,5.0,3
638077,CR-0000049264,0,0,0,0,Unknown,Other,15:30,4.0,3
638078,CR-0000079190,0,1,0,0,Violation Driver 1,Hit Object,10:38,5.0,2
638079,CR-0000079191,1,0,0,0,Violation Driver 1,Sideswipe,11:20,5.0,6
638080,CR-0000079192,0,1,0,0,Violation Driver 1,Sideswipe,13:35,5.0,6
638081,CR-0000079194,1,0,0,0,Violation Driver 1,Broadside,17:20,5.0,0
638082,CR-0000079199,0,0,0,0,Violation Driver 1,Rear End,08:40,5.0,5
638083,CR-0000079202,0,0,0,0,Unknown,Sideswipe,12:16,4.0,6
638084,CR-0000079210,0,0,0,0,Violation Driver 2,Rear End,23:00,6.0,5
638085,CR-0000078626,0,0,0,1,Unknown,Vehicle/Pedestrian,08:02,4.0,8
638088,CR-0000079193,0,0,1,0,Violation Driver 1,Sideswipe,13:44,5.0,6
638089,CR-0000079203,0,0,0,0,Violation Driver 1,Sideswipe,13:04,5.0,6
638090,CR-0000079206,0,0,0,0,Violation Driver 1,Head On,02:18,5.0,1
638091,CR-0000079207,2,0,0,0,Violation Driver 1,Broadside,05:35,5.0,0
638092,CR-0000079208,0,0,0,0,Violation Driver 1,Head On,07:46,5.0,1
638093,CR-0000079226,0,0,0,0,Violation Driver 1,Hit Object,09:58,5.0,2
638094,CR-0000079233,0,0,0,0,Violation Driver 1,Sideswipe,18:00,5.0,6
638095,CR-0000037490,0,1,0,0,Pedestrian At Fault,Other,15:40,3.0,3
638096,CR-0000037479,2,0,0,0,Violation Driver 1,Other,19:50,5.0,3
638097,CR-0000033671,0,0,0,0,Violation Driver 1,Other,18:54,5.0,3
638098,CR-0000044229,0,1,0,0,Violation Driver 1,Other,18:29,5.0,3
638099,CR-0000062935,0,0,1,0,Unknown,Broadside,13:11,4.0,0
638100,CR-0000079209,1,0,0,0,Violation Driver 1,Broadside,08:58,5.0,0
638101,CR-0000079126,0,1,0,0,Violation Driver 2,Vehicle/Pedestrian,20:34,6.0,8
638102,CR-0000079220,1,0,0,0,Unknown,Broadside,20:27,4.0,0
638103,CR-0000079224,1,0,0,0,Violation Driver 1,Sideswipe,08:01,5.0,6
638107,CR-0000067748,0,0,0,0,Violation Driver 1,Hit Object,00:30,5.0,2
638109,CR-0000049632,0,0,0,0,Violation Driver 1,Broadside,12:20,5.0,0
638119,CR-0000079225,0,1,0,0,Bike At Fault,Vehicle/Bike,08:31,0.0,7
638120,CR-0000079229,1,0,0,0,Violation Driver 1,Broadside,13:00,5.0,0
638125,CR-0000079236,0,0,0,0,Violation Driver 1,Sideswipe,19:49,5.0,6
638126,CR-0000079237,2,0,0,0,Violation Driver 1,Broadside,22:17,5.0,0
638127,CR-0000079238,0,1,0,0,Violation Driver 1,Sideswipe,22:56,5.0,6
638128,CR-0000079230,0,0,0,0,Violation Driver 1,Hit Object,14:00,5.0,2
638129,CR-0000079235,0,0,0,0,Violation Driver 1,Hit Object,18:17,5.0,2
638130,CR-0000079239,0,0,0,0,Unknown,Rear End,20:30,4.0,5
638131,CR-0000079241,0,0,0,0,Violation Driver 1,Rear End,00:10,5.0,5
638132,CR-0000079242,0,0,0,0,Violation Driver 1,Rear End,01:00,5.0,5
638133,CR-0000068518,0,0,0,0,Violation Driver 1,Hit Object,04:27,5.0,2
638134,CR-0000057207,0,0,0,0,Violation Driver 1,Head On,00:57,5.0,1
638135,CR-0000079240,0,0,0,0,Violation Driver 1,Hit Object,23:00,5.0,2
638136,CR-0000079244,2,0,0,0,Unknown,Broadside,04:06,4.0,0
638137,CR-0000079245,1,0,0,0,Violation Driver 1,Broadside,06:00,5.0,0
638138,CR-0000079249,1,0,0,0,Violation Driver 1,Hit Object,17:56,5.0,2
638142,CR-0000057048,0,1,0,0,Violation Driver 1,Hit Object,03:44,5.0,2
638143,CR-0000034520,1,0,0,0,Violation Driver 1,Other,06:40,5.0,3
638144,CR-0000034141,0,2,0,0,Violation Driver 1,Other,12:37,5.0,3
638145,CR-0000033546,3,1,0,0,Violation Driver 1,Other,22:03,5.0,3
638146,CR-0000034752,1,0,0,0,Violation Driver 1,Other,02:19,5.0,3
638147,CR-0000032885,0,0,0,0,Violation Driver 1,Other,22:42,5.0,3
638148,CR-0000033234,0,0,0,0,Other Than Driver,Other,00:48,2.0,3
638149,CR-0000032866,1,0,0,0,Violation Driver 1,Rear End,17:15,5.0,5
638150,CR-0000032859,0,1,0,0,Unknown,Other,13:00,4.0,3
638151,CR-0000031415,0,0,0,0,Violation Driver 1,Broadside,07:47,5.0,0
638152,CR-0000036760,1,0,0,0,Violation Driver 1,Head On,06:00,5.0,1
638153,CR-0000031398,0,0,0,0,Unknown,Rear End,18:10,4.0,5
638154,CR-0000034476,0,0,0,0,Violation Driver 1,Other,08:09,5.0,3
638157,CR-0000049423,0,0,0,0,Violation Driver 1,Rear End,09:02,5.0,5
638158,CR-0000049414,0,1,0,0,Violation Driver 1,Broadside,11:34,5.0,0
638159,CR-0000049407,1,0,0,0,Violation Driver 2,Broadside,18:22,6.0,0
638160,CR-0000044596,0,0,0,0,Violation Driver 1,Head On,08:40,5.0,1
638161,CR-0000049427,0,0,0,0,Violation Driver 1,Other,19:02,5.0,3
638162,CR-0000031878,0,0,0,0,Violation Driver 1,Broadside,13:54,5.0,0
638163,CR-0000049153,0,0,0,0,Violation Driver 1,Head On,11:00,5.0,1
638174,CR-0000070134,0,0,0,0,Violation Driver 1,Hit Object,08:41,5.0,2
638175,CR-0000070540,0,0,0,0,Violation Driver 1,Hit Object,16:25,5.0,2
638176,CR-0000070788,0,0,0,0,Violation Driver 1,Hit Object,23:52,5.0,2
638177,CR-0000069410,0,0,0,0,Violation Driver 1,Hit Object,07:47,5.0,2
638178,CR-0000032834,0,0,0,0,Violation Driver 1,Rear End,14:30,5.0,5
638179,CR-0000032728,0,1,0,0,Violation Driver 1,Broadside,10:18,5.0,0
638180,CR-0000032726,1,0,0,0,Violation Driver 1,Sideswipe,14:52,5.0,6
638181,CR-0000037473,0,0,0,0,Violation Driver 1,Rear End,21:25,5.0,5
638182,CR-0000044246,0,0,0,0,Unknown,Other,00:00,4.0,3
638183,CR-0000044152,2,0,0,0,Violation Driver 1,Rear End,13:44,5.0,5
638184,CR-0000044289,0,0,0,0,Violation Driver 1,Head On,21:18,5.0,1
638185,CR-0000044154,0,0,0,0,Violation Driver 1,Broadside,20:13,5.0,0
638186,CR-0000049508,0,1,0,0,Bike At Fault,Other,16:48,0.0,3
638187,CR-0000079197,0,0,0,0,Violation Driver 1,Broadside,05:50,5.0,0
638188,CR-0000079198,2,0,0,0,Violation Driver 1,Broadside,08:31,5.0,0
638189,CR-0000079201,1,0,0,0,Violation Driver 1,Rear End,09:32,5.0,5
638190,CR-0000079211,0,0,0,0,Violation Driver 1,Hit Object,14:22,5.0,2
638191,CR-0000079212,2,0,0,0,Violation Driver 1,Head On,14:36,5.0,1
638192,CR-0000079223,0,0,0,0,Unknown,Rear End,16:15,4.0,5
638193,CR-0000079227,0,0,0,0,Violation Driver 1,Broadside,10:00,5.0,0
638194,CR-0000079246,0,0,0,0,Violation Driver 1,Head On,12:28,5.0,1
638203,CR-0000034504,1,0,0,0,Violation Driver 1,Other,02:35,5.0,3
638204,CR-0000037342,0,1,0,0,Violation Driver 1,Other,08:15,5.0,3
638205,CR-0000044305,1,0,0,0,Violation Driver 1,Broadside,09:30,5.0,0
638206,CR-0000062785,0,0,0,0,Violation Driver 1,Hit Object,04:26,5.0,2
638207,CR-0000076186,0,0,0,1,Pedestrian At Fault,Vehicle/Pedestrian,18:14,3.0,8
638208,CR-0000079214,0,0,0,1,Unknown,Vehicle/Pedestrian,21:22,4.0,8
638209,CR-0000079215,0,0,0,1,Pedestrian At Fault,Vehicle/Pedestrian,17:43,3.0,8
638210,CR-0000079219,0,0,1,0,Violation Driver 1,Sideswipe,19:25,5.0,6
638211,CR-0000079221,0,0,0,0,Violation Driver 1,Rear End,21:30,5.0,5
638212,CR-0000079222,1,0,0,0,Violation Driver 1,Sideswipe,22:53,5.0,6
638213,CR-0000079243,0,0,0,0,Violation Driver 1,Hit Object,01:49,5.0,2
638219,CR-0000049130,0,0,0,0,Violation Driver 1,Rear End,14:22,5.0,5
638220,CR-0000044487,0,0,0,0,Unknown,Other,12:45,4.0,3
638221,CR-0000070949,0,0,0,0,Violation Driver 1,Hit Object,07:40,5.0,2
638222,CR-0000063139,0,0,0,0,Violation Driver 1,Hit Object,20:00,5.0,2
638223,CR-0000049526,0,0,0,0,Unknown,Rear End,15:25,4.0,5
638224,CR-0000034124,0,0,0,0,Unknown,Other,11:00,4.0,3
638225,CR-0000034740,0,0,0,0,Violation Driver 1,Head On,17:10,5.0,1
638226,CR-0000069471,1,0,0,0,Violation Driver 1,Hit Object,05:15,5.0,2
638227,CR-0000069383,1,0,0,0,Violation Driver 1,Hit Object,14:38,5.0,2