CrashFactId,Name,MinorInjuries,ModerateInjuries,SevereInjuries,FatalInjuries,PrimaryCollisionFactor,CollisionType,CrashTime,PrimaryCollisionFactor_Code,CollisionType_Code
639342,CR-0000079895,0,0,0,0,Violation Driver 1,Sideswipe,15:00,5.0,6
639343,CR-0000079896,0,0,0,0,Violation Driver 1,Rear End,16:36,5.0,5
639344,CR-0000079899,0,0,0,0,Unknown,Sideswipe,14:50,4.0,6
639345,CR-0000079900,0,0,0,0,Unknown,Broadside,15:30,4.0,0
639346,CR-0000079414,0,0,0,0,Violation Driver 1,Other,22:23,5.0,3
639347,CR-0000079825,1,1,0,1,Unknown,Broadside,18:31,4.0,0
639348,CR-0000049732,1,0,0,0,Bike At Fault,Other,12:26,0.0,3
639349,CR-0000044303,0,0,0,0,Violation Driver 1,Other,01:50,5.0,3
639350,CR-0000062614,0,0,0,0,Violation Driver 1,Hit Object,20:07,5.0,2
639357,CR-0000044583,0,0,0,0,Unknown,Other,10:00,4.0,3
639358,CR-0000049604,0,0,0,0,Violation Driver 1,Other,00:35,5.0,3
639359,CR-0000031433,0,1,0,0,Unknown,Other,15:49,4.0,3
639360,CR-0000034501,0,0,0,0,Violation Driver 1,Rear End,16:59,5.0,5
639361,CR-0000033496,0,0,0,0,Violation Driver 1,Rear End,15:39,5.0,5
639362,CR-0000033464,0,1,0,0,Bike At Fault,Other,21:10,0.0,3
639363,CR-0000033757,0,0,0,0,Violation Driver 1,Rear End,10:03,5.0,5
639364,CR-0000079788,0,1,0,0,Violation Driver 1,Vehicle/Bike,11:52,5.0,7
639365,CR-0000079789,1,0,0,0,Violation Driver 1,Rear End,14:10,5.0,5
639366,CR-0000079813,0,0,0,0,Unknown,Sideswipe,11:15,4.0,6
639367,CR-0000079817,2,0,0,0,Violation Driver 1,Broadside,00:08,5.0,0
639368,CR-0000079818,0,0,0,0,Violation Driver 1,Sideswipe,01:40,5.0,6
639369,CR-0000079824,0,0,0,0,Violation Driver 1,Rear End,12:59,5.0,5
639370,CR-0000079834,0,0,0,0,Unknown,Sideswipe,17:30,4.0,6
639371,CR-0000035883,0,0,0,0,Violation Driver 1,Sideswipe,16:25,5.0,6
639372,CR-0000035761,0,0,0,0,Unknown,Other,01:00,4.0,3
639373,CR-0000036725,1,0,0,0,Violation Driver 1,Broadside,12:03,5.0,0
639374,CR-0000036724,1,0,0,0,Violation Driver 1,Broadside,10:15,5.0,0
639375,CR-0000035624,0,0,0,0,Violation Driver 1,Other,16:52,5.0,3
639376,CR-0000080518,0,0,0,0,Violation Driver 1,Hit Object,20:28,5.0,2
639377,CR-0000080526,1,0,0,0,Violation Driver 1,Rear End,23:47,5.0,5
639378,CR-0000036179,0,0,0,0,Unknown,Other,17:30,4.0,3
639379,CR-0000036741,1,0,0,0,Violation Driver 1,Other,16:34,5.0,3
639380,CR-0000036144,0,0,0,0,Violation Driver 1,Other,16:08,5.0,3
639384,CR-0000056088,0,1,0,0,Violation Driver 1,Hit Object,18:30,5.0,2
639385,CR-0000044169,1,0,0,0,Violation Driver 1,Other,12:29,5.0,3
639386,CR-0000034876,2,0,0,0,Violation Driver 1,Rear End,15:31,5.0,5
639387,CR-0000034748,0,0,0,0,Violation Driver 1,Other,21:43,5.0,3
639388,CR-0000034436,0,0,0,0,Unknown,Broadside,17:30,4.0,0
639389,CR-0000079784,0,0,0,0,Unknown,Sideswipe,16:48,4.0,6
639390,CR-0000079785,0,0,0,0,Unknown,Sideswipe,11:40,4.0,6
639391,CR-0000079790,0,0,0,0,Violation Driver 1,Head On,14:43,5.0,1
639392,CR-0000079791,0,0,0,0,Violation Driver 1,Sideswipe,19:50,5.0,6
639393,CR-0000079793,0,0,0,0,Violation Driver 1,Sideswipe,22:56,5.0,6
639394,CR-0000079797,0,0,0,0,Unknown,Sideswipe,10:30,4.0,6
639395,CR-0000079798,0,0,0,0,Unknown,Rear End,18:33,4.0,5
639396,CR-0000036131,0,0,0,0,Violation Driver 1,Other,08:30,5.0,3
639397,CR-0000035936,0,0,0,0,Violation Driver 1,Other,00:07,5.0,3
639398,CR-0000033980,1,0,0,0,Violation Driver 1,Head On,09:20,5.0,1
639399,CR-0000034977,0,0,0,0,Violation Driver 1,Other,22:34,5.0,3
639400,CR-0000035625,1,0,0,0,Violation Driver 1,Rear End,23:48,5.0,5
639401,CR-0000034655,0,0,0,0,Violation Driver 1,Head On,19:57,5.0,1
639402,CR-0000035670,0,0,1,0,Pedestrian At Fault,Other,22:46,3.0,3
639403,CR-0000033232,0,0,0,0,Unknown,Broadside,08:35,4.0,0
639404,CR-0000079799,0,0,0,0,Unknown,Broadside,18:30,4.0,0
639405,CR-0000079803,0,1,0,0,Violation Driver 1,Vehicle/Pedestrian,11:48,5.0,8
639406,CR-0000079807,0,0,0,0,Violation Driver 1,Sideswipe,22:05,5.0,6
639407,CR-0000079812,0,0,0,0,Unknown,Other,19:45,4.0,3
639408,CR-0000079808,0,1,0,0,Violation Driver 1,Hit Object,23:00,5.0,2
639409,CR-0000079723,3,0,0,0,Violation Driver 1,Rear End,16:00,5.0,5
639410,CR-0000079833,0,0,0,0,Unknown,Sideswipe,21:45,4.0,6
639411,CR-0000033949,0,0,0,0,Violation Driver 1,Other,20:09,5.0,3
639412,CR-0000032651,1,0,0,0,Violation Driver 1,Broadside,08:43,5.0,0
639413,CR-0000034913,1,0,0,0,Bike At Fault,Other,17:02,0.0,3
639415,CR-0000032357,1,1,0,0,Violation Driver 1,Broadside,09:19,5.0,0
639416,CR-0000031825,0,0,0,0,Unknown,Rear End,23:10,4.0,5
639417,CR-0000035063,2,0,0,0,Violation Driver 1,Broadside,12:25,5.0,0
639418,CR-0000036800,1,0,0,0,Violation Driver 1,Other,13:12,5.0,3
639419,CR-0000032279,0,0,0,0,Violation Driver 2,Rear End,07:57,6.0,5
639420,CR-0000034947,0,0,0,0,Violation Driver 1,Rear End,11:45,5.0,5
639421,CR-0000079840,0,0,0,0,Violation Driver 1,Rear End,14:03,5.0,5
639422,CR-0000079841,1,0,0,0,Other Improper Driving,Head On,16:09,1.0,1
639423,CR-0000079845,0,0,0,0,Unknown,Other,17:30,4.0,3
639424,CR-0000079846,0,0,0,0,Violation Driver 1,Hit Object,02:32,5.0,2
639425,CR-0000079903,0,0,0,0,Violation Driver 1,Sideswipe,05:33,5.0,6
639426,CR-0000035606,0,0,0,0,Unknown,Other,21:30,4.0,3
639427,CR-0000036930,2,0,0,0,Unknown,Broadside,19:16,4.0,0
639428,CR-0000032534,0,0,0,0,Unknown,Broadside,18:14,4.0,0
639429,CR-0000033205,0,0,0,0,Violation Driver 1,Other,02:24,5.0,3
639430,CR-0000033615,0,0,0,0,Unknown,Other,13:10,4.0,3
639431,CR-0000033103,1,0,0,0,Violation Driver 1,Other,12:50,5.0,3
639432,CR-0000035732,0,0,0,0,Violation Driver 1,Broadside,09:55,5.0,0
639433,CR-0000035729,2,0,0,0,Violation Driver 1,Rear End,05:59,5.0,5
639434,CR-0000079913,4,1,0,0,Violation Driver 1,Head On,23:27,5.0,1
639435,CR-0000079806,1,0,0,0,Violation Driver 1,Sideswipe,19:00,5.0,6
639436,CR-0000079893,1,1,0,0,Unknown,Broadside,09:55,4.0,0
639437,CR-0000079921,0,0,0,0,Violation Driver 1,Broadside,01:04,5.0,0
639438,CR-0000079922,0,0,0,0,Violation Driver 1,Broadside,02:16,5.0,0
639439,CR-0000032093,1,0,0,0,Unknown,Rear End,16:00,4.0,5
639440,CR-0000079906,0,0,0,0,Unknown,Sideswipe,20:35,4.0,6
639441,CR-0000079910,0,0,0,0,Violation Driver 1,Hit Object,12:00,5.0,2
639442,CR-0000079914,0,0,0,0,Violation Driver 1,Hit Object,23:17,5.0,2
639443,CR-0000079915,0,0,0,0,Violation Driver 1,Sideswipe,23:15,5.0,6
639444,CR-0000079916,0,0,0,0,Violation Driver 1,Rear End,23:41,5.0,5
639445,CR-0000079821,1,0,0,0,Violation Driver 1,Sideswipe,12:03,5.0,6
639446,CR-0000079927,0,0,0,0,Violation Driver 1,Sideswipe,13:49,5.0,6
639447,CR-0000079928,0,1,0,0,Violation Driver 1,Broadside,14:28,5.0,0
639448,CR-0000036043,0,0,0,0,Unknown,Head On,11:03,4.0,1
639449,CR-0000035763,0,0,0,0,Unknown,Sideswipe,16:30,4.0,6
639450,CR-0000056378,0,0,0,0,Violation Driver 1,Hit Object,03:38,5.0,2
639451,CR-0000048657,1,0,0,0,Violation Driver 1,Other,07:34,5.0,3
639452,CR-0000049735,0,0,1,1,Violation Driver 1,Head On,16:09,5.0,1
639453,CR-0000079831,0,0,0,0,Unknown,Sideswipe,15:45,4.0,6
639454,CR-0000033637,0,0,0,0,Unknown,Head On,17:45,4.0,1
639455,CR-0000033603,0,0,0,0,Unknown,Other,15:30,4.0,3
639456,CR-0000035730,1,0,0,0,Unknown,Other,18:00,4.0,3
639457,CR-0000034908,0,0,1,0,Violation Driver 1,Other,20:48,5.0,3
639458,CR-0000034005,0,0,0,0,Unknown,Other,17:40,4.0,3
639459,CR-0000035728,1,0,0,0,Violation Driver 1,Sideswipe,14:33,5.0,6
639460,CR-0000045711,0,0,0,0,Violation Driver 1,Other,04:41,5.0,3
639463,CR-0000031389,1,0,0,0,Unknown,Head On,15:39,4.0,1
639464,CR-0000034461,0,0,0,0,Violation Driver 1,Other,08:05,5.0,3
639465,CR-0000033458,0,0,0,0,Unknown,Rear End,15:30,4.0,5
639466,CR-0000034602,1,0,0,0,Violation Driver 1,Rear End,14:17,5.0,5
639467,CR-0000035041,3,0,0,0,Violation Driver 1,Broadside,10:57,5.0,0
639468,CR-0000035707,0,0,0,0,Violation Driver 1,Rear End,20:20,5.0,5
639469,CR-0000035577,0,0,0,0,Unknown,Broadside,14:40,4.0,0
639470,CR-0000033480,1,0,0,0,Violation Driver 1,Other,22:05,5.0,3
639471,CR-0000033714,6,0,0,0,Violation Driver 1,Rear End,22:56,5.0,5
639472,CR-0000033414,0,0,0,0,Violation Driver 1,Other,23:42,5.0,3
639473,CR-0000033279,1,0,0,0,Unknown,Other,16:00,4.0,3
639474,CR-0000035045,4,0,0,0,Violation Driver 1,Broadside,16:41,5.0,0
639475,CR-0000035189,0,0,0,0,Unknown,Sideswipe,15:45,4.0,6
639476,CR-0000032525,1,0,0,0,Unknown,Other,18:19,4.0,3
639477,CR-0000031624,1,0,0,0,Violation Driver 1,Head On,07:45,5.0,1
639478,CR-0000035028,0,0,1,0,Pedestrian At Fault,Other,22:52,3.0,3
639479,CR-0000033331,0,0,0,0,Violation Driver 1,Rear End,17:57,5.0,5
639480,CR-0000034426,0,0,0,0,Violation Driver 1,Broadside,16:36,5.0,0
639481,CR-0000033830,0,0,0,0,Violation Driver 1,Rear End,20:11,5.0,5
639482,CR-0000079849,0,0,0,0,Violation Driver 1,Hit Object,13:55,5.0,2
639483,CR-0000079862,1,0,0,0,Violation Driver 1,Rear End,09:32,5.0,5
639484,CR-0000079866,1,0,0,0,Violation Driver 1,Vehicle/Bike,15:10,5.0,7
639485,CR-0000079874,0,0,0,0,Unknown,Sideswipe,00:00,4.0,6
639486,CR-0000079887,0,0,0,0,Unknown,Rear End,19:00,4.0,5
639487,CR-0000079888,1,0,0,0,Unknown,Rear End,13:00,4.0,5
639488,CR-0000079894,1,1,0,0,Violation Driver 1,Broadside,10:41,5.0,0
639489,CR-0000079269,1,0,0,0,Violation Driver 1,Broadside,17:45,5.0,0
639490,CR-0000079333,0,0,0,0,Unknown,Rear End,10:15,4.0,5
639491,CR-0000079904,0,0,0,0,Unknown,Other,10:06,4.0,3
639492,CR-0000079905,0,1,0,0,Violation Driver 1,Vehicle/Pedestrian,19:51,5.0,8
639493,CR-0000033188,0,1,0,0,Violation Driver 1,Other,06:49,5.0,3
639494,CR-0000033186,1,0,0,0,Violation Driver 1,Other,14:45,5.0,3
639495,CR-0000031706,1,0,0,0,Unknown,Rear End,16:01,4.0,5
639496,CR-0000035605,0,0,0,0,Violation Driver 1,Broadside,11:11,5.0,0
639497,CR-0000031926,0,0,0,0,Unknown,Other,03:38,4.0,3
639498,CR-0000035076,0,0,0,0,Unknown,Other,15:25,4.0,3
639499,CR-0000032059,0,0,0,0,Unknown,Broadside,06:56,4.0,0
639500,CR-0000035743,0,0,0,0,Violation Driver 1,Rear End,14:07,5.0,5
639501,CR-0000079909,1,0,0,0,Violation Driver 1,Broadside,09:16,5.0,0
639502,CR-0000079657,0,1,0,0,Violation Driver 1,Broadside,15:37,5.0,0
639503,CR-0000036795,1,0,0,0,Violation Driver 1,Rear End,20:04,5.0,5
639504,CR-0000033003,0,0,0,0,Unknown,Other,11:55,4.0,3
639505,CR-0000037217,0,0,0,0,Violation Driver 1,Other,12:50,5.0,3
639506,CR-0000032270,0,0,0,0,Unknown,Other,13:08,4.0,3
639507,CR-0000032375,0,0,0,0,Unknown,Rear End,11:50,4.0,5
639508,CR-0000032439,0,0,0,0,Unknown,Other,01:55,4.0,3
639509,CR-0000032225,1,0,0,0,Unknown,Other,15:25,4.0,3
639510,CR-0000035192,0,0,0,0,Unknown,Other,23:00,4.0,3
639511,CR-0000079920,0,0,0,0,Violation Driver 1,Head On,01:45,5.0,1
639512,CR-0000079925,2,0,0,0,Violation Driver 1,Broadside,11:18,5.0,0
639513,CR-0000079926,0,0,0,0,Violation Driver 1,Hit Object,12:02,5.0,2
639514,CR-0000079929,1,0,0,0,Violation Driver 1,Rear End,22:03,5.0,5
639515,CR-0000079930,1,0,0,0,Violation Driver 1,Broadside,06:38,5.0,0
639516,CR-0000033621,0,0,0,0,Violation Driver 1,Other,07:09,5.0,3
639517,CR-0000033604,0,0,0,0,Unknown,Rear End,15:20,4.0,5
639518,CR-0000079837,0,0,0,0,Violation Driver 1,Rear End,03:30,5.0,5
639519,CR-0000079838,0,0,0,0,Violation Driver 1,Rear End,01:25,5.0,5
639520,CR-0000079844,1,0,0,0,Violation Driver 1,Vehicle/Pedestrian,18:23,5.0,8
639521,CR-0000079852,0,1,0,0,Pedestrian At Fault,Vehicle/Pedestrian,14:40,3.0,8
639522,CR-0000079853,0,0,0,0,Violation Driver 1,Hit Object,00:26,5.0,2
639523,CR-0000079857,1,0,0,0,Violation Driver 1,Vehicle/Bike,17:10,5.0,7
639524,CR-0000079858,0,0,0,0,Violation Driver 1,Rear End,16:53,5.0,5
639525,CR-0000034019,0,0,0,0,Violation Driver 1,Rear End,07:39,5.0,5
639526,CR-0000036044,0,0,0,0,Violation Driver 1,Other,08:08,5.0,3
639527,CR-0000036040,0,1,0,0,Violation Driver 1,Broadside,20:20,5.0,0
639528,CR-0000045710,0,0,0,0,Violation Driver 1,Other,04:15,5.0,3
639529,CR-0000055179,0,0,0,0,Violation Driver 1,Head On,01:05,5.0,1
639530,CR-0000050420,0,0,0,0,Unknown,Other,00:00,4.0,3
639534,CR-0000039248,0,0,0,0,Violation Driver 1,Other,20:23,5.0,3
639535,CR-0000034671,0,0,0,0,Unknown,Rear End,08:25,4.0,5
639536,CR-0000034670,1,0,0,0,Violation Driver 1,Broadside,05:35,5.0,0
639537,CR-0000031447,0,0,0,0,Unknown,Other,07:00,4.0,3
639538,CR-0000048444,0,0,0,0,Violation Driver 1,Other,08:39,5.0,3
639541,CR-0000035872,0,0,0,0,Violation Driver 1,Rear End,23:09,5.0,5
639542,CR-0000036136,1,0,0,0,Violation Driver 1,Other,13:00,5.0,3
639543,CR-0000033951,0,0,0,0,Unknown,Other,01:48,4.0,3
639544,CR-0000033893,0,0,1,0,Unknown,Other,08:15,4.0,3
639545,CR-0000033433,2,0,0,0,Violation Driver 1,Rear End,17:15,5.0,5
639546,CR-0000035042,0,0,0,0,Violation Driver 1,Other,04:42,5.0,3
639547,CR-0000034593,0,0,0,0,Unknown,Broadside,19:50,4.0,0
639548,CR-0000032349,0,0,0,0,Unknown,Rear End,14:50,4.0,5
639549,CR-0000035775,0,0,0,0,Violation Driver 1,Rear End,09:17,5.0,5
639550,CR-0000055154,0,0,0,0,Violation Driver 1,Other,18:19,5.0,3
639551,CR-0000044353,0,0,0,0,Violation Driver 1,Rear End,23:39,5.0,5
639552,CR-0000036418,0,0,0,0,Violation Driver 1,Sideswipe,17:30,5.0,6
639553,CR-0000036137,0,0,0,0,Unknown,Broadside,19:50,4.0,0
639554,CR-0000035494,0,0,0,0,Violation Driver 1,Broadside,23:28,5.0,0
639555,CR-0000035351,0,0,0,0,Unknown,Other,09:30,4.0,3
639556,CR-0000034972,0,0,0,0,Violation Driver 2,Head On,01:50,6.0,1
639557,CR-0000032552,0,0,0,0,Unknown,Rear End,18:53,4.0,5
639558,CR-0000034468,0,0,0,0,Unknown,Rear End,08:34,4.0,5
639559,CR-0000035161,1,0,0,0,Violation Driver 1,Other,19:34,5.0,3
639560,CR-0000032959,2,0,0,0,Unknown,Other,17:38,4.0,3
639561,CR-0000032741,0,0,0,0,Violation Driver 1,Head On,20:25,5.0,1
639562,CR-0000032844,1,0,0,0,Violation Driver 1,Sideswipe,14:57,5.0,6
639563,CR-0000032808,0,0,0,0,Violation Driver 1,Broadside,14:42,5.0,0
639564,CR-0000033826,0,0,0,0,Unknown,Other,20:17,4.0,3
639565,CR-0000050452,0,0,0,0,Unknown,Head On,10:00,4.0,1
639568,CR-0000049535,0,0,0,0,Violation Driver 1,Other,22:00,5.0,3
639569,CR-0000038778,0,1,0,0,Violation Driver 1,Other,15:35,5.0,3
639570,CR-0000054531,0,0,0,0,Violation Driver 1,Hit Object,03:52,5.0,2
639571,CR-0000037459,0,0,0,0,Violation Driver 1,Other,17:24,5.0,3
639572,CR-0000036248,2,0,0,0,Violation Driver 1,Broadside,14:07,5.0,0
639573,CR-0000035646,0,0,0,0,Violation Driver 1,Other,19:29,5.0,3
639574,CR-0000034435,2,0,0,0,Violation Driver 1,Broadside,21:57,5.0,0
639575,CR-0000044507,0,0,0,0,Violation Driver 1,Broadside,15:14,5.0,0
639581,CR-0000046261,1,0,0,0,Violation Driver 1,Other,12:58,5.0,3
639582,CR-0000079860,0,1,0,0,Bike At Fault,Vehicle/Bike,05:52,0.0,7
639583,CR-0000079861,0,1,0,0,Violation Driver 1,Broadside,08:58,5.0,0
639584,CR-0000079865,0,0,0,0,Violation Driver 1,Other,12:39,5.0,3
639585,CR-0000079869,0,1,0,0,Violation Driver 1,Broadside,17:55,5.0,0
639586,CR-0000079882,0,0,0,0,Violation Driver 1,Rear End,17:50,5.0,5
639587,CR-0000079883,0,0,0,0,Violation Driver 1,Broadside,18:45,5.0,0
639588,CR-0000079346,2,0,0,0,Violation Driver 1,Rear End,19:01,5.0,5
639589,CR-0000035074,0,0,0,0,Violation Driver 1,Broadside,21:23,5.0,0
639590,CR-0000032324,0,0,0,0,Violation Driver 1,Other,19:20,5.0,3
639591,CR-0000033358,0,0,0,0,Unknown,Other,19:45,4.0,3
639592,CR-0000032081,0,0,0,0,Unknown,Rear End,13:23,4.0,5
639593,CR-0000032079,1,0,0,0,Unknown,Broadside,11:53,4.0,0
639594,CR-0000033635,0,0,0,0,Violation Driver 1,Other,13:22,5.0,3
639595,CR-0000033120,0,0,0,0,Violation Driver 1,Broadside,14:40,5.0,0
639596,CR-0000033618,0,0,0,0,Violation Driver 1,Head On,19:38,5.0,1
639597,CR-0000038988,0,0,0,0,Violation Driver 1,Other,15:20,5.0,3
639598,CR-0000032858,1,0,0,0,Violation Driver 1,Head On,15:01,5.0,1
639599,CR-0000037394,0,0,1,0,Violation Driver 1,Other,03:10,5.0,3
639600,CR-0000032767,0,0,0,0,Violation Driver 1,Rear End,17:20,5.0,5
639601,CR-0000032755,0,0,0,0,Unknown,Other,11:40,4.0,3
639602,CR-0000037492,0,0,0,0,Unknown,Other,06:11,4.0,3
639603,CR-0000062277,0,0,0,0,Violation Driver 1,Hit Object,17:05,5.0,2
639604,CR-0000079907,0,0,0,0,Unknown,Sideswipe,18:00,4.0,6
639605,CR-0000079908,1,0,0,0,Unknown,Rear End,22:30,4.0,5
639606,CR-0000079911,1,0,0,0,Violation Driver 1,Broadside,12:27,5.0,0
639607,CR-0000079912,0,1,0,0,Violation Driver 1,Hit Object,17:22,5.0,2
639608,CR-0000079917,0,1,0,0,Violation Driver 1,Hit Object,23:46,5.0,2
639609,CR-0000079752,1,0,0,0,Violation Driver 1,Head On,20:38,5.0,1
639610,CR-0000079937,0,0,0,0,Violation Driver 1,Broadside,07:02,5.0,0
639611,CR-0000033105,2,0,0,0,Violation Driver 1,Head On,06:47,5.0,1
639612,CR-0000033310,0,0,0,0,Violation Driver 1,Head On,14:06,5.0,1
639613,CR-0000035711,0,0,0,0,Unknown,Rear End,11:45,4.0,5
639615,CR-0000044356,0,0,0,0,Violation Driver 1,Other,08:05,5.0,3
639616,CR-0000048705,1,0,0,0,Violation Driver 1,Other,17:10,5.0,3
639617,CR-0000036409,0,0,0,0,Unknown,Head On,20:15,4.0,1
639618,CR-0000036164,1,0,0,0,Violation Driver 1,Head On,10:47,5.0,1
639619,CR-0000032359,0,0,0,0,Unknown,Other,02:30,4.0,3
639620,CR-0000031609,0,0,0,0,Unknown,Other,12:33,4.0,3
639621,CR-0000034644,0,0,0,0,Violation Driver 1,Rear End,09:00,5.0,5
639622,CR-0000032508,0,1,0,0,Violation Driver 1,Other,15:05,5.0,3
639623,CR-0000044533,0,0,0,0,Violation Driver 1,Other,01:23,5.0,3
639625,CR-0000034138,1,0,0,0,Violation Driver 1,Rear End,19:17,5.0,5
639626,CR-0000032581,0,0,0,0,Violation Driver 1,Rear End,14:10,5.0,5
639627,CR-0000031175,2,0,0,0,Unknown,Broadside,10:05,4.0,0
639628,CR-0000079919,0,0,0,0,Violation Driver 1,Broadside,01:11,5.0,0
639629,CR-0000079923,0,0,0,0,Violation Driver 1,Hit Object,04:47,5.0,2
639630,CR-0000032567,0,0,0,0,Violation Driver 1,Rear End,11:15,5.0,5
639631,CR-0000036212,2,0,0,0,Violation Driver 1,Rear End,21:15,5.0,5
639632,CR-0000035635,0,0,0,0,Unknown,Other,18:30,4.0,3
639633,CR-0000035626,1,1,0,0,Unknown,Broadside,20:35,4.0,0
639634,CR-0000034969,0,0,0,0,Unknown,Other,00:00,4.0,3
639635,CR-0000033026,0,0,0,0,Unknown,Broadside,04:45,4.0,0
639636,CR-0000034953,1,0,0,0,Violation Driver 1,Other,20:51,5.0,3
639637,CR-0000079936,0,0,0,0,Violation Driver 1,Rear End,01:37,5.0,5
639638,CR-0000079941,0,0,0,0,Violation Driver 1,Broadside,11:46,5.0,0
639639,CR-0000079942,2,0,0,0,Violation Driver 1,Rear End,12:45,5.0,5
639640,CR-0000079947,1,0,0,0,Violation Driver 1,Sideswipe,23:15,5.0,6
639641,CR-0000079948,0,0,0,0,Violation Driver 1,Broadside,22:46,5.0,0
639642,CR-0000033022,1,0,0,0,Violation Driver 1,Other,16:54,5.0,3
639643,CR-0000035662,0,0,0,0,Unknown,Broadside,10:20,4.0,0
639644,CR-0000031164,0,1,0,1,Violation Driver 1,Other,09:43,5.0,3
639645,CR-0000034487,0,0,1,0,Violation Driver 1,Other,23:27,5.0,3
639646,CR-0000031370,0,0,0,0,Unknown,Sideswipe,14:30,4.0,6
639647,CR-0000031368,0,0,0,0,Violation Driver 2,Head On,08:50,6.0,1
639648,CR-0000031356,1,2,0,0,Violation Driver 1,Other,08:40,5.0,3
639649,CR-0000037369,1,0,0,0,Pedestrian At Fault,Other,22:58,3.0,3
639650,CR-0000032722,2,0,0,0,Violation Driver 1,Rear End,17:07,5.0,5
639651,CR-0000032458,0,0,0,0,Unknown,Broadside,11:20,4.0,0
639652,CR-0000033481,2,0,0,0,Unknown,Rear End,15:35,4.0,5
639653,CR-0000035984,0,0,0,0,Violation Driver 1,Broadside,15:10,5.0,0
639654,CR-0000033926,0,0,0,0,Unknown,Other,20:00,4.0,3
639655,CR-0000033265,0,0,0,0,Violation Driver 1,Other,23:00,5.0,3
639656,CR-0000036263,0,0,0,0,Violation Driver 1,Head On,08:50,5.0,1
639657,CR-0000079950,0,0,0,0,Unknown,Broadside,14:25,4.0,0
639658,CR-0000055639,0,0,0,0,Violation Driver 1,Hit Object,16:45,5.0,2
639659,CR-0000079934,0,0,0,0,Unknown,Rear End,14:25,4.0,5
639660,CR-0000079935,0,0,0,0,Unknown,Rear End,22:15,4.0,5
639661,CR-0000079939,0,0,0,0,Unknown,Rear End,07:00,4.0,5
639662,CR-0000079943,0,0,0,0,Violation Driver 1,Rear End,12:55,5.0,5
639663,CR-0000079961,0,0,0,0,Unknown,Broadside,09:00,4.0,0
639664,CR-0000079962,0,0,0,0,Unknown,Broadside,17:55,4.0,0
639665,CR-0000033495,0,0,0,0,Unknown,Other,06:30,4.0,3
639666,CR-0000036268,0,0,0,0,Violation Driver 1,Head On,21:41,5.0,1
639667,CR-0000031960,0,0,0,0,Violation Driver 1,Rear End,14:30,5.0,5
639668,CR-0000032261,0,0,0,0,Unknown,Other,00:00,4.0,3
639669,CR-0000033463,0,0,1,0,Bike At Fault,Other,16:45,0.0,3
639670,CR-0000035102,1,0,0,0,Bike At Fault,Other,19:33,0.0,3
639671,CR-0000035603,0,0,0,0,Unknown,Rear End,17:10,4.0,5
639672,CR-0000079954,1,0,0,0,Violation Driver 1,Head On,17:52,5.0,1
639673,CR-0000079955,0,0,0,0,Violation Driver 1,Vehicle/Pedestrian,18:10,5.0,8
639674,CR-0000079956,1,1,0,0,Violation Driver 1,Vehicle/Pedestrian,19:07,5.0,8
639675,CR-0000079959,0,0,0,0,Violation Driver 1,Rear End,21:59,5.0,5
639676,CR-0000079967,1,0,0,0,Violation Driver 1,Hit Object,03:00,5.0,2
639677,CR-0000079968,0,0,0,0,Violation Driver 1,Rear End,03:42,5.0,5
639678,CR-0000034570,3,0,0,0,Violation Driver 1,Rear End,16:50,5.0,5
639679,CR-0000079931,0,0,0,0,Unknown,Sideswipe,00:00,4.0,6
639680,CR-0000079932,0,0,0,0,Unknown,Sideswipe,02:15,4.0,6
639681,CR-0000079933,0,0,0,0,Unknown,Broadside,19:00,4.0,0
639682,CR-0000079938,1,0,0,0,Violation Driver 1,Broadside,08:50,5.0,0
639683,CR-0000079953,1,0,0,0,Other Improper Driving,Vehicle/Pedestrian,08:15,1.0,8
639684,CR-0000079960,0,0,0,0,Unknown,Rear End,12:25,4.0,5
639685,CR-0000079964,0,0,0,0,Unknown,Sideswipe,17:30,4.0,6
639686,CR-0000034809,1,2,0,0,Violation Driver 1,Head On,09:54,5.0,1
639687,CR-0000034429,1,0,0,0,Violation Driver 1,Rear End,11:19,5.0,5
639688,CR-0000031472,0,0,0,0,Unknown,Rear End,08:05,4.0,5
639689,CR-0000044504,0,0,0,0,Violation Driver 1,Broadside,13:34,5.0,0
639690,CR-0000062599,0,0,0,0,Violation Driver 1,Head On,14:23,5.0,1
639691,CR-0000079416,0,0,0,1,Violation Driver 1,Hit Object,16:23,5.0,2
639692,CR-0000031039,0,0,0,0,Violation Driver 1,Broadside,14:48,5.0,0
639693,CR-0000033328,0,0,0,0,Violation Driver 1,Other,18:53,5.0,3
639694,CR-0000035012,2,0,0,0,Violation Driver 1,Rear End,14:50,5.0,5
639695,CR-0000032826,1,0,0,0,Violation Driver 1,Rear End,15:26,5.0,5
639696,CR-0000033324,0,0,0,0,Violation Driver 1,Head On,08:35,5.0,1
639697,CR-0000044089,0,1,0,0,Violation Driver 1,Other,09:23,5.0,3
639698,CR-0000045766,1,0,0,0,Violation Driver 1,Other,00:10,5.0,3
639699,CR-0000064274,0,0,0,0,Violation Driver 1,Hit Object,12:45,5.0,2
639700,CR-0000033385,1,0,0,0,Violation Driver 1,Other,13:52,5.0,3
639701,CR-0000033206,0,0,0,0,Violation Driver 1,Other,03:20,5.0,3
639702,CR-0000034554,0,0,0,0,Violation Driver 1,Head On,00:51,5.0,1