CrashFactId,Name,MinorInjuries,ModerateInjuries,SevereInjuries,FatalInjuries,PrimaryCollisionFactor,CollisionType,CrashTime,PrimaryCollisionFactor_Code,CollisionType_Code
641612,CR-0000031721,0,0,0,0,Unknown,Rear End,22:51,4.0,5
641613,CR-0000031846,0,0,0,0,Unknown,Head On,08:35,4.0,1
641618,CR-0000049759,0,0,0,0,Violation Driver 1,Other,16:35,5.0,3
641619,CR-0000036148,0,0,0,0,Violation Driver 1,Other,01:32,5.0,3
641620,CR-0000080786,0,0,1,0,Violation Driver 1,Vehicle/Bike,10:52,5.0,7
641621,CR-0000080788,3,0,0,0,Violation Driver 1,Rear End,13:08,5.0,5
641622,CR-0000080799,0,0,1,0,Violation Driver 1,Sideswipe,19:54,5.0,6
641623,CR-0000080806,1,0,0,0,Unknown,Broadside,14:20,4.0,0
641624,CR-0000080802,0,0,0,0,Violation Driver 1,Sideswipe,10:33,5.0,6
641625,CR-0000080818,0,0,0,0,Violation Driver 1,Sideswipe,03:57,5.0,6
641626,CR-0000080820,0,1,0,0,Pedestrian At Fault,Vehicle/Pedestrian,07:58,3.0,8
641627,CR-0000032021,0,0,0,0,Violation Driver 1,Other,15:26,5.0,3
641628,CR-0000031978,0,0,1,1,Pedestrian At Fault,Other,07:55,3.0,3
641629,CR-0000031694,1,0,0,0,Unknown,Broadside,18:33,4.0,0
641630,CR-0000031687,1,0,0,0,Unknown,Other,11:56,4.0,3
641632,CR-0000080769,0,0,0,0,Violation Driver 1,Head On,18:09,5.0,1
641633,CR-0000080777,0,1,0,0,Violation Driver 1,Vehicle/Pedestrian,13:40,5.0,8
641634,CR-0000080815,0,0,0,0,Unknown,Sideswipe,09:15,4.0,6
641635,CR-0000080817,0,0,0,0,Violation Driver 1,Hit Object,01:20,5.0,2
641636,CR-0000080816,2,0,0,0,Violation Driver 1,Rear End,10:37,5.0,5
641637,CR-0000080819,2,1,0,0,Violation Driver 1,Head On,17:47,5.0,1
641638,CR-0000080828,1,0,0,0,Violation Driver 1,Sideswipe,23:41,5.0,6
641639,CR-0000080831,1,0,0,0,Violation Driver 1,Broadside,13:30,5.0,0
641640,CR-0000080834,1,1,0,0,Violation Driver 1,Hit Object,11:00,5.0,2
641642,CR-0000044911,0,0,0,0,Fell Asleep,Other,05:00,,3
641643,CR-0000044159,0,0,0,0,Unknown,Other,11:00,4.0,3
641644,CR-0000049517,0,0,0,0,Violation Driver 1,Other,00:00,5.0,3
641646,CR-0000034897,0,0,0,0,Unknown,Other,11:30,4.0,3
641647,CR-0000034505,0,1,0,0,Violation Driver 1,Other,18:35,5.0,3
641650,CR-0000032039,0,2,0,0,Violation Driver 1,Broadside,16:25,5.0,0
641651,CR-0000031667,1,1,0,0,Violation Driver 1,Rear End,06:40,5.0,5
641652,CR-0000031839,1,0,0,0,Violation Driver 1,Sideswipe,10:06,5.0,6
641653,CR-0000031905,0,0,0,0,Unknown,Other,13:03,4.0,3
641654,CR-0000034304,0,0,0,0,Unknown,Other,14:00,4.0,3
641656,CR-0000033220,0,0,0,0,Violation Driver 1,Head On,12:34,5.0,1
641657,CR-0000033100,0,1,0,0,Violation Driver 1,Rear End,10:22,5.0,5
641658,CR-0000033138,0,0,0,0,Violation Driver 1,Rear End,12:15,5.0,5
641659,CR-0000032280,0,0,0,0,Violation Driver 1,Rear End,17:51,5.0,5
641660,CR-0000032378,0,0,0,0,Unknown,Other,22:40,4.0,3
641661,CR-0000034942,1,0,0,0,Violation Driver 1,Rear End,17:05,5.0,5
641662,CR-0000034927,0,1,0,0,Violation Driver 1,Other,13:20,5.0,3
641663,CR-0000033092,0,0,0,0,Unknown,Other,03:00,4.0,3
641664,CR-0000033089,1,0,0,0,Violation Driver 1,Other,19:00,5.0,3
641665,CR-0000032262,0,0,0,0,Unknown,Rear End,11:31,4.0,5
641666,CR-0000032663,0,0,0,0,Unknown,Other,14:00,4.0,3
641667,CR-0000034915,1,0,0,0,Violation Driver 1,Rear End,07:55,5.0,5
641668,CR-0000034912,2,0,0,0,Violation Driver 1,Broadside,14:30,5.0,0
641669,CR-0000033071,1,0,0,0,Violation Driver 1,Other,21:05,5.0,3
641670,CR-0000080780,2,0,0,0,Violation Driver 1,Sideswipe,06:55,5.0,6
641671,CR-0000080785,0,0,1,0,Bike At Fault,Vehicle/Bike,10:31,0.0,7
641672,CR-0000080797,1,0,0,0,Violation Driver 1,Broadside,18:33,5.0,0
641673,CR-0000080811,1,0,0,0,Violation Driver 1,Rear End,21:31,5.0,5
641674,CR-0000080814,3,0,0,0,Violation Driver 1,Broadside,21:55,5.0,0
641675,CR-0000080822,1,1,0,0,Violation Driver 1,Sideswipe,17:40,5.0,6
641676,CR-0000080823,0,1,0,0,Violation Driver 1,Broadside,19:03,5.0,0
641677,CR-0000044193,1,2,0,0,Violation Driver 1,Head On,22:13,5.0,1
641678,CR-0000043964,0,0,1,0,Bike At Fault,Other,04:30,0.0,3
641679,CR-0000034702,0,0,0,0,Violation Driver 1,Sideswipe,18:28,5.0,6
641680,CR-0000031428,0,1,0,0,Unknown,Other,15:10,4.0,3
641681,CR-0000034922,0,0,0,0,Violation Driver 1,Sideswipe,16:09,5.0,6
641682,CR-0000032943,1,0,0,0,Violation Driver 1,Other,23:40,5.0,3
641683,CR-0000035040,0,0,0,0,Violation Driver 1,Other,21:41,5.0,3
641684,CR-0000080825,3,0,0,0,Violation Driver 1,Broadside,19:36,5.0,0
641685,CR-0000080826,2,0,0,0,Violation Driver 1,Rear End,20:56,5.0,5
641686,CR-0000080827,0,0,0,0,Violation Driver 1,Rear End,22:50,5.0,5
641687,CR-0000080829,0,0,0,0,Violation Driver 1,Hit Object,02:21,5.0,2
641688,CR-0000080830,1,1,0,0,Violation Driver 1,Sideswipe,09:47,5.0,6
641691,CR-0000033059,1,0,0,0,Unknown,Broadside,12:30,4.0,0
641692,CR-0000033005,0,0,0,0,Violation Driver 1,Other,13:50,5.0,3
641693,CR-0000033102,0,0,0,0,Unknown,Rear End,14:30,4.0,5
641694,CR-0000032688,0,0,0,0,Violation Driver 1,Broadside,18:18,5.0,0
641695,CR-0000033087,1,0,0,0,Violation Driver 1,Other,22:57,5.0,3
641696,CR-0000033085,0,0,0,0,Violation Driver 1,Rear End,21:18,5.0,5
641697,CR-0000034921,1,0,0,0,Violation Driver 1,Broadside,19:40,5.0,0
641701,CR-0000035651,0,0,0,0,Unknown,Head On,15:25,4.0,1
641702,CR-0000032049,0,0,0,0,Unknown,Other,21:35,4.0,3
641703,CR-0000032044,0,0,0,0,Violation Driver 1,Other,13:33,5.0,3
641704,CR-0000033041,0,0,0,0,Violation Driver 1,Other,16:59,5.0,3
641705,CR-0000033720,0,0,0,0,Violation Driver 1,Other,21:31,5.0,3
641706,CR-0000033762,0,0,0,0,Unknown,Rear End,13:45,4.0,5
641707,CR-0000031378,2,0,0,0,Violation Driver 1,Rear End,22:10,5.0,5
641708,CR-0000033836,1,0,0,0,Violation Driver 1,Rear End,08:15,5.0,5
641710,CR-0000080075,1,0,0,0,Violation Driver 1,Rear End,04:18,5.0,5
641711,CR-0000034932,0,0,0,0,Unknown,Rear End,10:40,4.0,5
641712,CR-0000034916,1,0,0,0,Violation Driver 1,Head On,22:30,5.0,1
641713,CR-0000033069,0,0,0,0,Unknown,Other,01:30,4.0,3
641714,CR-0000033525,0,0,0,0,Unknown,Other,20:22,4.0,3
641715,CR-0000035940,0,1,0,0,Unknown,Other,07:15,4.0,3
641716,CR-0000036703,0,0,0,0,Unknown,Rear End,01:00,4.0,5
641717,CR-0000034677,1,0,0,0,Violation Driver 1,Rear End,16:01,5.0,5
641718,CR-0000035924,0,0,0,0,Violation Driver 1,Other,18:10,5.0,3
641719,CR-0000032018,0,0,0,0,Violation Driver 1,Broadside,08:39,5.0,0
641720,CR-0000034975,0,0,0,0,Violation Driver 1,Other,14:40,5.0,3
641721,CR-0000034065,0,0,0,0,Unknown,Rear End,08:15,4.0,5
641722,CR-0000033160,0,0,0,0,Violation Driver 1,Other,13:45,5.0,3
641723,CR-0000032939,0,0,0,0,Unknown,Other,10:55,4.0,3
641724,CR-0000032929,1,0,0,0,Bike At Fault,Other,16:18,0.0,3
641725,CR-0000032924,0,0,0,0,Violation Driver 1,Rear End,13:49,5.0,5
641726,CR-0000035031,0,0,0,0,Violation Driver 1,Other,01:28,5.0,3
641727,CR-0000034188,0,0,0,0,Violation Driver 1,Broadside,08:08,5.0,0
641733,CR-0000036228,0,0,0,0,Violation Driver 1,Other,22:45,5.0,3
641734,CR-0000035187,0,0,0,0,Unknown,Other,00:00,4.0,3
641735,CR-0000032337,1,0,0,0,Unknown,Other,17:10,4.0,3
641736,CR-0000033063,1,0,0,0,Violation Driver 1,Other,14:56,5.0,3
641737,CR-0000080851,0,1,0,0,Violation Driver 1,Broadside,16:22,5.0,0
641738,CR-0000080853,4,1,1,0,Violation Driver 1,Broadside,11:08,5.0,0
641739,CR-0000080854,1,0,0,0,Violation Driver 1,Broadside,13:25,5.0,0
641740,CR-0000080855,0,1,0,0,Violation Driver 1,Rear End,18:54,5.0,5
641741,CR-0000080859,2,1,0,0,Violation Driver 1,Head On,09:25,5.0,1
641742,CR-0000080857,0,1,0,0,Bike At Fault,Vehicle/Bike,07:26,0.0,7
641743,CR-0000080861,0,0,0,0,Violation Driver 1,Hit Object,20:15,5.0,2
641744,CR-0000033058,0,0,0,0,Unknown,Other,02:27,4.0,3
641745,CR-0000031919,0,0,0,0,Violation Driver 1,Other,08:15,5.0,3
641746,CR-0000032312,0,0,0,0,Unknown,Rear End,07:11,4.0,5
641747,CR-0000032307,2,0,0,0,Unknown,Other,14:18,4.0,3
641748,CR-0000031974,0,0,0,0,Unknown,Other,18:30,4.0,3
641749,CR-0000036110,2,0,0,0,Unknown,Broadside,05:45,4.0,0
641750,CR-0000036108,0,0,0,0,Unknown,Other,16:50,4.0,3
641751,CR-0000036106,1,0,0,0,Unknown,Other,08:30,4.0,3
641752,CR-0000034911,0,1,0,0,Violation Driver 1,Other,07:18,5.0,3
641753,CR-0000032931,1,0,0,0,Violation Driver 1,Rear End,11:20,5.0,5
641754,CR-0000037386,0,0,0,0,Violation Driver 1,Head On,15:50,5.0,1
641755,CR-0000080079,0,0,0,0,Violation Driver 1,Broadside,17:48,5.0,0
641756,CR-0000035487,0,0,0,0,Violation Driver 1,Rear End,12:40,5.0,5
641757,CR-0000032173,3,0,0,0,Unknown,Other,19:04,4.0,3
641758,CR-0000034952,0,0,0,0,Violation Driver 1,Broadside,23:23,5.0,0
641759,CR-0000033015,0,0,0,0,Violation Driver 1,Rear End,18:10,5.0,5
641760,CR-0000033140,0,0,0,0,Unknown,Rear End,14:15,4.0,5
641761,CR-0000032382,0,0,0,0,Unknown,Other,12:15,4.0,3
641762,CR-0000033076,0,0,0,0,Violation Driver 1,Rear End,20:00,5.0,5
641763,CR-0000033203,2,0,0,0,Violation Driver 1,Rear End,15:30,5.0,5
641764,CR-0000035025,0,0,0,0,Unknown,Other,02:00,4.0,3
641765,CR-0000033127,1,0,0,0,Violation Driver 1,Rear End,13:51,5.0,5
641766,CR-0000033124,0,0,0,0,Violation Driver 1,Broadside,10:38,5.0,0
641767,CR-0000033804,1,0,0,0,Violation Driver 1,Head On,14:58,5.0,1
641768,CR-0000033695,0,0,0,0,Violation Driver 1,Other,20:03,5.0,3
641769,CR-0000062937,0,0,0,0,Violation Driver 1,Head On,23:20,5.0,1
641770,CR-0000032452,0,0,0,0,Unknown,Other,16:30,4.0,3
641771,CR-0000037397,0,0,0,0,Violation Driver 1,Other,23:18,5.0,3
641772,CR-0000080832,1,0,0,0,Violation Driver 1,Broadside,10:41,5.0,0
641773,CR-0000080833,3,1,0,0,Violation Driver 1,Broadside,15:15,5.0,0
641774,CR-0000080835,0,0,2,0,Violation Driver 1,Broadside,16:47,5.0,0
641775,CR-0000080837,1,0,0,0,Violation Driver 1,Broadside,18:00,5.0,0
641776,CR-0000080836,0,1,0,0,Violation Driver 1,Vehicle/Bike,11:52,5.0,7
641777,CR-0000080839,0,0,0,0,Violation Driver 1,Sideswipe,21:14,5.0,6
641778,CR-0000080841,0,0,0,0,Violation Driver 1,Sideswipe,08:09,5.0,6
641779,CR-0000080843,1,0,0,0,Violation Driver 1,Vehicle/Bike,08:44,5.0,7
641780,CR-0000080844,0,0,1,0,Violation Driver 1,Hit Object,11:37,5.0,2
641781,CR-0000080852,1,0,0,0,Unknown,Vehicle/Bike,11:04,4.0,7
641782,CR-0000080856,0,1,0,0,Violation Driver 1,Broadside,19:20,5.0,0
641783,CR-0000080862,0,1,0,0,Violation Driver 1,Head On,23:04,5.0,1
641784,CR-0000033194,0,0,0,0,Violation Driver 1,Rear End,12:24,5.0,5
641785,CR-0000033192,0,0,0,0,Violation Driver 1,Broadside,19:10,5.0,0
641787,CR-0000034165,1,1,0,0,Violation Driver 1,Sideswipe,07:31,5.0,6
641788,CR-0000035557,0,1,0,0,Violation Driver 1,Other,07:50,5.0,3
641789,CR-0000034693,0,0,0,0,Violation Driver 1,Other,22:32,5.0,3
641790,CR-0000032578,0,0,0,0,Violation Driver 1,Rear End,15:54,5.0,5
641791,CR-0000031888,0,0,0,0,Violation Driver 1,Other,03:50,5.0,3
641792,CR-0000035483,0,0,0,0,Violation Driver 1,Other,03:49,5.0,3
641793,CR-0000033591,1,0,0,0,Violation Driver 1,Other,10:45,5.0,3
641794,CR-0000080808,1,0,0,0,Violation Driver 1,Vehicle/Bike,17:20,5.0,7
641795,CR-0000080810,1,0,0,0,Violation Driver 1,Broadside,11:43,5.0,0
641796,CR-0000080821,0,0,0,0,Unknown,Head On,23:21,4.0,1
641797,CR-0000080824,0,0,0,0,Violation Driver 1,Broadside,23:13,5.0,0
641798,CR-0000080866,0,0,0,0,Violation Driver 1,Rear End,11:36,5.0,5
641799,CR-0000080871,1,0,0,0,Violation Driver 1,Broadside,13:00,5.0,0
641800,CR-0000034807,0,1,0,0,Unknown,Other,18:13,4.0,3
641801,CR-0000031480,0,0,0,0,Violation Driver 1,Other,19:55,5.0,3
641802,CR-0000062718,0,0,0,0,Violation Driver 1,Head On,19:10,5.0,1
641804,CR-0000080072,0,0,0,0,Unknown,Sideswipe,22:00,4.0,6
641805,CR-0000080074,0,0,0,0,Violation Driver 1,Hit Object,02:32,5.0,2
641806,CR-0000080083,0,0,0,0,Violation Driver 1,Sideswipe,03:47,5.0,6
641807,CR-0000080087,0,0,0,0,Violation Driver 1,Head On,12:44,5.0,1
641808,CR-0000080089,0,0,0,0,Unknown,Sideswipe,21:07,4.0,6
641809,CR-0000080092,0,0,0,0,Unknown,Sideswipe,19:02,4.0,6
641810,CR-0000080094,0,0,0,0,Unknown,Sideswipe,07:00,4.0,6
641811,CR-0000080102,0,0,0,0,Unknown,Sideswipe,08:00,4.0,6
641812,CR-0000080106,1,0,0,0,Violation Driver 1,Rear End,00:00,5.0,5
641813,CR-0000080108,0,0,0,0,Violation Driver 1,Rear End,05:01,5.0,5
641814,CR-0000032033,0,0,0,0,Unknown,Other,10:14,4.0,3
641815,CR-0000034682,1,0,0,0,Violation Driver 1,Rear End,07:40,5.0,5
641816,CR-0000034088,4,0,0,0,Violation Driver 1,Rear End,14:50,5.0,5
641817,CR-0000035921,0,0,0,0,Violation Driver 1,Broadside,13:00,5.0,0
641818,CR-0000033244,0,0,0,0,Violation Driver 1,Head On,22:29,5.0,1
641819,CR-0000080086,0,0,0,0,Violation Driver 1,Rear End,17:30,5.0,5
641820,CR-0000080088,0,0,0,0,Violation Driver 1,Sideswipe,15:15,5.0,6
641821,CR-0000080090,0,0,0,0,Unknown,Other,00:00,4.0,3
641822,CR-0000080091,0,0,1,0,Violation Driver 1,Other,14:01,5.0,3
641823,CR-0000080095,1,0,0,0,Unknown,Rear End,12:40,4.0,5
641824,CR-0000080100,0,0,0,0,Unknown,Sideswipe,17:30,4.0,6
641825,CR-0000035024,0,1,0,0,Violation Driver 1,Other,16:45,5.0,3
641826,CR-0000080838,1,0,0,0,Violation Driver 1,Sideswipe,18:14,5.0,6
641827,CR-0000080842,2,1,0,0,Violation Driver 1,Head On,19:04,5.0,1
641828,CR-0000080845,0,1,0,0,Pedestrian At Fault,Vehicle/Pedestrian,13:28,3.0,8
641829,CR-0000033183,1,0,0,0,Bike At Fault,Other,12:29,0.0,3
641830,CR-0000031710,0,0,0,0,Unknown,Other,23:57,4.0,3
641831,CR-0000035049,0,0,0,0,Unknown,Other,22:17,4.0,3
641832,CR-0000031943,0,0,0,0,Violation Driver 1,Other,11:40,5.0,3
641833,CR-0000031941,1,0,0,0,Unknown,Other,16:52,4.0,3
641834,CR-0000035083,1,0,0,0,Violation Driver 1,Rear End,15:03,5.0,5
641835,CR-0000033065,0,0,0,0,Violation Driver 1,Rear End,20:35,5.0,5
641836,CR-0000033157,1,1,0,0,Violation Driver 1,Broadside,09:54,5.0,0
641837,CR-0000032900,0,0,0,0,Unknown,Other,08:10,4.0,3
641838,CR-0000031671,1,0,3,0,Violation Driver 1,Broadside,23:55,5.0,0
641839,CR-0000032916,1,0,0,0,Bike At Fault,Other,09:41,0.0,3
641840,CR-0000035154,0,1,0,0,Bike At Fault,Other,17:16,0.0,3
641841,CR-0000032736,0,0,0,0,Violation Driver 1,Other,18:12,5.0,3
641842,CR-0000062694,0,0,0,0,Violation Driver 1,Hit Object,12:17,5.0,2
641843,CR-0000080073,0,0,0,0,Unknown,Broadside,21:00,4.0,0
641844,CR-0000080077,0,0,0,0,Violation Driver 1,Broadside,12:00,5.0,0
641845,CR-0000035619,0,0,0,0,Violation Driver 1,Rear End,20:55,5.0,5
641846,CR-0000035928,3,0,0,0,Violation Driver 1,Head On,17:57,5.0,1
641847,CR-0000035923,0,0,0,0,Violation Driver 1,Other,22:15,5.0,3
641848,CR-0000080076,0,0,0,0,Violation Driver 1,Head On,05:52,5.0,1
641849,CR-0000080078,1,0,0,0,Violation Driver 1,Rear End,17:35,5.0,5
641850,CR-0000080082,1,0,0,0,Violation Driver 1,Hit Object,04:20,5.0,2
641851,CR-0000080084,0,0,0,0,Violation Driver 1,Hit Object,07:04,5.0,2
641852,CR-0000032165,0,0,0,0,Unknown,Other,19:00,4.0,3
641853,CR-0000032158,0,0,0,0,Violation Driver 1,Other,19:11,5.0,3
641854,CR-0000033151,1,0,0,0,Violation Driver 1,Rear End,14:00,5.0,5
641855,CR-0000034295,1,0,0,0,Violation Driver 1,Other,08:50,5.0,3
641856,CR-0000034361,0,0,0,0,Unknown,Other,10:30,4.0,3
641857,CR-0000036759,1,0,0,0,Violation Driver 1,Other,15:17,5.0,3
641858,CR-0000031969,0,0,0,0,Violation Driver 1,Other,22:44,5.0,3
641859,CR-0000031748,0,0,0,0,Violation Driver 1,Head On,20:09,5.0,1
641860,CR-0000032053,0,0,0,0,Violation Driver 1,Rear End,22:59,5.0,5
641861,CR-0000035747,0,0,0,0,Violation Driver 1,Broadside,07:56,5.0,0
641862,CR-0000035156,0,0,0,0,Unknown,Rear End,19:19,4.0,5
641863,CR-0000032305,3,0,0,0,Unknown,Broadside,11:13,4.0,0
641864,CR-0000033132,0,0,0,0,Violation Driver 1,Head On,19:00,5.0,1
641865,CR-0000032973,0,0,0,0,Violation Driver 1,Rear End,09:21,5.0,5
641866,CR-0000035021,0,0,0,0,Violation Driver 1,Other,01:50,5.0,3
641867,CR-0000035589,0,0,0,0,Violation Driver 1,Rear End,14:27,5.0,5
641868,CR-0000035794,0,0,0,0,Violation Driver 1,Other,17:10,5.0,3
641869,CR-0000032848,0,0,0,0,Unknown,Other,00:43,4.0,3
641870,CR-0000035724,1,0,0,0,Violation Driver 1,Other,07:59,5.0,3
641871,CR-0000035717,0,0,0,0,Violation Driver 1,Rear End,21:02,5.0,5
641872,CR-0000035784,0,1,0,0,Violation Driver 1,Rear End,17:11,5.0,5
641873,CR-0000036443,0,0,0,0,Unknown,Rear End,07:00,4.0,5
641874,CR-0000035892,2,0,0,0,Violation Driver 1,Broadside,15:14,5.0,0
641875,CR-0000080863,0,0,1,0,Bike At Fault,Other,21:42,0.0,3
641876,CR-0000034345,1,0,0,0,Violation Driver 1,Sideswipe,12:17,5.0,6
641877,CR-0000035658,1,0,0,0,Violation Driver 1,Head On,22:34,5.0,1
641878,CR-0000033215,0,0,0,0,Unknown,Head On,21:25,4.0,1
641879,CR-0000032281,0,0,0,0,Unknown,Rear End,18:45,4.0,5
641880,CR-0000033493,2,0,0,0,Violation Driver 1,Rear End,14:16,5.0,5
641881,CR-0000033484,0,0,0,0,Violation Driver 1,Other,17:42,5.0,3
641882,CR-0000033406,1,0,0,0,Violation Driver 1,Broadside,13:01,5.0,0
641883,CR-0000080865,0,0,0,0,Unknown,Broadside,08:32,4.0,0
641884,CR-0000080867,4,0,0,0,Violation Driver 1,Broadside,15:26,5.0,0
641885,CR-0000080869,1,0,0,0,Violation Driver 1,Broadside,13:04,5.0,0
641886,CR-0000080870,2,0,0,0,Violation Driver 1,Rear End,19:37,5.0,5
641887,CR-0000080878,0,0,0,0,Violation Driver 1,Hit Object,02:50,5.0,2
641888,CR-0000080881,0,1,0,0,Violation Driver 1,Vehicle/Bike,18:32,5.0,7
641889,CR-0000080096,0,0,0,0,Unknown,Sideswipe,08:00,4.0,6
641890,CR-0000033201,0,1,0,0,Unknown,Broadside,09:22,4.0,0
641891,CR-0000080103,0,0,0,0,Unknown,Sideswipe,08:14,4.0,6
641892,CR-0000080105,1,0,0,0,Unknown,Rear End,21:00,4.0,5
641893,CR-0000080107,0,0,0,0,Violation Driver 1,Hit Object,00:20,5.0,2
641894,CR-0000080115,3,0,0,0,Violation Driver 1,Rear End,17:10,5.0,5
641895,CR-0000080117,0,0,1,0,Violation Driver 1,Vehicle/Bike,17:15,5.0,7
641896,CR-0000080121,0,0,0,0,Unknown,Sideswipe,16:00,4.0,6
641897,CR-0000032171,0,0,0,0,Unknown,Sideswipe,16:28,4.0,6
641898,CR-0000031997,0,1,0,0,Violation Driver 1,Other,15:31,5.0,3
641899,CR-0000031995,0,0,0,0,Unknown,Other,02:45,4.0,3
641900,CR-0000031720,0,0,0,0,Unknown,Rear End,16:53,4.0,5
641901,CR-0000032403,1,0,0,0,Violation Driver 1,Broadside,20:16,5.0,0
641902,CR-0000035186,0,0,0,0,Violation Driver 1,Broadside,20:42,5.0,0
641903,CR-0000035185,0,0,0,0,Unknown,Other,21:30,4.0,3
641904,CR-0000035175,0,1,0,0,Violation Driver 1,Other,13:05,5.0,3
641905,CR-0000033838,0,0,0,0,Violation Driver 1,Rear End,20:29,5.0,5
641906,CR-0000035013,1,0,0,0,Violation Driver 1,Broadside,08:35,5.0,0
641907,CR-0000035791,0,0,0,0,Unknown,Rear End,01:55,4.0,5
641908,CR-0000034275,1,0,0,0,Violation Driver 1,Other,13:56,5.0,3
641909,CR-0000031688,0,0,0,0,Unknown,Other,09:24,4.0,3
641910,CR-0000031681,0,0,0,0,Unknown,Sideswipe,18:18,4.0,6
641911,CR-0000032008,0,0,0,0,Unknown,Other,15:14,4.0,3
641912,CR-0000033966,0,0,0,0,Violation Driver 1,Broadside,16:10,5.0,0
641913,CR-0000034220,0,0,0,0,Unknown,Other,08:34,4.0,3
641914,CR-0000036791,0,0,0,0,Violation Driver 1,Other,13:28,5.0,3
641915,CR-0000036279,0,0,0,0,Unknown,Head On,19:13,4.0,1
641916,CR-0000032235,0,0,0,0,Unknown,Rear End,15:35,4.0,5
641917,CR-0000032232,0,0,0,0,Unknown,Rear End,18:00,4.0,5
641918,CR-0000031964,0,0,0,0,Violation Driver 1,Rear End,07:55,5.0,5
641919,CR-0000031961,0,0,0,0,Unknown,Rear End,07:50,4.0,5
641920,CR-0000031732,1,0,0,0,Unknown,Rear End,17:00,4.0,5
641921,CR-0000032264,2,0,0,0,Unknown,Other,18:20,4.0,3
641922,CR-0000032372,0,0,0,0,Violation Driver 1,Rear End,14:36,5.0,5
641923,CR-0000080874,0,0,0,0,Violation Driver 1,Sideswipe,19:17,5.0,6
641924,CR-0000080882,0,0,0,0,Violation Driver 1,Hit Object,07:54,5.0,2
641925,CR-0000032230,0,0,0,0,Unknown,Other,16:30,4.0,3
641926,CR-0000031835,0,0,0,0,Unknown,Other,20:42,4.0,3
641927,CR-0000035199,0,0,0,0,Violation Driver 1,Head On,18:40,5.0,1
641928,CR-0000032334,1,0,0,0,Violation Driver 1,Broadside,18:31,5.0,0
641929,CR-0000035181,2,0,0,0,Violation Driver 1,Rear End,16:50,5.0,5
641930,CR-0000032328,0,0,0,0,Unknown,Other,12:41,4.0,3
641931,CR-0000080846,0,1,0,0,Violation Driver 1,Sideswipe,16:12,5.0,6
641932,CR-0000080098,0,0,0,0,Violation Driver 1,Sideswipe,16:24,5.0,6
641933,CR-0000080101,0,0,1,0,Violation Driver 1,Vehicle/Pedestrian,19:13,5.0,8
641934,CR-0000080111,0,0,0,0,Violation Driver 1,Rear End,09:48,5.0,5
641935,CR-0000080118,1,0,0,0,Violation Driver 1,Vehicle/Pedestrian,18:04,5.0,8
641936,CR-0000080135,0,0,0,0,Violation Driver 1,Hit Object,02:23,5.0,2
641937,CR-0000080137,1,0,0,0,Unknown,Head On,21:37,4.0,1
641938,CR-0000031744,1,1,0,0,Unknown,Broadside,21:30,4.0,0
641939,CR-0000080847,0,1,0,0,Pedestrian At Fault,Vehicle/Pedestrian,19:10,3.0,8
641940,CR-0000080849,0,0,0,0,Violation Driver 1,Rear End,18:10,5.0,5
641941,CR-0000080850,0,1,1,0,Violation Driver 1,Sideswipe,22:20,5.0,6
641942,CR-0000080858,2,0,0,0,Violation Driver 1,Sideswipe,12:40,5.0,6
641943,CR-0000080860,1,2,0,0,Violation Driver 1,Head On,14:21,5.0,1
641944,CR-0000080868,1,0,0,0,Violation Driver 1,Head On,19:00,5.0,1
641945,CR-0000080080,0,0,0,0,Unknown,Broadside,17:40,4.0,0
641946,CR-0000031729,3,0,0,0,Violation Driver 1,Head On,11:00,5.0,1
641947,CR-0000032271,0,2,0,0,Violation Driver 1,Head On,15:06,5.0,1
641948,CR-0000032243,0,0,0,0,Violation Driver 1,Broadside,01:58,5.0,0
641949,CR-0000031947,2,0,0,0,Violation Driver 1,Broadside,09:23,5.0,0
641950,CR-0000031661,0,0,0,0,Violation Driver 1,Broadside,19:00,5.0,0
641951,CR-0000032420,0,0,0,0,Unknown,Broadside,06:45,4.0,0
641952,CR-0000031831,1,0,0,0,Unknown,Rear End,15:23,4.0,5
641953,CR-0000080122,0,0,0,0,Unknown,Sideswipe,23:50,4.0,6
641954,CR-0000031749,0,0,0,0,Unknown,Other,09:32,4.0,3
641955,CR-0000034254,1,0,0,0,Violation Driver 1,Other,21:14,5.0,3
641957,CR-0000031665,0,1,0,0,Bike At Fault,Other,21:43,0.0,3
641958,CR-0000034584,0,0,0,0,Violation Driver 1,Other,05:00,5.0,3
641959,CR-0000034309,1,0,0,0,Violation Driver 1,Sideswipe,19:21,5.0,6
641960,CR-0000080883,0,1,0,0,Violation Driver 1,Broadside,06:20,5.0,0
641961,CR-0000080885,5,0,0,0,Violation Driver 1,Rear End,13:59,5.0,5
641962,CR-0000080886,0,0,0,0,Violation Driver 1,Sideswipe,08:55,5.0,6
641963,CR-0000080887,1,0,0,0,Violation Driver 1,Broadside,16:30,5.0,0
641964,CR-0000080889,0,1,0,0,Bike At Fault,Vehicle/Bike,15:41,0.0,7
641965,CR-0000080112,0,0,0,0,Violation Driver 1,Rear End,12:55,5.0,5
641966,CR-0000080116,0,1,0,0,Violation Driver 1,Broadside,17:14,5.0,0
641967,CR-0000031814,0,0,0,0,Unknown,Other,03:29,4.0,3
641968,CR-0000080840,1,0,0,0,Violation Driver 1,Broadside,19:25,5.0,0