CrashFactId,Name,MinorInjuries,ModerateInjuries,SevereInjuries,FatalInjuries,PrimaryCollisionFactor,CollisionType,CrashTime,PrimaryCollisionFactor_Code,CollisionType_Code
643865,CR-0000081512,0,0,0,0,Violation Driver 1,Broadside,08:25,5.0,0
643866,CR-0000081513,0,0,0,0,Unknown,Hit Object,09:48,4.0,2
643867,CR-0000049330,1,0,0,0,Violation Driver 1,Rear End,08:55,5.0,5
643868,CR-0000049198,0,0,0,0,Violation Driver 1,Rear End,07:54,5.0,5
643869,CR-0000081943,2,0,0,0,Violation Driver 1,Broadside,22:27,5.0,0
643870,CR-0000081944,2,2,0,0,Violation Driver 1,Broadside,23:12,5.0,0
643871,CR-0000081945,0,0,0,0,Violation Driver 1,Sideswipe,23:15,5.0,6
643872,CR-0000081949,1,0,0,0,Violation Driver 1,Vehicle/Bike,19:18,5.0,7
643873,CR-0000081956,0,1,0,0,Violation Driver 1,Vehicle/Pedestrian,13:16,5.0,8
643874,CR-0000081966,0,0,0,0,Unknown,Hit Object,19:44,4.0,2
643875,CR-0000081973,0,0,0,0,Violation Driver 1,Sideswipe,22:42,5.0,6
643876,CR-0000049178,2,0,0,0,Violation Driver 1,Rear End,16:00,5.0,5
643877,CR-0000049176,0,0,0,0,Violation Driver 1,Other,13:25,5.0,3
643878,CR-0000049173,0,0,0,0,Violation Driver 1,Broadside,10:00,5.0,0
643879,CR-0000049171,0,0,0,0,Violation Driver 1,Broadside,08:18,5.0,0
643880,CR-0000081931,0,1,0,0,Violation Driver 1,Hit Object,03:40,5.0,2
643881,CR-0000081934,0,0,0,0,Violation Driver 1,Head On,12:14,5.0,1
643882,CR-0000081935,0,0,0,0,Violation Driver 1,Rear End,13:51,5.0,5
643883,CR-0000081947,0,2,0,0,Violation Driver 1,Hit Object,21:51,5.0,2
643884,CR-0000081948,0,0,0,0,Violation Driver 1,Broadside,17:47,5.0,0
643885,CR-0000081950,0,0,0,0,Unknown,Sideswipe,12:20,4.0,6
643886,CR-0000081465,0,0,0,0,Pedestrian At Fault,Vehicle/Pedestrian,15:27,3.0,8
643887,CR-0000081974,1,0,0,0,Bike At Fault,Vehicle/Bike,14:58,0.0,7
643888,CR-0000081975,0,0,0,0,Violation Driver 1,Sideswipe,17:45,5.0,6
643889,CR-0000049257,0,0,0,0,Violation Driver 1,Other,21:50,5.0,3
643890,CR-0000049255,0,0,0,0,Bike At Fault,Other,16:30,0.0,3
643891,CR-0000049308,1,0,0,0,Violation Driver 1,Broadside,11:39,5.0,0
643894,CR-0000081468,0,0,0,0,Unknown,Sideswipe,19:34,4.0,6
643895,CR-0000081484,0,1,0,0,Violation Driver 1,Broadside,19:50,5.0,0
643896,CR-0000081486,1,0,1,0,Violation Driver 1,Broadside,20:19,5.0,0
643897,CR-0000081487,0,0,0,0,Violation Driver 1,Hit Object,00:53,5.0,2
643898,CR-0000081505,0,0,0,0,Unknown,Rear End,13:55,4.0,5
643899,CR-0000049333,0,0,0,0,Violation Driver 1,Other,10:50,5.0,3
643900,CR-0000081951,0,0,0,0,Violation Driver 1,Sideswipe,12:50,5.0,6
643901,CR-0000081953,0,0,0,0,Violation Driver 1,Sideswipe,12:00,5.0,6
643902,CR-0000081954,0,0,0,0,Violation Driver 1,Sideswipe,18:00,5.0,6
643903,CR-0000081955,0,0,0,0,Violation Driver 1,Sideswipe,16:15,5.0,6
643904,CR-0000081960,0,0,1,0,Violation Driver 1,Hit Object,10:49,5.0,2
643905,CR-0000081961,0,0,0,0,Violation Driver 1,Hit Object,13:40,5.0,2
643906,CR-0000081962,0,0,0,0,Violation Driver 1,Rear End,20:19,5.0,5
643907,CR-0000049186,0,1,0,0,Violation Driver 1,Broadside,19:13,5.0,0
643908,CR-0000049045,1,0,0,0,Violation Driver 1,Rear End,16:20,5.0,5
643910,CR-0000030589,1,0,0,0,Unknown,Other,17:44,4.0,3
643915,CR-0000081900,0,1,0,0,Violation Driver 1,Rear End,21:01,5.0,5
643916,CR-0000081901,0,0,0,0,Violation Driver 1,Rear End,13:30,5.0,5
643917,CR-0000081904,0,0,0,0,Violation Driver 1,Hit Object,19:40,5.0,2
643918,CR-0000081905,0,0,0,0,Violation Driver 1,Head On,21:27,5.0,1
643919,CR-0000081910,0,0,0,0,Violation Driver 1,Hit Object,15:15,5.0,2
643920,CR-0000081462,0,0,0,0,Unknown,Rear End,13:25,4.0,5
643921,CR-0000081464,1,0,0,0,Violation Driver 1,Rear End,10:56,5.0,5
643922,CR-0000081466,2,0,0,0,Violation Driver 1,Broadside,15:55,5.0,0
643923,CR-0000081467,1,0,0,0,Bike At Fault,Vehicle/Bike,16:14,0.0,7
643924,CR-0000081471,0,0,0,0,Unknown,Sideswipe,07:51,4.0,6
643925,CR-0000081473,0,0,0,0,Unknown,Rear End,17:45,4.0,5
643926,CR-0000081479,0,0,0,0,Violation Driver 1,Broadside,12:39,5.0,0
643935,CR-0000082377,1,0,0,0,Violation Driver 1,Broadside,11:56,5.0,0
643936,CR-0000082387,0,0,0,0,Violation Driver 1,Sideswipe,07:17,5.0,6
643937,CR-0000082397,0,0,1,0,Pedestrian At Fault,Vehicle/Pedestrian,18:54,3.0,8
643938,CR-0000082401,0,0,1,0,Violation Driver 1,Vehicle/Bike,19:56,5.0,7
643939,CR-0000082403,0,1,0,0,Violation Driver 1,Hit Object,22:47,5.0,2
643940,CR-0000082405,2,0,0,0,Unknown,Head On,05:44,4.0,1
643941,CR-0000082406,1,0,0,0,Other Than Driver,Vehicle/Bike,07:45,2.0,7
643942,CR-0000081911,0,1,0,0,Violation Driver 1,Rear End,18:28,5.0,5
643943,CR-0000081913,0,0,0,0,Violation Driver 1,Sideswipe,06:29,5.0,6
643944,CR-0000081914,1,0,0,0,Violation Driver 1,Broadside,18:24,5.0,0
643945,CR-0000081915,0,1,0,0,Pedestrian At Fault,Vehicle/Pedestrian,20:57,3.0,8
643946,CR-0000081922,0,0,0,0,Violation Driver 1,Sideswipe,12:10,5.0,6
643947,CR-0000081926,0,1,0,0,Violation Driver 1,Sideswipe,19:27,5.0,6
643948,CR-0000081933,0,0,0,0,Violation Driver 1,Broadside,06:45,5.0,0
643949,CR-0000081937,0,0,0,0,Violation Driver 1,Sideswipe,15:00,5.0,6
643950,CR-0000081938,0,0,0,0,Violation Driver 1,Sideswipe,05:00,5.0,6
643951,CR-0000081939,0,0,0,0,Violation Driver 1,Sideswipe,16:39,5.0,6
643952,CR-0000081946,0,0,0,0,Violation Driver 1,Hit Object,23:30,5.0,2
643953,CR-0000081957,0,0,0,0,Violation Driver 1,Sideswipe,18:00,5.0,6
643954,CR-0000081958,0,0,0,0,Violation Driver 1,Sideswipe,03:50,5.0,6
643955,CR-0000081959,1,0,0,0,Violation Driver 1,Broadside,08:03,5.0,0
643956,CR-0000081491,0,0,0,0,Violation Driver 1,Sideswipe,19:45,5.0,6
643957,CR-0000081493,0,0,0,0,Unknown,Sideswipe,21:15,4.0,6
643958,CR-0000081499,0,0,0,0,Violation Driver 1,Rear End,17:43,5.0,5
643959,CR-0000081506,0,0,0,0,Unknown,Sideswipe,10:30,4.0,6
643960,CR-0000081507,0,0,0,0,Unknown,Rear End,02:30,4.0,5
643961,CR-0000049332,0,0,0,0,Violation Driver 1,Rear End,10:10,5.0,5
643962,CR-0000049317,1,0,0,0,Violation Driver 1,Head On,08:59,5.0,1
643963,CR-0000049266,0,0,0,0,Violation Driver 1,Other,01:45,5.0,3
643964,CR-0000032153,1,0,0,0,Unknown,Rear End,12:55,4.0,5
643967,CR-0000082396,1,0,0,0,Bike At Fault,Vehicle/Bike,18:09,0.0,7
643968,CR-0000082400,0,1,0,0,Violation Driver 1,Rear End,19:54,5.0,5
643969,CR-0000082404,0,0,1,0,Violation Driver 1,Hit Object,02:42,5.0,2
643970,CR-0000082411,1,0,0,0,Unknown,Vehicle/Pedestrian,12:40,4.0,8
643971,CR-0000049155,0,0,0,0,Unknown,Sideswipe,05:50,4.0,6
643975,CR-0000081977,0,0,1,0,Pedestrian At Fault,Vehicle/Pedestrian,20:57,3.0,8
643976,CR-0000081978,0,0,0,0,Violation Driver 1,Sideswipe,00:04,5.0,6
643977,CR-0000081979,0,0,0,0,Unknown,Hit Object,02:03,4.0,2
643986,CR-0000032022,2,0,0,0,Violation Driver 1,Broadside,10:41,5.0,0
643987,CR-0000032020,0,0,0,0,Violation Driver 1,Rear End,13:00,5.0,5
643988,CR-0000033299,1,0,0,0,Violation Driver 1,Head On,17:40,5.0,1
643989,CR-0000036770,0,0,0,0,Unknown,Rear End,15:20,4.0,5
643994,CR-0000082418,1,0,0,0,Violation Driver 1,Rear End,22:24,5.0,5
643995,CR-0000082421,0,1,0,0,Violation Driver 1,Vehicle/Pedestrian,09:02,5.0,8
643996,CR-0000082432,0,0,0,0,Unknown,Rear End,22:30,4.0,5
643997,CR-0000082429,0,0,0,0,Unknown,Hit Object,11:33,4.0,2
643998,CR-0000082439,0,0,0,0,Violation Driver 1,Rear End,01:15,5.0,5
643999,CR-0000082443,0,1,0,0,Bike At Fault,Vehicle/Bike,12:44,0.0,7
644000,CR-0000082445,0,1,0,0,Violation Driver 1,Vehicle/Pedestrian,14:23,5.0,8
644005,CR-0000082422,0,0,0,0,Violation Driver 1,Sideswipe,12:10,5.0,6
644006,CR-0000082427,0,0,0,0,Unknown,Hit Object,21:00,4.0,2
644007,CR-0000082437,0,0,0,0,Violation Driver 1,Rear End,18:23,5.0,5
644015,CR-0000082438,0,0,0,0,Violation Driver 1,Hit Object,00:36,5.0,2
644016,CR-0000082442,0,0,0,0,Violation Driver 1,Sideswipe,22:30,5.0,6
644017,CR-0000082449,0,0,0,0,Violation Driver 1,Sideswipe,19:05,5.0,6
644018,CR-0000082450,0,0,0,0,Unknown,Hit Object,19:32,4.0,2
644019,CR-0000036763,1,0,0,0,Violation Driver 1,Head On,13:36,5.0,1
644020,CR-0000031972,1,0,0,0,Violation Driver 1,Other,10:40,5.0,3
644021,CR-0000031747,0,0,0,0,Violation Driver 1,Head On,11:07,5.0,1
644023,CR-0000081964,0,0,0,0,Violation Driver 1,Hit Object,03:57,5.0,2
644024,CR-0000081965,0,0,0,0,Violation Driver 1,Hit Object,17:21,5.0,2
644025,CR-0000032013,1,0,0,0,Unknown,Other,01:55,4.0,3
644026,CR-0000034287,0,2,0,0,Violation Driver 1,Head On,12:19,5.0,1
644027,CR-0000031502,0,0,1,0,Unknown,Other,16:15,4.0,3
644028,CR-0000034328,0,3,0,0,Violation Driver 1,Rear End,16:13,5.0,5
644029,CR-0000034264,0,1,0,0,Violation Driver 1,Other,16:16,5.0,3
644030,CR-0000031942,0,0,1,0,Violation Driver 1,Other,17:50,5.0,3
644031,CR-0000031940,0,0,0,0,Unknown,Head On,10:15,4.0,1
644032,CR-0000031847,0,0,0,0,Unknown,Rear End,21:00,4.0,5
644033,CR-0000031843,0,0,0,0,Unknown,Sideswipe,21:43,4.0,6
644036,CR-0000031745,0,0,0,0,Unknown,Other,23:11,4.0,3
644037,CR-0000031845,0,0,0,0,Unknown,Sideswipe,21:23,4.0,6
644038,CR-0000031836,1,2,0,0,Violation Driver 1,Other,04:38,5.0,3
644039,CR-0000031923,0,0,0,0,Violation Driver 1,Other,23:33,5.0,3
644040,CR-0000031505,0,1,0,0,Unknown,Other,02:11,4.0,3
644041,CR-0000032075,2,0,0,0,Unknown,Broadside,20:38,4.0,0
644042,CR-0000033606,1,0,0,0,Violation Driver 1,Rear End,14:21,5.0,5
644049,CR-0000034310,0,0,0,0,Violation Driver 1,Other,14:33,5.0,3
644050,CR-0000038648,0,0,0,0,Violation Driver 1,Other,20:13,5.0,3
644051,CR-0000082412,1,0,0,0,Violation Driver 1,Broadside,13:22,5.0,0
644052,CR-0000082419,0,0,0,0,Unknown,Sideswipe,11:00,4.0,6
644053,CR-0000082420,0,0,0,0,Violation Driver 1,Hit Object,03:54,5.0,2
644062,CR-0000034239,0,0,0,0,Violation Driver 1,Other,08:20,5.0,3
644063,CR-0000031977,0,0,0,0,Violation Driver 1,Other,11:50,5.0,3
644064,CR-0000033405,0,0,0,0,Unknown,Other,01:30,4.0,3
644065,CR-0000031922,1,0,1,0,Violation Driver 1,Rear End,01:57,5.0,5
644066,CR-0000032070,0,0,0,0,Unknown,Broadside,16:12,4.0,0
644067,CR-0000031904,1,0,0,0,Violation Driver 1,Other,19:35,5.0,3
644068,CR-0000031479,0,0,0,0,Unknown,Other,18:34,4.0,3
644069,CR-0000034193,1,0,0,0,Violation Driver 1,Rear End,08:10,5.0,5
644070,CR-0000034175,0,0,0,0,Violation Driver 1,Rear End,22:51,5.0,5
644072,CR-0000031963,0,0,0,0,Violation Driver 1,Sideswipe,08:35,5.0,6
644073,CR-0000031675,0,0,0,0,Unknown,Other,00:00,4.0,3
644074,CR-0000031670,0,0,0,0,Violation Driver 1,Head On,08:48,5.0,1
644075,CR-0000031727,0,0,0,0,Unknown,Other,11:40,4.0,3
644076,CR-0000031711,0,0,0,0,Unknown,Other,08:30,4.0,3
644077,CR-0000082428,1,0,0,0,Violation Driver 1,Hit Object,03:43,5.0,2
644078,CR-0000082430,0,0,1,0,Violation Driver 1,Broadside,07:30,5.0,0
644084,CR-0000049132,2,0,0,0,Violation Driver 1,Rear End,15:10,5.0,5
644085,CR-0000049438,0,0,0,0,Violation Driver 1,Other,08:00,5.0,3
644086,CR-0000082434,0,0,0,0,Violation Driver 1,Hit Object,15:14,5.0,2
644087,CR-0000082447,1,1,0,0,Violation Driver 1,Rear End,15:30,5.0,5
644088,CR-0000082448,1,0,0,0,Violation Driver 1,Sideswipe,18:17,5.0,6
644089,CR-0000082453,0,0,0,0,Violation Driver 1,Broadside,04:47,5.0,0
644090,CR-0000082454,1,0,0,0,Violation Driver 1,Hit Object,04:25,5.0,2
644093,CR-0000049357,0,0,0,0,Violation Driver 1,Broadside,07:07,5.0,0
644094,CR-0000049307,0,1,0,0,Bike At Fault,Other,11:08,0.0,3
644095,CR-0000049187,0,0,0,0,Violation Driver 1,Broadside,21:30,5.0,0
644100,CR-0000081963,0,0,1,0,Pedestrian At Fault,Vehicle/Pedestrian,20:23,3.0,8
644101,CR-0000081968,0,1,0,1,Bike At Fault,Vehicle/Bike,16:56,0.0,7
644102,CR-0000081969,1,0,0,0,Violation Driver 1,Broadside,08:12,5.0,0
644103,CR-0000081976,0,1,0,0,Bike At Fault,Vehicle/Bike,18:09,0.0,7
644104,CR-0000032036,0,0,0,0,Violation Driver 1,Other,21:55,5.0,3
644105,CR-0000032026,1,1,0,0,Violation Driver 1,Sideswipe,17:48,5.0,6
644106,CR-0000032004,0,0,0,0,Unknown,Other,23:38,4.0,3
644115,CR-0000030624,0,0,0,0,Violation Driver 1,Head On,19:40,5.0,1
644121,CR-0000031938,0,0,0,0,Unknown,Broadside,16:03,4.0,0
644122,CR-0000031838,1,0,0,0,Unknown,Broadside,15:14,4.0,0
644123,CR-0000034311,0,0,0,0,Bike At Fault,Sideswipe,15:00,0.0,6
644124,CR-0000031521,0,0,0,0,Unknown,Head On,21:16,4.0,1
644125,CR-0000032210,0,0,0,0,Unknown,Other,01:30,4.0,3
644126,CR-0000032076,0,1,0,0,Unknown,Other,13:00,4.0,3
644128,CR-0000082417,1,0,0,0,Bike At Fault,Vehicle/Bike,20:39,0.0,7
644129,CR-0000082423,0,0,0,0,Violation Driver 1,Broadside,12:21,5.0,0
644130,CR-0000082424,0,0,0,0,Violation Driver 1,Broadside,18:35,5.0,0
644131,CR-0000082425,1,0,0,0,Pedestrian At Fault,Vehicle/Pedestrian,20:06,3.0,8
644132,CR-0000082426,2,0,0,0,Violation Driver 1,Head On,19:48,5.0,1
644133,CR-0000082431,0,1,0,0,Violation Driver 1,Vehicle/Bike,08:36,5.0,7
644134,CR-0000082433,0,0,0,0,Violation Driver 1,Sideswipe,14:00,5.0,6
644137,CR-0000049150,0,0,0,0,Violation Driver 1,Head On,07:45,5.0,1
644138,CR-0000049142,0,0,0,0,Unknown,Other,13:17,4.0,3
644139,CR-0000047986,0,1,0,0,Violation Driver 1,Other,02:01,5.0,3
644140,CR-0000048992,0,0,0,0,Violation Driver 1,Sideswipe,17:10,5.0,6
644141,CR-0000049424,1,0,0,0,Violation Driver 1,Head On,11:04,5.0,1
644142,CR-0000034187,0,0,0,0,Violation Driver 1,Other,08:50,5.0,3
644143,CR-0000049091,0,0,0,0,Violation Driver 1,Other,03:34,5.0,3
644147,CR-0000049107,0,1,0,0,Violation Driver 1,Sideswipe,17:16,5.0,6
644148,CR-0000046064,0,0,0,0,Violation Driver 1,Other,22:29,5.0,3
644149,CR-0000047370,0,0,0,0,Violation Driver 1,Other,00:55,5.0,3
644150,CR-0000045159,0,0,0,0,Violation Driver 1,Other,01:04,5.0,3
644151,CR-0000052548,0,0,0,0,Violation Driver 1,Other,07:50,5.0,3
644152,CR-0000032637,0,0,0,0,Violation Driver 1,Other,01:57,5.0,3
644153,CR-0000036808,0,0,0,0,Violation Driver 1,Broadside,09:25,5.0,0
644154,CR-0000036630,0,0,0,0,Violation Driver 1,Other,02:40,5.0,3
644155,CR-0000043064,0,0,0,0,Violation Driver 1,Other,22:35,5.0,3
644156,CR-0000031438,0,0,0,0,Violation Driver 1,Other,17:28,5.0,3
644157,CR-0000031404,0,0,0,0,Unknown,Sideswipe,13:30,4.0,6
644158,CR-0000031981,1,0,0,0,Unknown,Other,13:47,4.0,3
644159,CR-0000033281,0,0,0,0,Unknown,Other,12:20,4.0,3
644160,CR-0000032256,0,0,0,0,Unknown,Sideswipe,15:28,4.0,6
644161,CR-0000031495,0,0,0,0,Violation Driver 1,Broadside,17:00,5.0,0
644162,CR-0000031713,0,0,0,0,Unknown,Other,21:30,4.0,3
644163,CR-0000031483,0,0,0,0,Unknown,Rear End,08:21,4.0,5
644172,CR-0000038105,0,0,0,0,Violation Driver 1,Other,01:13,5.0,3
644173,CR-0000032514,0,0,0,0,Violation Driver 1,Broadside,20:04,5.0,0
644180,CR-0000049564,0,0,0,0,Violation Driver 1,Rear End,12:17,5.0,5
644181,CR-0000082615,0,1,0,0,Violation Driver 1,Rear End,17:00,5.0,5
644182,CR-0000082617,0,0,0,0,Violation Driver 1,Broadside,21:05,5.0,0
644195,CR-0000082435,0,0,1,0,Violation Driver 1,Broadside,17:53,5.0,0
644196,CR-0000082436,1,0,0,0,Violation Driver 1,Rear End,18:15,5.0,5
644197,CR-0000082440,0,0,0,0,Violation Driver 1,Sideswipe,02:27,5.0,6
644198,CR-0000082444,1,0,0,0,Violation Driver 1,Head On,13:39,5.0,1
644199,CR-0000082451,0,0,0,0,Violation Driver 1,Rear End,00:34,5.0,5
644200,CR-0000082459,0,0,0,0,Violation Driver 1,Sideswipe,14:38,5.0,6
644201,CR-0000082461,1,0,0,0,Violation Driver 1,Broadside,17:58,5.0,0
644210,CR-0000031481,1,0,0,0,Violation Driver 1,Broadside,13:15,5.0,0
644211,CR-0000031663,0,0,0,0,Violation Driver 1,Rear End,18:32,5.0,5
644212,CR-0000031852,0,0,0,0,Violation Driver 1,Other,02:50,5.0,3
644213,CR-0000034308,1,0,0,0,Violation Driver 1,Rear End,15:35,5.0,5
644214,CR-0000031813,0,0,0,0,Unknown,Broadside,00:22,4.0,0
644215,CR-0000044333,0,0,0,0,Violation Driver 1,Other,15:35,5.0,3
644216,CR-0000052236,1,0,0,0,Violation Driver 1,Other,17:45,5.0,3
644217,CR-0000049341,0,0,0,0,Unknown,Other,02:00,4.0,3
644218,CR-0000082613,0,0,0,0,Violation Driver 1,Hit Object,01:22,5.0,2
644219,CR-0000082616,0,1,0,0,Violation Driver 1,Sideswipe,16:36,5.0,6
644220,CR-0000082618,0,0,0,0,Violation Driver 1,Hit Object,07:40,5.0,2
644221,CR-0000082624,1,1,0,0,Violation Driver 1,Rear End,18:28,5.0,5
644222,CR-0000082634,0,0,0,0,Unknown,Rear End,19:00,4.0,5
644223,CR-0000061738,0,0,0,0,Violation Driver 1,Hit Object,20:59,5.0,2
644228,CR-0000049145,0,0,0,0,Violation Driver 1,Other,00:20,5.0,3
644229,CR-0000046087,0,0,0,0,Violation Driver 1,Other,00:15,5.0,3
644230,CR-0000049425,0,1,0,0,Violation Driver 1,Other,11:10,5.0,3
644231,CR-0000048991,0,0,0,0,Violation Driver 1,Other,17:35,5.0,3
644240,CR-0000049520,2,0,0,0,Violation Driver 1,Sideswipe,17:15,5.0,6
644241,CR-0000048982,0,0,0,0,Violation Driver 1,Other,05:16,5.0,3
644242,CR-0000037911,0,0,0,0,Violation Driver 1,Other,03:15,5.0,3
644243,CR-0000038133,0,0,0,0,Violation Driver 1,Other,15:03,5.0,3
644248,CR-0000082446,1,0,0,0,Violation Driver 1,Head On,15:29,5.0,1
644249,CR-0000082452,0,1,0,0,Violation Driver 1,Rear End,01:14,5.0,5
644250,CR-0000082457,1,0,0,0,Violation Driver 1,Sideswipe,11:03,5.0,6
644253,CR-0000082455,0,0,0,0,Violation Driver 1,Broadside,10:30,5.0,0
644254,CR-0000082456,1,0,0,0,Violation Driver 1,Rear End,10:57,5.0,5
644255,CR-0000082463,0,0,0,0,Violation Driver 1,Rear End,21:19,5.0,5
644256,CR-0000082464,1,0,0,0,Violation Driver 1,Rear End,19:06,5.0,5
644257,CR-0000082465,0,0,0,0,Violation Driver 1,Broadside,23:55,5.0,0
644258,CR-0000082458,0,0,0,0,Violation Driver 1,Sideswipe,12:44,5.0,6
644259,CR-0000082460,1,0,0,0,Violation Driver 1,Rear End,17:50,5.0,5
644260,CR-0000082468,0,0,0,0,Violation Driver 1,Sideswipe,11:47,5.0,6
644261,CR-0000082470,0,1,0,0,Violation Driver 1,Vehicle/Bike,14:28,5.0,7
644262,CR-0000082478,2,0,0,0,Violation Driver 1,Broadside,07:23,5.0,0
644263,CR-0000082480,0,0,0,0,Unknown,Sideswipe,09:49,4.0,6
644264,CR-0000082484,0,0,0,0,Violation Driver 1,Sideswipe,18:34,5.0,6
644265,CR-0000082462,1,0,0,0,Violation Driver 1,Broadside,18:30,5.0,0
644266,CR-0000082467,3,0,0,0,Violation Driver 1,Rear End,11:15,5.0,5
644267,CR-0000082472,0,0,0,0,Violation Driver 1,Sideswipe,15:20,5.0,6
644268,CR-0000082477,0,0,0,0,Unknown,Other,18:20,4.0,3
644269,CR-0000082620,1,0,0,0,Violation Driver 1,Sideswipe,11:30,5.0,6
644270,CR-0000082622,0,1,0,0,Violation Driver 1,Head On,19:19,5.0,1
644271,CR-0000082623,3,0,0,0,Violation Driver 1,Rear End,17:18,5.0,5
644272,CR-0000082614,2,0,0,0,Violation Driver 1,Rear End,22:35,5.0,5
644273,CR-0000082621,0,1,0,0,Violation Driver 1,Vehicle/Pedestrian,13:14,5.0,8
644274,CR-0000082626,0,0,1,0,Violation Driver 1,Hit Object,20:29,5.0,2
644287,CR-0000082466,0,0,0,0,Violation Driver 1,Sideswipe,08:30,5.0,6
644288,CR-0000082474,0,0,1,0,Violation Driver 1,Broadside,18:15,5.0,0
644289,CR-0000056202,0,0,0,0,Violation Driver 1,Head On,13:23,5.0,1
644290,CR-0000049398,1,0,0,0,Violation Driver 1,Rear End,04:03,5.0,5
644291,CR-0000082619,0,0,0,0,Unknown,Rear End,08:39,4.0,5
644292,CR-0000082625,1,0,0,0,Violation Driver 1,Sideswipe,14:55,5.0,6
644293,CR-0000082627,0,0,0,0,Unknown,Sideswipe,08:00,4.0,6
644294,CR-0000082637,0,0,0,0,Unknown,Rear End,07:00,4.0,5
644295,CR-0000082640,0,0,0,0,Unknown,Rear End,14:00,4.0,5
644296,CR-0000082642,0,0,0,0,Unknown,Other,17:05,4.0,3
644297,CR-0000082649,0,1,1,0,Violation Driver 1,Broadside,16:24,5.0,0
644298,CR-0000082655,0,0,0,0,Violation Driver 1,Sideswipe,00:15,5.0,6
644299,CR-0000082657,0,0,0,0,Violation Driver 1,Hit Object,01:03,5.0,2
644300,CR-0000082665,0,0,0,0,Violation Driver 1,Broadside,18:13,5.0,0
644303,CR-0000034087,0,0,0,0,Violation Driver 1,Other,07:21,5.0,3
644304,CR-0000031437,0,0,0,0,Unknown,Broadside,18:36,4.0,0
644305,CR-0000034208,0,0,0,0,Violation Driver 1,Other,06:30,5.0,3
644306,CR-0000031239,1,0,0,0,Unknown,Sideswipe,12:28,4.0,6
644307,CR-0000031340,1,0,0,0,Violation Driver 1,Head On,15:40,5.0,1
644308,CR-0000082635,0,0,0,0,Unknown,Sideswipe,19:45,4.0,6
644309,CR-0000082644,0,0,0,0,Violation Driver 1,Broadside,05:40,5.0,0
644315,CR-0000082629,0,0,0,0,Violation Driver 1,Head On,22:00,5.0,1
644316,CR-0000082632,0,0,0,0,Unknown,Broadside,13:15,4.0,0
644317,CR-0000082639,0,0,0,0,Unknown,Rear End,13:05,4.0,5
644318,CR-0000082641,0,0,0,0,Unknown,Broadside,18:50,4.0,0
644333,CR-0000031442,1,0,0,0,Unknown,Other,16:38,4.0,3
644335,CR-0000082643,0,0,0,0,Unknown,Other,13:15,4.0,3
644336,CR-0000082646,2,0,0,0,Violation Driver 1,Rear End,07:32,5.0,5
644340,CR-0000082476,1,0,0,0,Violation Driver 1,Sideswipe,19:30,5.0,6
644341,CR-0000082483,0,0,0,0,Violation Driver 1,Broadside,17:15,5.0,0
644342,CR-0000082485,1,0,0,0,Violation Driver 1,Rear End,18:25,5.0,5
644343,CR-0000082486,0,0,0,0,Violation Driver 1,Rear End,18:36,5.0,5
644344,CR-0000082493,0,0,0,0,Violation Driver 1,Head On,14:18,5.0,1
644345,CR-0000082495,0,0,0,0,Violation Driver 1,Rear End,00:10,5.0,5
644346,CR-0000082496,1,0,0,0,Violation Driver 1,Broadside,21:05,5.0,0
644347,CR-0000082647,2,0,0,0,Violation Driver 1,Head On,11:10,5.0,1
644348,CR-0000082651,1,0,0,0,Violation Driver 1,Vehicle/Bike,18:15,5.0,7
644349,CR-0000082653,0,1,0,0,Violation Driver 1,Hit Object,23:50,5.0,2
644350,CR-0000082656,0,1,1,0,Violation Driver 1,Broadside,00:24,5.0,0
644351,CR-0000082658,2,0,0,0,Violation Driver 1,Head On,09:39,5.0,1
644352,CR-0000082661,1,0,0,0,Violation Driver 1,Broadside,15:37,5.0,0
644353,CR-0000082668,0,1,0,0,Violation Driver 1,Broadside,23:55,5.0,0
644356,CR-0000030803,0,0,0,0,Unknown,Rear End,14:41,4.0,5
644358,CR-0000031307,0,0,0,0,Unknown,Broadside,16:50,4.0,0
644359,CR-0000082488,0,0,0,0,Violation Driver 1,Rear End,23:42,5.0,5
644360,CR-0000082494,0,0,0,0,Violation Driver 1,Rear End,15:58,5.0,5
644361,CR-0000082441,0,0,0,0,Violation Driver 1,Sideswipe,22:00,5.0,6
644362,CR-0000082498,0,0,0,0,Unknown,Rear End,15:46,4.0,5
644363,CR-0000082501,1,0,0,0,Violation Driver 1,Vehicle/Pedestrian,06:34,5.0,8
644364,CR-0000082505,1,0,0,0,Violation Driver 1,Sideswipe,13:42,5.0,6
644365,CR-0000082648,1,0,0,0,Violation Driver 1,Sideswipe,13:11,5.0,6
644366,CR-0000082654,1,0,0,0,Bike At Fault,Hit Object,19:36,0.0,2
644367,CR-0000082664,0,0,0,0,Violation Driver 1,Vehicle/Pedestrian,16:37,5.0,8
644368,CR-0000082674,0,0,0,0,Violation Driver 1,Rear End,17:57,5.0,5
644369,CR-0000082684,0,0,0,0,Violation Driver 1,Hit Object,02:30,5.0,2
644370,CR-0000082487,0,0,0,0,Violation Driver 1,Rear End,21:35,5.0,5
644371,CR-0000082497,0,0,1,0,Violation Driver 1,Head On,17:40,5.0,1
644382,CR-0000030683,0,0,0,0,Unknown,Rear End,14:47,4.0,5
644384,CR-0000082469,1,0,0,0,Violation Driver 1,Broadside,11:36,5.0,0