CrashFactId,Name,MinorInjuries,ModerateInjuries,SevereInjuries,FatalInjuries,PrimaryCollisionFactor,CollisionType,CrashTime,PrimaryCollisionFactor_Code,CollisionType_Code
644385,CR-0000082471,0,1,0,0,Violation Driver 1,Vehicle/Pedestrian,15:00,5.0,8
644386,CR-0000082473,0,0,0,0,Violation Driver 1,Rear End,16:57,5.0,5
644387,CR-0000082475,1,0,0,0,Violation Driver 1,Broadside,18:21,5.0,0
644388,CR-0000082479,0,0,0,0,Violation Driver 1,Sideswipe,07:50,5.0,6
644389,CR-0000082481,1,0,0,0,Violation Driver 2,Rear End,13:55,6.0,5
644390,CR-0000082482,1,0,0,0,Violation Driver 1,Sideswipe,16:51,5.0,6
644391,CR-0000082628,0,0,0,0,Violation Driver 1,Rear End,21:44,5.0,5
644392,CR-0000082630,0,0,0,0,Unknown,Sideswipe,15:00,4.0,6
644393,CR-0000082631,1,0,0,0,Unknown,Rear End,20:05,4.0,5
644394,CR-0000082633,0,0,0,0,Unknown,Rear End,10:35,4.0,5
644395,CR-0000082636,0,0,0,0,Unknown,Rear End,19:00,4.0,5
644396,CR-0000082638,0,0,0,0,Unknown,Rear End,17:00,4.0,5
644397,CR-0000082650,0,1,0,0,Violation Driver 1,Vehicle/Bike,16:52,5.0,7
644402,CR-0000056152,0,1,0,0,Bike At Fault,Broadside,17:45,0.0,0
644403,CR-0000054224,0,0,0,0,Violation Driver 1,Other,03:28,5.0,3
644404,CR-0000034094,1,1,0,0,Violation Driver 1,Head On,17:49,5.0,1
644413,CR-0000082652,0,0,1,0,Pedestrian At Fault,Vehicle/Pedestrian,19:09,3.0,8
644414,CR-0000082659,1,0,0,0,Violation Driver 1,Broadside,10:25,5.0,0
644420,CR-0000082671,0,2,0,0,Unknown,Broadside,08:15,4.0,0
644421,CR-0000082676,3,0,0,0,Violation Driver 1,Sideswipe,18:51,5.0,6
644422,CR-0000082507,0,0,1,0,Unknown,Hit Object,21:54,4.0,2
644423,CR-0000048880,0,0,0,0,Violation Driver 1,Other,23:57,5.0,3
644429,CR-0000082500,0,0,0,0,Unknown,Rear End,12:30,4.0,5
644430,CR-0000082502,1,0,0,0,Violation Driver 1,Sideswipe,05:46,5.0,6
644431,CR-0000082504,2,1,0,0,Violation Driver 1,Broadside,08:49,5.0,0
644432,CR-0000082508,0,0,0,0,Unknown,Head On,08:05,4.0,1
644433,CR-0000082509,0,0,0,0,Unknown,Sideswipe,14:20,4.0,6
644436,CR-0000082660,1,0,0,0,Violation Driver 1,Broadside,14:42,5.0,0
644437,CR-0000082662,1,0,0,0,Violation Driver 1,Rear End,15:10,5.0,5
644438,CR-0000082663,0,1,0,0,Violation Driver 1,Rear End,16:31,5.0,5
644439,CR-0000082669,0,0,0,0,Violation Driver 1,Rear End,00:46,5.0,5
644440,CR-0000082670,0,0,1,0,Violation Driver 1,Hit Object,02:10,5.0,2
644442,CR-0000030876,2,0,0,0,Unknown,Broadside,16:50,4.0,0
644447,CR-0000030891,0,0,0,0,Unknown,Other,00:00,4.0,3
644448,CR-0000030888,1,0,0,0,Unknown,Broadside,09:13,4.0,0
644449,CR-0000082516,1,0,0,0,Violation Driver 1,Rear End,08:45,5.0,5
644450,CR-0000082524,0,0,0,0,Violation Driver 1,Rear End,22:35,5.0,5
644451,CR-0000082528,0,0,0,0,Unknown,Rear End,21:00,4.0,5
644452,CR-0000082529,0,0,0,0,Unknown,Sideswipe,15:50,4.0,6
644453,CR-0000082530,0,0,0,0,Unknown,Broadside,23:00,4.0,0
644454,CR-0000082532,0,0,0,0,Violation Driver 1,Rear End,00:38,5.0,5
644455,CR-0000082534,2,0,0,0,Violation Driver 1,Vehicle/Pedestrian,02:02,5.0,8
644456,CR-0000031205,0,0,0,0,Unknown,Head On,20:56,4.0,1
644457,CR-0000035780,0,0,0,0,Unknown,Other,01:30,4.0,3
644458,CR-0000055212,0,1,0,0,Violation Driver 1,Other,23:12,5.0,3
644463,CR-0000030684,1,0,0,0,Unknown,Rear End,15:37,4.0,5
644464,CR-0000082681,1,0,0,0,Violation Driver 1,Broadside,22:55,5.0,0
644465,CR-0000082683,0,0,0,0,Violation Driver 1,Hit Object,00:48,5.0,2
644466,CR-0000082686,0,0,0,0,Violation Driver 1,Rear End,10:39,5.0,5
644467,CR-0000082688,0,0,0,0,Violation Driver 1,Sideswipe,13:55,5.0,6
644468,CR-0000082691,0,0,0,0,Unknown,Hit Object,18:15,4.0,2
644474,CR-0000031192,0,0,0,0,Violation Driver 1,Other,06:09,5.0,3
644475,CR-0000031358,2,0,0,0,Unknown,Broadside,12:56,4.0,0
644476,CR-0000031469,0,0,0,0,Unknown,Broadside,16:16,4.0,0
644477,CR-0000082672,0,0,0,0,Violation Driver 1,Broadside,14:55,5.0,0
644478,CR-0000082673,0,0,0,0,Violation Driver 1,Sideswipe,02:40,5.0,6
644479,CR-0000082678,1,0,0,0,Violation Driver 1,Sideswipe,21:36,5.0,6
644480,CR-0000082679,0,1,0,0,Violation Driver 1,Vehicle/Bike,22:00,5.0,7
644481,CR-0000082680,0,0,0,0,Violation Driver 1,Sideswipe,23:52,5.0,6
644482,CR-0000082682,1,0,0,0,Violation Driver 1,Hit Object,23:12,5.0,2
644483,CR-0000082689,0,0,0,0,Violation Driver 1,Hit Object,14:02,5.0,2
644484,CR-0000082489,0,0,0,0,Unknown,Vehicle/Pedestrian,00:00,4.0,8
644485,CR-0000082491,0,0,0,0,Unknown,Broadside,09:57,4.0,0
644486,CR-0000082492,1,0,0,0,Violation Driver 1,Vehicle/Pedestrian,10:50,5.0,8
644487,CR-0000082499,0,0,0,0,Unknown,Rear End,19:20,4.0,5
644488,CR-0000082503,1,0,0,0,Violation Driver 1,Vehicle/Pedestrian,06:54,5.0,8
644489,CR-0000082510,0,0,0,0,Unknown,Broadside,08:20,4.0,0
644490,CR-0000082511,0,0,0,0,Unknown,Head On,20:20,4.0,1
644491,CR-0000082690,0,1,0,0,Violation Driver 1,Hit Object,14:14,5.0,2
644492,CR-0000082692,2,0,0,0,Violation Driver 1,Broadside,18:57,5.0,0
644493,CR-0000082699,1,0,0,0,Violation Driver 1,Sideswipe,12:26,5.0,6
644494,CR-0000082701,0,0,0,0,Violation Driver 1,Rear End,16:10,5.0,5
644495,CR-0000082702,0,0,1,0,Violation Driver 1,Rear End,16:31,5.0,5
644496,CR-0000082703,0,0,1,0,Violation Driver 1,Vehicle/Pedestrian,18:42,5.0,8
644497,CR-0000082705,1,0,0,0,Violation Driver 1,Sideswipe,20:21,5.0,6
644501,CR-0000030889,0,1,0,0,Unknown,Head On,07:48,4.0,1
644502,CR-0000034160,0,0,0,0,Unknown,Other,16:35,4.0,3
644503,CR-0000035496,1,0,0,0,Violation Driver 1,Rear End,13:40,5.0,5
644504,CR-0000032043,0,0,0,0,Unknown,Rear End,12:20,4.0,5
644505,CR-0000032024,0,0,0,0,Violation Driver 1,Other,08:16,5.0,3
644506,CR-0000082706,0,1,0,0,Violation Driver 1,Hit Object,01:52,5.0,2
644507,CR-0000082707,0,0,0,0,Violation Driver 1,Hit Object,02:54,5.0,2
644508,CR-0000082708,0,0,0,0,Violation Driver 1,Sideswipe,11:05,5.0,6
644509,CR-0000082719,0,0,0,0,Violation Driver 1,Hit Object,03:24,5.0,2
644510,CR-0000082721,0,0,0,0,Violation Driver 1,Rear End,10:30,5.0,5
644511,CR-0000082722,1,0,0,0,Violation Driver 1,Broadside,14:36,5.0,0
644512,CR-0000082723,0,0,0,0,Violation Driver 1,Sideswipe,14:46,5.0,6
644513,CR-0000034024,0,0,0,0,Violation Driver 1,Sideswipe,14:45,5.0,6
644514,CR-0000082538,1,0,0,0,Violation Driver 1,Head On,14:58,5.0,1
644515,CR-0000082539,1,0,0,0,Violation Driver 1,Hit Object,16:31,5.0,2
644516,CR-0000082543,1,0,0,0,Violation Driver 1,Broadside,20:07,5.0,0
644517,CR-0000082550,2,0,0,0,Violation Driver 1,Rear End,16:00,5.0,5
644518,CR-0000082551,0,0,0,0,Violation Driver 1,Sideswipe,01:05,5.0,6
644519,CR-0000082552,0,1,0,0,Violation Driver 1,Vehicle/Bike,08:17,5.0,7
644520,CR-0000082555,0,0,0,0,Violation Driver 1,Sideswipe,05:00,5.0,6
644521,CR-0000046046,0,0,0,0,Violation Driver 1,Other,01:15,5.0,3
644522,CR-0000036786,0,0,0,0,Violation Driver 1,Other,18:15,5.0,3
644523,CR-0000034291,1,0,0,0,Violation Driver 1,Rear End,16:09,5.0,5
644524,CR-0000031407,0,0,0,0,Violation Driver 1,Rear End,21:44,5.0,5
644525,CR-0000036771,0,0,0,0,Unknown,Head On,08:00,4.0,1
644526,CR-0000033286,0,0,0,0,Violation Driver 1,Other,00:00,5.0,3
644527,CR-0000031741,0,0,0,0,Violation Driver 1,Rear End,10:02,5.0,5
644528,CR-0000082557,1,0,0,0,Unknown,Sideswipe,08:17,4.0,6
644529,CR-0000082560,1,0,0,0,Violation Driver 1,Rear End,14:04,5.0,5
644530,CR-0000082562,0,0,0,1,Pedestrian At Fault,Vehicle/Pedestrian,16:51,3.0,8
644531,CR-0000082564,1,0,0,0,Violation Driver 1,Broadside,15:21,5.0,0
644532,CR-0000082565,1,0,0,0,Violation Driver 1,Broadside,15:30,5.0,0
644533,CR-0000082567,2,2,0,0,Violation Driver 1,Broadside,17:05,5.0,0
644534,CR-0000082570,0,0,1,0,Violation Driver 1,Broadside,18:51,5.0,0
644537,CR-0000082675,2,0,0,0,Violation Driver 1,Broadside,18:35,5.0,0
644538,CR-0000082677,2,0,0,0,Violation Driver 1,Broadside,19:00,5.0,0
644539,CR-0000082685,0,0,0,0,Violation Driver 1,Hit Object,03:18,5.0,2
644540,CR-0000082687,0,0,0,0,Violation Driver 1,Vehicle/Pedestrian,11:41,5.0,8
644541,CR-0000082695,0,0,0,0,Unknown,Rear End,22:37,4.0,5
644542,CR-0000082572,0,0,0,0,Violation Driver 1,Sideswipe,01:38,5.0,6
644543,CR-0000082575,0,0,0,0,Violation Driver 1,Sideswipe,03:55,5.0,6
644544,CR-0000082577,1,0,0,0,Violation Driver 1,Head On,17:17,5.0,1
644545,CR-0000082578,2,0,0,0,Violation Driver 1,Broadside,08:30,5.0,0
644546,CR-0000082579,0,0,1,0,Violation Driver 1,Rear End,01:45,5.0,5
644547,CR-0000082580,0,0,1,0,Violation Driver 1,Vehicle/Pedestrian,17:00,5.0,8
644548,CR-0000082581,0,0,0,0,Other Improper Driving,Head On,01:24,1.0,1
644549,CR-0000082697,2,0,0,0,Violation Driver 1,Head On,09:40,5.0,1
644550,CR-0000082704,1,0,0,0,Bike At Fault,Vehicle/Bike,19:39,0.0,7
644551,CR-0000082513,0,0,0,0,Unknown,Sideswipe,23:10,4.0,6
644552,CR-0000082520,1,0,0,0,Bike At Fault,Vehicle/Bike,17:23,0.0,7
644553,CR-0000082521,0,0,0,0,Violation Driver 1,Sideswipe,18:54,5.0,6
644554,CR-0000082522,0,0,0,0,Violation Driver 1,Rear End,21:00,5.0,5
644555,CR-0000082525,0,0,0,0,Violation Driver 1,Sideswipe,23:05,5.0,6
644558,CR-0000045994,0,0,0,0,Violation Driver 1,Other,03:54,5.0,3
644559,CR-0000056253,0,0,0,0,Violation Driver 1,Hit Object,19:21,5.0,2
644560,CR-0000035495,0,0,0,0,Unknown,Rear End,18:30,4.0,5
644561,CR-0000034445,0,0,0,0,Violation Driver 1,Other,22:00,5.0,3
644562,CR-0000082506,1,0,0,0,Violation Driver 1,Rear End,17:23,5.0,5
644563,CR-0000082527,1,0,0,0,Unknown,Vehicle/Pedestrian,18:00,4.0,8
644564,CR-0000082531,0,0,0,0,Violation Driver 1,Sideswipe,00:14,5.0,6
644565,CR-0000082711,1,0,0,0,Violation Driver 1,Rear End,14:20,5.0,5
644566,CR-0000082712,0,1,0,0,Violation Driver 1,Vehicle/Bike,16:05,5.0,7
644567,CR-0000082713,0,1,0,0,Pedestrian At Fault,Vehicle/Pedestrian,16:13,3.0,8
644568,CR-0000082715,1,0,0,0,Violation Driver 1,Vehicle/Bike,17:00,5.0,7
644569,CR-0000082716,0,1,0,0,Violation Driver 1,Vehicle/Pedestrian,18:49,5.0,8
644570,CR-0000082585,0,0,0,0,Violation Driver 1,Sideswipe,23:22,5.0,6
644571,CR-0000082587,0,0,0,0,Violation Driver 1,Head On,13:45,5.0,1
644572,CR-0000082590,0,0,0,0,Violation Driver 1,Sideswipe,17:05,5.0,6
644573,CR-0000082591,0,0,0,0,Unknown,Broadside,07:00,4.0,0
644574,CR-0000082592,0,0,0,0,Unknown,Rear End,13:20,4.0,5
644575,CR-0000082595,0,0,0,0,Unknown,Sideswipe,14:07,4.0,6
644576,CR-0000082597,0,0,0,0,Unknown,Sideswipe,20:27,4.0,6
644577,CR-0000082717,0,1,0,0,Violation Driver 1,Broadside,20:00,5.0,0
644578,CR-0000082718,0,0,0,0,Violation Driver 1,Rear End,23:45,5.0,5
644579,CR-0000082535,0,1,0,0,Violation Driver 1,Hit Object,03:38,5.0,2
644580,CR-0000082537,0,1,0,0,Violation Driver 1,Sideswipe,11:23,5.0,6
644581,CR-0000082540,0,2,0,0,Violation Driver 1,Head On,18:44,5.0,1
644582,CR-0000082542,0,1,0,0,Violation Driver 1,Rear End,19:27,5.0,5
644583,CR-0000082544,0,0,0,0,Unknown,Rear End,07:00,4.0,5
644584,CR-0000082548,1,0,0,0,Violation Driver 1,Broadside,12:10,5.0,0
644585,CR-0000082549,0,1,0,0,Violation Driver 1,Hit Object,14:02,5.0,2
644586,CR-0000045377,0,0,0,0,Violation Driver 1,Other,20:45,5.0,3
644587,CR-0000032025,0,0,0,0,Violation Driver 1,Other,10:22,5.0,3
644588,CR-0000033388,0,0,0,0,Unknown,Rear End,14:40,4.0,5
644589,CR-0000036779,1,0,0,0,Bike At Fault,Other,07:13,0.0,3
644590,CR-0000031693,0,0,0,0,Unknown,Rear End,17:05,4.0,5
644592,CR-0000033269,0,0,0,0,Violation Driver 1,Other,11:37,5.0,3
644593,CR-0000031676,0,0,0,0,Unknown,Broadside,07:30,4.0,0
644594,CR-0000031673,0,0,0,0,Unknown,Other,17:00,4.0,3
644596,CR-0000031725,0,0,0,0,Violation Driver 1,Rear End,00:21,5.0,5
644597,CR-0000033336,1,0,0,0,Violation Driver 1,Head On,09:02,5.0,1
644598,CR-0000034195,1,0,0,0,Violation Driver 1,Other,09:30,5.0,3
644599,CR-0000033304,1,0,0,0,Violation Driver 1,Rear End,19:19,5.0,5
644602,CR-0000031474,0,0,0,0,Unknown,Other,08:30,4.0,3
644603,CR-0000061958,1,0,0,0,Violation Driver 1,Head On,02:37,5.0,1
644609,CR-0000030718,2,0,0,0,Unknown,Sideswipe,08:09,4.0,6
644610,CR-0000082556,1,0,0,0,Violation Driver 1,Vehicle/Pedestrian,08:25,5.0,8
644611,CR-0000082561,1,0,0,0,Bike At Fault,Vehicle/Bike,15:32,0.0,7
644612,CR-0000082512,0,0,0,0,Unknown,Head On,18:07,4.0,1
644613,CR-0000082514,0,0,0,0,Violation Driver 1,Broadside,00:18,5.0,0
644614,CR-0000082518,2,0,0,0,Violation Driver 1,Broadside,13:35,5.0,0
644615,CR-0000082519,1,0,0,0,Violation Driver 1,Rear End,17:00,5.0,5
644616,CR-0000082526,0,0,0,0,Violation Driver 1,Sideswipe,17:00,5.0,6
644617,CR-0000082536,2,0,0,0,Unknown,Broadside,08:40,4.0,0
644618,CR-0000034078,2,0,0,0,Violation Driver 1,Rear End,16:06,5.0,5
644619,CR-0000034076,1,0,0,0,Violation Driver 1,Head On,23:30,5.0,1
644620,CR-0000034062,0,0,0,0,Violation Driver 1,Sideswipe,17:15,5.0,6
644621,CR-0000034058,0,1,0,0,Violation Driver 1,Other,14:31,5.0,3
644622,CR-0000031409,0,0,0,0,Unknown,Other,23:58,4.0,3
644623,CR-0000031487,0,2,0,0,Unknown,Rear End,07:24,4.0,5
644624,CR-0000034173,0,0,0,0,Violation Driver 1,Other,04:19,5.0,3
644626,CR-0000032040,0,0,0,0,Violation Driver 1,Other,15:12,5.0,3
644627,CR-0000032023,1,0,0,0,Violation Driver 1,Rear End,15:12,5.0,5
644628,CR-0000031406,1,1,0,0,Violation Driver 1,Head On,15:04,5.0,1
644629,CR-0000033403,0,1,0,0,Violation Driver 1,Other,08:09,5.0,3
644630,CR-0000033288,0,0,0,0,Bike At Fault,Other,22:02,0.0,3
644631,CR-0000031692,3,0,0,0,Violation Driver 1,Rear End,14:15,5.0,5
644633,CR-0000034261,1,0,0,0,Violation Driver 1,Rear End,16:47,5.0,5
644634,CR-0000033271,1,1,0,0,Violation Driver 1,Broadside,17:53,5.0,0
644636,CR-0000031709,0,0,1,0,Unknown,Broadside,17:47,4.0,0
644637,CR-0000033371,0,0,0,0,Violation Driver 1,Rear End,13:42,5.0,5
644638,CR-0000033619,0,0,0,0,Unknown,Head On,13:05,4.0,1
644639,CR-0000033320,0,0,0,0,Other Than Driver,Other,17:45,2.0,3
644640,CR-0000082566,0,0,0,0,Violation Driver 1,Head On,17:00,5.0,1
644641,CR-0000082571,0,0,0,0,Violation Driver 1,Hit Object,21:45,5.0,2
644642,CR-0000082586,0,0,0,0,Unknown,Rear End,14:00,4.0,5
644643,CR-0000082596,0,0,0,0,Violation Driver 1,Sideswipe,19:09,5.0,6
644644,CR-0000082604,0,0,0,0,Violation Driver 1,Hit Object,11:31,5.0,2
644647,CR-0000034178,1,0,0,0,Violation Driver 1,Other,15:47,5.0,3
644648,CR-0000061640,0,0,0,0,Violation Driver 1,Hit Object,06:10,5.0,2
644649,CR-0000082541,1,0,0,0,Pedestrian At Fault,Vehicle/Pedestrian,19:08,3.0,8
644650,CR-0000082545,0,0,0,0,Unknown,Broadside,00:30,4.0,0
644651,CR-0000082547,0,0,0,0,Violation Driver 1,Rear End,07:27,5.0,5
644652,CR-0000082553,2,0,0,0,Violation Driver 1,Broadside,09:11,5.0,0
644653,CR-0000082576,0,0,0,0,Unknown,Rear End,09:35,4.0,5
644654,CR-0000030606,0,0,0,0,Unknown,Rear End,14:50,4.0,5
644658,CR-0000054606,0,0,0,0,Violation Driver 1,Broadside,01:05,5.0,0
644659,CR-0000031788,0,0,0,0,Unknown,Other,23:19,4.0,3
644660,CR-0000031396,1,0,0,0,Unknown,Head On,21:50,4.0,1
644661,CR-0000082583,0,0,0,0,Violation Driver 1,Broadside,17:39,5.0,0
644662,CR-0000082593,0,0,0,0,Unknown,Rear End,10:30,4.0,5
644666,CR-0000030661,0,0,0,0,Unknown,Other,00:00,4.0,3
644668,CR-0000054185,0,0,0,0,Violation Driver 1,Other,23:26,5.0,3
644669,CR-0000054328,0,0,0,0,Violation Driver 1,Other,01:56,5.0,3
644674,CR-0000030670,0,0,0,0,Unknown,Rear End,14:00,4.0,5
644675,CR-0000082515,0,1,0,0,Pedestrian At Fault,Vehicle/Pedestrian,07:00,3.0,8
644676,CR-0000082517,0,0,0,0,Violation Driver 1,Broadside,09:30,5.0,0
644677,CR-0000082523,1,0,0,0,Violation Driver 1,Head On,21:47,5.0,1
644678,CR-0000082533,0,0,0,0,Violation Driver 1,Sideswipe,19:27,5.0,6
644679,CR-0000082546,0,0,0,0,Violation Driver 1,Sideswipe,06:20,5.0,6
644680,CR-0000082554,1,0,0,0,Violation Driver 1,Hit Object,11:56,5.0,2
644681,CR-0000082558,1,0,0,0,Violation Driver 1,Sideswipe,09:00,5.0,6
644682,CR-0000034241,0,0,0,0,Unknown,Rear End,07:50,4.0,5
644683,CR-0000034228,2,1,0,0,Violation Driver 1,Other,08:00,5.0,3
644684,CR-0000036784,0,0,0,0,Unknown,Rear End,07:55,4.0,5
644685,CR-0000036769,0,0,0,0,Unknown,Rear End,11:45,4.0,5
644686,CR-0000036761,2,0,0,0,Violation Driver 1,Broadside,11:18,5.0,0
644687,CR-0000036753,0,0,0,0,Violation Driver 1,Other,15:49,5.0,3
644688,CR-0000031691,0,0,0,0,Unknown,Other,06:42,4.0,3
644689,CR-0000031657,0,0,0,0,Violation Driver 1,Sideswipe,22:21,5.0,6
644690,CR-0000082559,0,0,0,0,Violation Driver 1,Head On,10:00,5.0,1
644691,CR-0000082563,0,0,0,0,Violation Driver 1,Hit Object,15:06,5.0,2
644692,CR-0000082568,0,0,0,0,Violation Driver 1,Rear End,22:39,5.0,5
644693,CR-0000082569,1,0,0,0,Violation Driver 1,Broadside,21:07,5.0,0
644694,CR-0000082573,0,0,0,0,Unknown,Rear End,09:00,4.0,5
644695,CR-0000082582,2,0,0,0,Violation Driver 1,Rear End,17:04,5.0,5
644696,CR-0000082584,0,0,0,0,Violation Driver 1,Rear End,18:23,5.0,5
644697,CR-0000082588,1,0,0,0,Violation Driver 1,Broadside,14:56,5.0,0
644698,CR-0000082589,0,0,0,0,Violation Driver 1,Sideswipe,16:10,5.0,6
644699,CR-0000082594,0,0,0,0,Unknown,Rear End,13:50,4.0,5
644700,CR-0000082598,0,0,0,0,Violation Driver 1,Rear End,22:15,5.0,5
644701,CR-0000082599,0,0,0,0,Violation Driver 1,Other,22:41,5.0,3
644702,CR-0000082600,0,0,0,0,Unknown,Rear End,11:42,4.0,5
644703,CR-0000082601,0,0,0,0,Violation Driver 1,Hit Object,00:30,5.0,2
644704,CR-0000031824,3,1,0,0,Unknown,Broadside,16:06,4.0,0
644705,CR-0000056399,0,0,0,0,Violation Driver 1,Hit Object,03:04,5.0,2
644712,CR-0000082725,0,0,0,0,Violation Driver 1,Sideswipe,18:45,5.0,6
644713,CR-0000082726,0,0,0,0,Violation Driver 1,Rear End,19:01,5.0,5
644714,CR-0000061512,0,1,0,0,Bike At Fault,Vehicle/Bike,19:41,0.0,7
644715,CR-0000082727,0,0,0,0,Violation Driver 1,Hit Object,00:16,5.0,2
644716,CR-0000082728,0,0,0,0,Violation Driver 1,Hit Object,01:41,5.0,2
644719,CR-0000035559,1,1,0,0,Violation Driver 1,Broadside,07:04,5.0,0
644720,CR-0000062166,0,0,0,0,Violation Driver 1,Sideswipe,18:52,5.0,6
644724,CR-0000031385,2,0,0,0,Unknown,Head On,13:44,4.0,1
644725,CR-0000031674,0,0,0,0,Unknown,Rear End,11:15,4.0,5
644726,CR-0000033369,0,0,0,0,Violation Driver 1,Broadside,20:16,5.0,0
644727,CR-0000053782,0,0,0,0,Violation Driver 1,Other,22:57,5.0,3
644733,CR-0000082694,0,0,0,0,Violation Driver 1,Hit Object,20:00,5.0,2
644734,CR-0000082700,0,1,0,0,Violation Driver 1,Broadside,12:42,5.0,0
644735,CR-0000082709,1,0,0,0,Violation Driver 1,Vehicle/Pedestrian,12:21,5.0,8
644736,CR-0000082714,0,0,0,0,Violation Driver 1,Rear End,17:12,5.0,5
644737,CR-0000082720,1,0,0,0,Violation Driver 1,Sideswipe,07:40,5.0,6
644738,CR-0000082730,1,0,0,0,Violation Driver 1,Vehicle/Bike,07:42,5.0,7
644739,CR-0000082741,0,0,0,0,Violation Driver 1,Hit Object,06:46,5.0,2
644740,CR-0000082602,1,0,0,0,Violation Driver 1,Broadside,07:20,5.0,0
644741,CR-0000082609,1,0,0,0,Unknown,Vehicle/Pedestrian,23:00,4.0,8
644747,CR-0000034102,1,0,0,0,Violation Driver 1,Rear End,17:14,5.0,5
644748,CR-0000034246,0,0,0,0,Violation Driver 1,Rear End,17:19,5.0,5
644749,CR-0000031259,0,0,0,0,Unknown,Other,22:00,4.0,3
644750,CR-0000034235,0,1,0,0,Violation Driver 1,Other,09:18,5.0,3
644751,CR-0000082607,0,0,0,0,Violation Driver 1,Broadside,20:25,5.0,0
644754,CR-0000082742,0,0,0,0,Violation Driver 1,Hit Object,07:05,5.0,2
644755,CR-0000082743,0,0,0,0,Unknown,Sideswipe,08:37,4.0,6
644756,CR-0000082745,1,0,0,0,Violation Driver 1,Sideswipe,12:35,5.0,6
644757,CR-0000082746,1,0,0,0,Violation Driver 1,Broadside,13:43,5.0,0
644758,CR-0000082747,0,0,0,0,Violation Driver 1,Sideswipe,18:30,5.0,6
644759,CR-0000082748,1,0,0,0,Violation Driver 1,Broadside,18:44,5.0,0
644760,CR-0000082759,1,0,0,0,Violation Driver 1,Hit Object,17:02,5.0,2
644767,CR-0000030656,0,0,0,0,Unknown,Other,16:46,4.0,3
644768,CR-0000030823,1,0,0,0,Violation Driver 1,Sideswipe,13:30,5.0,6
644769,CR-0000031376,0,1,0,0,Unknown,Other,07:30,4.0,3
644770,CR-0000031371,0,1,0,0,Unknown,Other,11:47,4.0,3
644771,CR-0000031324,0,0,0,0,Unknown,Other,14:30,4.0,3
644772,CR-0000031322,0,0,0,0,Unknown,Rear End,15:29,4.0,5
644773,CR-0000031151,0,0,0,0,Violation Driver 1,Rear End,00:26,5.0,5
644774,CR-0000082611,0,0,0,0,Violation Driver 1,Broadside,13:06,5.0,0
644775,CR-0000034185,1,0,0,0,Violation Driver 1,Other,09:31,5.0,3
644776,CR-0000036750,0,1,0,0,Violation Driver 1,Other,19:50,5.0,3
644792,CR-0000082605,0,0,0,0,Violation Driver 1,Sideswipe,16:54,5.0,6
644793,CR-0000082610,0,0,0,0,Violation Driver 1,Rear End,12:10,5.0,5
644794,CR-0000082612,0,0,0,0,Unknown,Other,10:00,4.0,3
644795,CR-0000034014,0,0,0,0,Violation Driver 1,Head On,14:39,5.0,1
644799,CR-0000082693,1,0,0,0,Violation Driver 1,Vehicle/Pedestrian,19:12,5.0,8
644800,CR-0000082696,1,0,0,0,Violation Driver 1,Sideswipe,04:07,5.0,6
644801,CR-0000082698,0,0,0,0,Violation Driver 1,Hit Object,13:20,5.0,2
644810,CR-0000082710,2,0,0,0,Violation Driver 1,Rear End,12:34,5.0,5
644811,CR-0000082724,1,0,0,0,Violation Driver 1,Head On,21:24,5.0,1
644812,CR-0000082749,0,0,0,0,Violation Driver 1,Head On,18:54,5.0,1
644813,CR-0000082751,0,0,0,0,Violation Driver 1,Rear End,22:30,5.0,5
644814,CR-0000036720,0,0,0,0,Violation Driver 1,Broadside,03:08,5.0,0
644815,CR-0000031258,0,0,0,0,Unknown,Other,19:00,4.0,3
644816,CR-0000034236,0,0,0,0,Unknown,Rear End,16:00,4.0,5
644817,CR-0000060462,0,1,0,0,Violation Driver 1,Vehicle/Pedestrian,16:35,5.0,8
644818,CR-0000082729,0,1,0,0,Violation Driver 1,Head On,06:05,5.0,1
644819,CR-0000082734,0,0,0,0,Violation Driver 1,Sideswipe,18:49,5.0,6
644820,CR-0000082739,2,2,0,0,Violation Driver 1,Broadside,23:36,5.0,0
644821,CR-0000082740,0,0,0,0,Unknown,Rear End,15:40,4.0,5
644822,CR-0000082754,0,0,0,0,Violation Driver 1,Sideswipe,07:50,5.0,6
644823,CR-0000082764,0,0,0,0,Violation Driver 1,Hit Object,23:50,5.0,2
644824,CR-0000031253,0,0,0,0,Unknown,Broadside,19:15,4.0,0
644825,CR-0000031235,0,0,0,0,Unknown,Head On,18:00,4.0,1
644826,CR-0000031212,1,0,0,0,Unknown,Broadside,11:10,4.0,0
644827,CR-0000081980,0,0,0,0,Violation Driver 1,Sideswipe,05:12,5.0,6
644828,CR-0000081981,0,0,0,0,Violation Driver 1,Sideswipe,05:57,5.0,6
644829,CR-0000081982,0,0,0,0,Violation Driver 1,Other,07:00,5.0,3
644830,CR-0000081984,0,1,0,0,Violation Driver 1,Vehicle/Pedestrian,21:09,5.0,8
644831,CR-0000034233,2,0,0,0,Violation Driver 1,Broadside,09:38,5.0,0
644832,CR-0000031412,0,0,0,0,Unknown,Sideswipe,14:59,4.0,6
644833,CR-0000031390,1,0,0,0,Violation Driver 1,Rear End,09:50,5.0,5
644835,CR-0000031362,0,0,0,0,Unknown,Other,07:30,4.0,3
644843,CR-0000082752,1,1,0,0,Violation Driver 1,Hit Object,22:35,5.0,2
644844,CR-0000082753,0,0,0,0,Violation Driver 1,Hit Object,01:31,5.0,2