CrashFactId,Name,MinorInjuries,ModerateInjuries,SevereInjuries,FatalInjuries,PrimaryCollisionFactor,CollisionType,CrashTime,PrimaryCollisionFactor_Code,CollisionType_Code
645297,CR-0000031622,0,0,0,0,Unknown,Other,12:03,4.0,3
645298,CR-0000031588,1,0,0,0,Violation Driver 1,Other,19:20,5.0,3
645299,CR-0000032068,0,0,0,0,Unknown,Broadside,07:30,4.0,0
645300,CR-0000032066,0,0,0,0,Violation Driver 1,Broadside,12:20,5.0,0
645301,CR-0000044059,0,0,0,0,Violation Driver 1,Other,18:09,5.0,3
645303,CR-0000079095,0,0,0,0,Violation Driver 1,Broadside,03:00,5.0,0
645304,CR-0000082855,0,0,0,0,Unknown,Hit Object,22:49,4.0,2
645305,CR-0000082862,0,2,0,0,Violation Driver 1,Broadside,18:59,5.0,0
645306,CR-0000082863,0,0,0,0,Violation Driver 1,Rear End,20:22,5.0,5
645307,CR-0000082865,0,0,0,0,Violation Driver 1,Sideswipe,21:23,5.0,6
645308,CR-0000082872,0,0,0,0,Violation Driver 1,Rear End,08:09,5.0,5
645309,CR-0000082873,0,0,0,0,Unknown,Hit Object,08:28,4.0,2
645310,CR-0000032394,0,0,0,0,Unknown,Other,15:00,4.0,3
645311,CR-0000038598,0,0,0,0,Violation Driver 1,Other,00:30,5.0,3
645312,CR-0000032343,1,0,0,0,Violation Driver 1,Head On,15:16,5.0,1
645313,CR-0000037385,0,0,0,0,Violation Driver 1,Other,21:35,5.0,3
645314,CR-0000031607,1,0,0,0,Unknown,Rear End,11:35,4.0,5
645315,CR-0000031305,0,0,0,0,Unknown,Rear End,09:51,4.0,5
645316,CR-0000038127,0,0,0,0,Violation Driver 1,Other,20:15,5.0,3
645317,CR-0000049401,1,0,0,0,Violation Driver 1,Broadside,12:01,5.0,0
645318,CR-0000082041,0,0,0,0,Violation Driver 1,Head On,17:45,5.0,1
645319,CR-0000082822,0,0,0,0,Unknown,Broadside,07:26,4.0,0
645320,CR-0000082823,0,0,0,0,Unknown,Sideswipe,22:00,4.0,6
645321,CR-0000082825,0,0,0,0,Unknown,Other,17:10,4.0,3
645322,CR-0000032505,0,0,0,0,Unknown,Head On,06:58,4.0,1
645323,CR-0000049035,0,1,0,0,Bike At Fault,Other,06:29,0.0,3
645330,CR-0000037414,0,0,0,0,Violation Driver 1,Broadside,17:34,5.0,0
645331,CR-0000032182,0,0,0,0,Unknown,Other,07:30,4.0,3
645332,CR-0000032169,0,0,0,0,Unknown,Rear End,14:30,4.0,5
645333,CR-0000032250,0,0,0,0,Unknown,Other,17:30,4.0,3
645334,CR-0000032249,0,0,1,0,Unknown,Other,07:42,4.0,3
645335,CR-0000032293,0,0,0,0,Violation Driver 1,Broadside,12:15,5.0,0
645336,CR-0000032645,0,0,0,0,Unknown,Rear End,15:10,4.0,5
645337,CR-0000035847,1,0,0,0,Violation Driver 1,Other,23:11,5.0,3
645342,CR-0000033991,1,0,0,0,Bike At Fault,Other,16:15,0.0,3
645343,CR-0000032292,0,0,0,0,Unknown,Sideswipe,23:00,4.0,6
645344,CR-0000037221,0,0,0,0,Violation Driver 1,Other,19:10,5.0,3
645345,CR-0000032411,0,0,0,0,Unknown,Other,16:50,4.0,3
645346,CR-0000032236,0,0,0,0,Unknown,Broadside,09:08,4.0,0
645347,CR-0000032429,3,1,0,0,Violation Driver 1,Head On,22:00,5.0,1
645348,CR-0000032342,0,1,0,0,Unknown,Other,14:15,4.0,3
645349,CR-0000032103,0,0,0,0,Unknown,Other,22:37,4.0,3
645350,CR-0000049570,0,0,0,0,Unknown,Other,13:50,4.0,3
645351,CR-0000044093,0,0,0,0,Violation Driver 1,Other,11:55,5.0,3
645352,CR-0000049306,4,1,0,0,Violation Driver 1,Broadside,09:25,5.0,0
645353,CR-0000049353,0,0,0,0,Unknown,Rear End,07:35,4.0,5
645354,CR-0000082032,0,0,0,0,Violation Driver 1,Broadside,11:13,5.0,0
645355,CR-0000082034,0,0,1,0,Violation Driver 1,Head On,13:34,5.0,1
645356,CR-0000082036,0,1,0,0,Violation Driver 1,Sideswipe,21:41,5.0,6
645357,CR-0000082048,0,0,0,0,Violation Driver 1,Rear End,11:15,5.0,5
645358,CR-0000082052,0,2,0,0,Violation Driver 1,Hit Object,15:32,5.0,2
645359,CR-0000082057,0,0,0,0,Violation Driver 1,Sideswipe,00:32,5.0,6
645360,CR-0000082062,0,0,0,0,Violation Driver 1,Broadside,10:14,5.0,0
645361,CR-0000082832,0,0,0,0,Violation Driver 1,Rear End,16:00,5.0,5
645362,CR-0000082843,0,0,1,0,Violation Driver 1,Vehicle/Pedestrian,15:15,5.0,8
645363,CR-0000082854,0,0,0,0,Unknown,Rear End,00:00,4.0,5
645364,CR-0000082858,0,0,0,0,Violation Driver 1,Broadside,15:12,5.0,0
645365,CR-0000082864,0,0,0,0,Violation Driver 1,Sideswipe,21:23,5.0,6
645366,CR-0000082868,0,0,0,0,Violation Driver 1,Sideswipe,16:00,5.0,6
645367,CR-0000082884,0,1,0,0,Violation Driver 1,Vehicle/Bike,08:18,5.0,7
645376,CR-0000032410,0,0,0,0,Unknown,Other,14:25,4.0,3
645377,CR-0000032409,0,0,0,0,Unknown,Rear End,07:50,4.0,5
645378,CR-0000031600,0,0,0,0,Unknown,Other,12:00,4.0,3
645379,CR-0000037301,0,0,0,0,Violation Driver 1,Rear End,15:25,5.0,5
645380,CR-0000050424,0,0,0,0,Unknown,Head On,14:45,4.0,1
645381,CR-0000049336,0,0,0,0,Violation Driver 1,Rear End,12:25,5.0,5
645382,CR-0000049334,1,1,0,0,Violation Driver 1,Broadside,11:15,5.0,0
645383,CR-0000082043,1,0,0,0,Violation Driver 1,Rear End,22:19,5.0,5
645384,CR-0000082045,0,0,0,0,Violation Driver 1,Hit Object,23:05,5.0,2
645385,CR-0000082049,1,0,0,0,Other Than Driver,Hit Object,12:10,2.0,2
645386,CR-0000082054,0,0,0,0,Violation Driver 1,Sideswipe,20:00,5.0,6
645387,CR-0000082056,0,1,0,0,Violation Driver 1,Rear End,22:35,5.0,5
645388,CR-0000082064,0,0,0,0,Violation Driver 1,Rear End,17:17,5.0,5
645390,CR-0000049371,0,0,0,0,Violation Driver 1,Other,18:00,5.0,3
645391,CR-0000049310,3,0,0,0,Violation Driver 1,Rear End,16:18,5.0,5
645393,CR-0000082871,0,1,0,0,Violation Driver 1,Rear End,00:02,5.0,5
645394,CR-0000082874,0,0,0,0,Violation Driver 1,Sideswipe,13:42,5.0,6
645395,CR-0000082877,1,0,0,0,Violation Driver 1,Sideswipe,11:47,5.0,6
645396,CR-0000082878,1,0,0,0,Violation Driver 1,Vehicle/Pedestrian,18:06,5.0,8
645397,CR-0000031306,0,0,0,0,Unknown,Other,21:30,4.0,3
645398,CR-0000031140,0,0,2,1,Unknown,Head On,20:51,4.0,1
645399,CR-0000044057,2,0,0,0,Violation Driver 1,Rear End,16:49,5.0,5
645400,CR-0000049369,0,0,0,0,Violation Driver 1,Other,17:16,5.0,3
645401,CR-0000062123,0,0,0,0,Violation Driver 1,Head On,02:11,5.0,1
645410,CR-0000030655,0,0,0,0,Unknown,Rear End,21:30,4.0,5
645411,CR-0000082880,0,0,0,0,Unknown,Broadside,22:30,4.0,0
645412,CR-0000082887,1,0,0,0,Violation Driver 1,Sideswipe,15:38,5.0,6
645413,CR-0000082889,0,0,0,0,Violation Driver 1,Rear End,18:30,5.0,5
645414,CR-0000082890,0,0,0,0,Unknown,Sideswipe,02:20,4.0,6
645415,CR-0000082891,0,0,0,0,Violation Driver 1,Sideswipe,03:36,5.0,6
645416,CR-0000082896,1,0,0,0,Bike At Fault,Vehicle/Bike,11:27,0.0,7
645417,CR-0000082897,2,0,0,0,Violation Driver 1,Broadside,12:14,5.0,0
645418,CR-0000082886,0,0,0,0,Violation Driver 1,Rear End,15:10,5.0,5
645419,CR-0000082899,0,1,0,0,Violation Driver 1,Sideswipe,16:13,5.0,6
645420,CR-0000082905,1,0,0,0,Violation Driver 1,Broadside,17:37,5.0,0
645435,CR-0000045401,0,1,0,0,Violation Driver 1,Other,00:04,5.0,3
645436,CR-0000037185,1,0,0,0,Violation Driver 1,Other,11:31,5.0,3
645437,CR-0000082060,1,0,0,0,Violation Driver 1,Broadside,05:55,5.0,0
645438,CR-0000082061,0,0,0,0,Violation Driver 1,Hit Object,09:14,5.0,2
645439,CR-0000082063,0,1,0,0,Pedestrian At Fault,Vehicle/Pedestrian,12:55,3.0,8
645442,CR-0000082900,0,0,0,0,Violation Driver 1,Sideswipe,19:30,5.0,6
645443,CR-0000082901,0,0,0,0,Violation Driver 1,Rear End,21:30,5.0,5
645444,CR-0000082902,0,0,0,0,Violation Driver 1,Sideswipe,21:48,5.0,6
645445,CR-0000082903,0,0,0,0,Violation Driver 1,Sideswipe,00:48,5.0,6
645446,CR-0000082909,1,0,0,0,Violation Driver 1,Broadside,22:16,5.0,0
645447,CR-0000082920,0,0,0,0,Violation Driver 1,Sideswipe,00:26,5.0,6
645448,CR-0000082921,0,0,0,0,Violation Driver 1,Sideswipe,01:55,5.0,6
645461,CR-0000030946,0,0,0,0,Unknown,Rear End,12:00,4.0,5
645463,CR-0000049419,0,0,0,0,Violation Driver 1,Other,00:59,5.0,3
645464,CR-0000082923,1,0,0,0,Violation Driver 1,Rear End,15:25,5.0,5
645465,CR-0000082925,0,0,0,0,Violation Driver 1,Hit Object,17:18,5.0,2
645466,CR-0000082928,1,0,0,0,Violation Driver 1,Hit Object,01:54,5.0,2
645467,CR-0000082929,0,0,0,0,Violation Driver 1,Rear End,17:06,5.0,5
645468,CR-0000082069,1,0,0,0,Unknown,Broadside,14:35,4.0,0
645469,CR-0000082070,0,0,0,0,Violation Driver 1,Hit Object,15:07,5.0,2
645470,CR-0000082071,1,0,0,0,Violation Driver 1,Rear End,18:00,5.0,5
645471,CR-0000082073,0,0,0,0,Violation Driver 1,Broadside,17:36,5.0,0
645474,CR-0000030804,0,0,0,0,Unknown,Other,14:45,4.0,3
645475,CR-0000082930,0,0,1,0,Violation Driver 1,Rear End,10:27,5.0,5
645476,CR-0000082931,1,0,0,0,Violation Driver 1,Sideswipe,10:31,5.0,6
645477,CR-0000082932,1,0,0,0,Violation Driver 1,Sideswipe,14:33,5.0,6
645478,CR-0000082933,0,0,0,0,Violation Driver 1,Sideswipe,14:11,5.0,6
645479,CR-0000082939,1,0,0,0,Violation Driver 1,Sideswipe,06:41,5.0,6
645480,CR-0000082945,0,0,0,0,Violation Driver 1,Rear End,15:20,5.0,5
645481,CR-0000082947,2,0,0,0,Violation Driver 1,Head On,16:25,5.0,1
645482,CR-0000082875,0,0,0,0,Violation Driver 1,Sideswipe,22:22,5.0,6
645483,CR-0000082883,0,0,0,0,Violation Driver 1,Broadside,02:10,5.0,0
645484,CR-0000082885,0,0,0,0,Violation Driver 1,Sideswipe,11:00,5.0,6
645485,CR-0000082892,0,1,0,0,Violation Driver 1,Sideswipe,05:58,5.0,6
645486,CR-0000082893,0,1,0,0,Violation Driver 1,Rear End,06:30,5.0,5
645487,CR-0000082895,0,1,0,0,Unknown,Sideswipe,10:41,4.0,6
645488,CR-0000082904,0,0,0,0,Other Than Driver,Rear End,21:00,2.0,5
645489,CR-0000082954,0,0,0,0,Unknown,Rear End,17:30,4.0,5
645490,CR-0000082956,0,0,0,0,Unknown,Sideswipe,21:00,4.0,6
645491,CR-0000082952,0,0,0,0,Unknown,Sideswipe,18:30,4.0,6
645492,CR-0000082047,0,1,0,0,Unknown,Broadside,10:31,4.0,0
645493,CR-0000082055,0,0,0,0,Violation Driver 1,Sideswipe,21:00,5.0,6
645494,CR-0000082058,0,0,0,0,Violation Driver 1,Hit Object,00:57,5.0,2
645495,CR-0000082065,1,0,0,0,Violation Driver 1,Broadside,16:48,5.0,0
645496,CR-0000082075,0,0,0,0,Violation Driver 1,Broadside,17:36,5.0,0
645497,CR-0000082088,0,0,0,0,Violation Driver 1,Broadside,11:40,5.0,0
645498,CR-0000082098,0,0,0,0,Violation Driver 1,Hit Object,21:14,5.0,2
645502,CR-0000034001,0,0,0,0,Unknown,Other,08:20,4.0,3
645507,CR-0000044564,0,0,0,0,Violation Driver 1,Head On,20:59,5.0,1
645508,CR-0000082907,0,0,0,0,Violation Driver 1,Sideswipe,14:38,5.0,6
645509,CR-0000082908,0,0,0,0,Violation Driver 1,Hit Object,21:56,5.0,2
645510,CR-0000049384,1,0,0,0,Violation Driver 1,Rear End,13:42,5.0,5
645511,CR-0000049352,0,0,0,0,Unknown,Rear End,16:00,4.0,5
645512,CR-0000049259,0,0,0,0,Unknown,Other,22:00,4.0,3
645513,CR-0000049354,0,0,0,0,Unknown,Other,17:30,4.0,3
645514,CR-0000044007,0,0,0,0,Violation Driver 1,Other,23:32,5.0,3
645517,CR-0000032498,0,0,0,0,Violation Driver 1,Other,01:10,5.0,3
645518,CR-0000032493,0,0,0,0,Unknown,Sideswipe,19:04,4.0,6
645519,CR-0000031271,1,0,0,0,Violation Driver 1,Broadside,22:14,5.0,0
645520,CR-0000034339,0,0,0,0,Violation Driver 1,Rear End,09:22,5.0,5
645521,CR-0000082927,0,0,0,0,Violation Driver 1,Rear End,01:13,5.0,5
645522,CR-0000082962,0,0,0,0,Violation Driver 1,Rear End,14:32,5.0,5
645523,CR-0000082964,0,0,1,0,Violation Driver 1,Hit Object,18:18,5.0,2
645525,CR-0000082906,1,0,0,0,Violation Driver 1,Rear End,12:58,5.0,5
645526,CR-0000082915,1,2,0,0,Violation Driver 1,Broadside,01:12,5.0,0
645527,CR-0000082917,0,0,0,0,Violation Driver 1,Other,12:15,5.0,3
645528,CR-0000082918,0,2,0,0,Violation Driver 1,Vehicle/Pedestrian,14:23,5.0,8
645529,CR-0000082922,3,0,0,0,Violation Driver 1,Broadside,09:26,5.0,0
645530,CR-0000082924,0,0,0,0,Violation Driver 1,Hit Object,15:36,5.0,2
645531,CR-0000082940,1,0,0,0,Violation Driver 1,Rear End,07:53,5.0,5
645532,CR-0000082066,1,0,0,0,Violation Driver 1,Vehicle/Pedestrian,17:55,5.0,8
645533,CR-0000082068,1,0,0,0,Violation Driver 1,Broadside,13:00,5.0,0
645534,CR-0000082074,0,1,0,0,Violation Driver 1,Sideswipe,17:48,5.0,6
645535,CR-0000082076,0,0,0,0,Violation Driver 1,Broadside,22:23,5.0,0
645536,CR-0000082078,0,1,0,0,Violation Driver 1,Rear End,02:49,5.0,5
645537,CR-0000082082,1,0,0,0,Violation Driver 1,Hit Object,09:35,5.0,2
645538,CR-0000049277,2,0,0,0,Violation Driver 1,Sideswipe,18:02,5.0,6
645539,CR-0000082888,1,0,0,0,Violation Driver 1,Broadside,16:00,5.0,0
645540,CR-0000082894,0,1,1,0,Violation Driver 1,Broadside,09:00,5.0,0
645541,CR-0000082898,0,0,0,0,Violation Driver 1,Rear End,15:42,5.0,5
645542,CR-0000082910,0,1,0,0,Unknown,Vehicle/Pedestrian,21:00,4.0,8
645543,CR-0000082911,0,0,0,0,Unknown,Broadside,20:00,4.0,0
645544,CR-0000082912,1,0,0,0,Unknown,Broadside,18:05,4.0,0
645545,CR-0000082913,0,0,0,0,Violation Driver 1,Rear End,16:43,5.0,5
645560,CR-0000082972,0,0,0,0,Unknown,Sideswipe,16:30,4.0,6
645561,CR-0000082973,0,0,1,0,Unknown,Sideswipe,12:37,4.0,6
645562,CR-0000082974,0,1,0,0,Bike At Fault,Vehicle/Bike,13:33,0.0,7
645563,CR-0000082979,0,0,0,0,Other Than Driver,Other,09:06,2.0,3
645564,CR-0000031791,0,0,0,0,Violation Driver 1,Broadside,21:31,5.0,0
645565,CR-0000032646,0,1,0,0,Violation Driver 1,Other,05:35,5.0,3
645566,CR-0000032643,0,0,0,0,Unknown,Other,14:30,4.0,3
645567,CR-0000082914,0,0,0,0,Violation Driver 1,Rear End,22:17,5.0,5
645568,CR-0000082916,0,0,0,0,Violation Driver 1,Hit Object,22:33,5.0,2
645569,CR-0000082938,0,0,0,0,Violation Driver 1,Rear End,01:40,5.0,5
645570,CR-0000082950,0,0,0,0,Violation Driver 1,Rear End,19:30,5.0,5
645571,CR-0000082951,0,0,0,0,Violation Driver 1,Sideswipe,21:58,5.0,6
645572,CR-0000082079,0,0,0,0,Violation Driver 1,Hit Object,03:26,5.0,2
645573,CR-0000082080,0,1,0,0,Violation Driver 1,Vehicle/Pedestrian,08:48,5.0,8
645574,CR-0000082084,1,0,0,0,Violation Driver 1,Vehicle/Pedestrian,17:16,5.0,8
645577,CR-0000030520,3,0,0,0,Violation Driver 1,Broadside,08:25,5.0,0
645579,CR-0000030824,0,0,0,0,Violation Driver 1,Head On,18:15,5.0,1
645580,CR-0000030772,0,0,0,0,Unknown,Broadside,08:08,4.0,0
645581,CR-0000032639,1,0,0,0,Violation Driver 1,Rear End,13:00,5.0,5
645582,CR-0000032444,1,0,0,0,Unknown,Other,05:50,4.0,3
645583,CR-0000032609,1,0,0,0,Unknown,Rear End,19:45,4.0,5
645584,CR-0000034466,3,0,0,0,Unknown,Broadside,10:30,4.0,0
645585,CR-0000032537,2,0,0,0,Violation Driver 1,Sideswipe,12:36,5.0,6
645586,CR-0000082103,1,0,0,0,Violation Driver 1,Vehicle/Bike,14:35,5.0,7
645587,CR-0000082105,2,0,0,0,Unknown,Broadside,14:55,4.0,0
645588,CR-0000082081,2,0,0,0,Violation Driver 1,Sideswipe,08:57,5.0,6
645589,CR-0000082083,0,1,0,0,Violation Driver 1,Sideswipe,14:05,5.0,6
645590,CR-0000082085,0,0,0,0,Violation Driver 1,Rear End,22:14,5.0,5
645591,CR-0000082089,0,0,0,0,Violation Driver 1,Rear End,17:05,5.0,5
645592,CR-0000082090,0,0,0,1,Violation Driver 1,Vehicle/Pedestrian,23:26,5.0,8
645593,CR-0000032194,1,0,0,0,Unknown,Head On,21:18,4.0,1
645594,CR-0000032491,0,0,0,0,Unknown,Sideswipe,08:52,4.0,6
645595,CR-0000032291,0,0,0,0,Unknown,Other,01:45,4.0,3
645596,CR-0000034269,0,0,0,0,Violation Driver 1,Rear End,07:15,5.0,5
645597,CR-0000034334,0,0,0,0,Violation Driver 1,Rear End,20:55,5.0,5
645598,CR-0000034266,0,0,0,0,Violation Driver 1,Other,06:47,5.0,3
645599,CR-0000032370,3,0,1,0,Violation Driver 1,Broadside,17:41,5.0,0
645600,CR-0000032451,0,0,0,0,Unknown,Other,16:00,4.0,3
645601,CR-0000082953,0,0,0,0,Unknown,Other,18:00,4.0,3
645602,CR-0000082955,0,0,0,0,Unknown,Rear End,12:00,4.0,5
645603,CR-0000082958,1,0,0,0,Bike At Fault,Vehicle/Bike,15:08,0.0,7
645604,CR-0000082959,0,0,0,0,Violation Driver 1,Head On,20:29,5.0,1
645605,CR-0000082960,0,0,0,0,Violation Driver 1,Rear End,22:30,5.0,5
645606,CR-0000082961,0,0,0,0,Violation Driver 1,Broadside,08:47,5.0,0
645607,CR-0000082963,1,0,0,0,Violation Driver 1,Rear End,17:00,5.0,5
645608,CR-0000082967,0,0,0,0,Violation Driver 1,Rear End,00:36,5.0,5
645609,CR-0000082968,0,0,0,0,Violation Driver 1,Sideswipe,10:06,5.0,6
645610,CR-0000082969,0,0,0,0,Violation Driver 1,Head On,09:00,5.0,1
645611,CR-0000082970,1,0,0,0,Violation Driver 1,Broadside,14:25,5.0,0
645612,CR-0000082971,0,1,0,0,Violation Driver 1,Rear End,18:34,5.0,5
645613,CR-0000082879,0,0,0,0,Unknown,Sideswipe,05:15,4.0,6
645614,CR-0000082881,0,0,0,0,Unknown,Sideswipe,19:50,4.0,6
645615,CR-0000082975,0,0,0,0,Violation Driver 1,Broadside,13:46,5.0,0
645616,CR-0000082977,0,0,1,0,Violation Driver 1,Vehicle/Bike,21:33,5.0,7
645617,CR-0000082978,0,0,0,0,Violation Driver 1,Broadside,06:24,5.0,0
645618,CR-0000082980,0,0,0,0,Violation Driver 1,Rear End,21:05,5.0,5
645619,CR-0000082981,0,0,0,0,Unknown,Hit Object,12:57,4.0,2
645620,CR-0000082983,0,1,0,0,Violation Driver 1,Vehicle/Pedestrian,19:48,5.0,8
645621,CR-0000082989,0,0,0,0,Violation Driver 1,Hit Object,02:06,5.0,2
645622,CR-0000032589,1,0,0,0,Violation Driver 1,Rear End,00:00,5.0,5
645623,CR-0000032573,3,0,0,0,Violation Driver 1,Broadside,15:23,5.0,0
645624,CR-0000037331,2,0,0,0,Violation Driver 1,Broadside,17:14,5.0,0
645625,CR-0000033984,0,0,0,0,Unknown,Other,12:30,4.0,3
645626,CR-0000032603,0,0,0,0,Unknown,Broadside,16:42,4.0,0
645627,CR-0000031072,0,0,0,0,Violation Driver 1,Other,18:15,5.0,3
645628,CR-0000032348,0,0,0,0,Violation Driver 1,Rear End,16:26,5.0,5
645629,CR-0000037381,1,0,0,0,Violation Driver 1,Other,19:15,5.0,3
645630,CR-0000032237,0,0,0,0,Unknown,Other,18:30,4.0,3
645631,CR-0000032339,2,2,0,0,Unknown,Broadside,13:53,4.0,0
645632,CR-0000032330,0,0,0,0,Unknown,Broadside,15:17,4.0,0
645633,CR-0000032320,1,0,0,0,Unknown,Rear End,13:43,4.0,5
645634,CR-0000031019,0,0,0,0,Unknown,Other,22:45,4.0,3
645635,CR-0000049009,2,0,0,0,Violation Driver 1,Rear End,17:13,5.0,5
645636,CR-0000053783,0,0,0,0,Violation Driver 1,Other,01:00,5.0,3
645637,CR-0000082114,0,0,0,0,Unknown,Rear End,17:40,4.0,5
645638,CR-0000082118,0,0,0,0,Violation Driver 1,Sideswipe,17:00,5.0,6
645639,CR-0000082119,0,0,0,0,Violation Driver 1,Hit Object,11:32,5.0,2
645640,CR-0000082120,0,0,0,0,Violation Driver 1,Broadside,12:20,5.0,0
645641,CR-0000082121,3,0,0,0,Violation Driver 1,Rear End,14:21,5.0,5
645642,CR-0000033345,0,0,0,0,Violation Driver 1,Other,17:45,5.0,3
645643,CR-0000032453,0,0,0,0,Unknown,Rear End,14:00,4.0,5
645644,CR-0000049286,0,0,0,0,Violation Driver 1,Other,04:33,5.0,3
645645,CR-0000032528,0,1,0,0,Violation Driver 1,Head On,11:47,5.0,1
645646,CR-0000031326,0,0,0,0,Unknown,Other,04:00,4.0,3
645647,CR-0000032511,0,1,0,0,Unknown,Other,11:01,4.0,3
645648,CR-0000031556,1,0,0,0,Unknown,Other,11:00,4.0,3
645649,CR-0000034407,1,0,0,0,Violation Driver 1,Broadside,13:33,5.0,0
645650,CR-0000039993,0,0,0,0,Violation Driver 1,Other,00:07,5.0,3
645651,CR-0000049441,0,1,0,0,Violation Driver 1,Other,12:45,5.0,3
645652,CR-0000052247,0,0,0,0,Violation Driver 1,Other,01:55,5.0,3
645654,CR-0000049435,0,0,0,0,Unknown,Other,17:15,4.0,3
645655,CR-0000037164,1,0,0,0,Violation Driver 1,Other,21:30,5.0,3
645656,CR-0000032162,0,0,0,0,Violation Driver 1,Other,01:40,5.0,3
645657,CR-0000032479,0,0,0,0,Unknown,Rear End,17:02,4.0,5
645658,CR-0000032402,0,0,0,0,Unknown,Broadside,12:00,4.0,0
645659,CR-0000032454,0,0,0,0,Unknown,Rear End,17:30,4.0,5
645660,CR-0000032395,1,0,0,0,Unknown,Rear End,11:30,4.0,5
645661,CR-0000082067,0,0,0,0,Violation Driver 1,Sideswipe,21:45,5.0,6
645662,CR-0000082072,0,0,0,0,Violation Driver 1,Sideswipe,20:57,5.0,6
645663,CR-0000082077,0,0,0,0,Violation Driver 1,Rear End,01:54,5.0,5
645664,CR-0000082097,0,1,0,0,Violation Driver 1,Hit Object,15:59,5.0,2
645665,CR-0000044074,0,1,0,0,Violation Driver 1,Broadside,15:05,5.0,0
645666,CR-0000044521,0,0,0,0,Violation Driver 1,Other,16:04,5.0,3
645667,CR-0000049284,1,0,0,0,Violation Driver 1,Broadside,23:14,5.0,0
645668,CR-0000049256,0,1,0,0,Bike At Fault,Other,17:58,0.0,3
645669,CR-0000049197,1,0,0,0,Violation Driver 1,Broadside,07:43,5.0,0
645670,CR-0000049365,0,0,0,0,Violation Driver 1,Sideswipe,15:38,5.0,6
645671,CR-0000049181,1,0,0,0,Violation Driver 1,Sideswipe,16:29,5.0,6
645672,CR-0000082102,0,0,0,0,Unknown,Other,20:43,4.0,3
645673,CR-0000082104,0,1,1,0,Unknown,Head On,14:43,4.0,1
645674,CR-0000082108,1,0,0,0,Violation Driver 1,Broadside,10:05,5.0,0
645675,CR-0000045197,0,0,0,0,Violation Driver 1,Other,12:23,5.0,3
645676,CR-0000043969,0,0,0,0,Unknown,Rear End,18:30,4.0,5
645677,CR-0000032593,1,0,0,0,Bike At Fault,Other,15:25,0.0,3
645678,CR-0000032494,0,0,0,0,Unknown,Sideswipe,17:09,4.0,6
645679,CR-0000032363,0,0,0,0,Unknown,Other,00:00,4.0,3
645680,CR-0000032419,0,0,0,0,Unknown,Rear End,10:00,4.0,5
645681,CR-0000034202,0,0,0,0,Unknown,Rear End,20:45,4.0,5
645682,CR-0000049278,0,0,0,0,Violation Driver 1,Rear End,18:51,5.0,5
645683,CR-0000049315,0,0,0,0,Violation Driver 1,Other,01:08,5.0,3
645684,CR-0000049254,0,0,0,0,Violation Driver 1,Other,15:02,5.0,3
645685,CR-0000032532,1,0,0,0,Unknown,Other,17:30,4.0,3
645686,CR-0000045125,0,0,0,0,Violation Driver 1,Other,16:05,5.0,3
645687,CR-0000037338,1,0,0,0,Violation Driver 1,Broadside,14:05,5.0,0
645688,CR-0000049440,0,0,0,0,Violation Driver 1,Other,11:24,5.0,3
645689,CR-0000049421,0,0,0,0,Violation Driver 1,Other,08:49,5.0,3
645690,CR-0000034368,0,0,0,0,Violation Driver 1,Rear End,20:24,5.0,5
645691,CR-0000034285,0,0,0,0,Violation Driver 1,Rear End,07:05,5.0,5
645692,CR-0000037392,0,0,0,0,Violation Driver 1,Other,04:12,5.0,3
645693,CR-0000031058,0,0,0,0,Violation Driver 1,Rear End,07:49,5.0,5
645694,CR-0000031007,0,0,0,0,Violation Driver 1,Rear End,20:40,5.0,5
645695,CR-0000034559,2,0,0,0,Violation Driver 1,Rear End,10:11,5.0,5
645696,CR-0000032510,3,0,0,0,Violation Driver 1,Broadside,15:31,5.0,0
645697,CR-0000034430,0,1,0,0,Pedestrian At Fault,Other,09:49,3.0,3
645698,CR-0000034550,1,0,0,0,Violation Driver 1,Rear End,08:25,5.0,5
645699,CR-0000049566,0,0,0,0,Violation Driver 1,Rear End,15:34,5.0,5
645700,CR-0000031083,0,0,0,0,Unknown,Other,16:29,4.0,3
645701,CR-0000032354,1,0,0,0,Unknown,Other,18:59,4.0,3
645702,CR-0000031051,0,0,0,0,Unknown,Head On,22:15,4.0,1
645703,CR-0000032586,0,0,0,0,Violation Driver 1,Broadside,17:30,5.0,0
645704,CR-0000032585,0,0,0,0,Violation Driver 1,Broadside,18:04,5.0,0
645705,CR-0000031201,0,0,0,0,Unknown,Rear End,19:04,4.0,5
645706,CR-0000037440,1,0,0,0,Violation Driver 1,Head On,13:10,5.0,1
645707,CR-0000049094,0,0,0,0,Unknown,Other,09:45,4.0,3
645708,CR-0000049026,0,0,0,0,Violation Driver 1,Head On,18:45,5.0,1
645709,CR-0000061966,0,0,0,0,Violation Driver 1,Hit Object,13:59,5.0,2
645714,CR-0000033502,0,0,0,0,Unknown,Other,20:30,4.0,3
645715,CR-0000034706,0,1,0,0,Violation Driver 1,Other,18:21,5.0,3
645716,CR-0000032650,0,0,0,0,Violation Driver 2,Other,03:37,6.0,3
645717,CR-0000033485,0,0,0,0,Violation Driver 1,Broadside,21:19,5.0,0
645718,CR-0000031049,0,0,0,0,Unknown,Broadside,19:35,4.0,0
645719,CR-0000039250,0,0,0,0,Violation Driver 1,Other,05:49,5.0,3