CrashFactId,Name,MinorInjuries,ModerateInjuries,SevereInjuries,FatalInjuries,PrimaryCollisionFactor,CollisionType,CrashTime,PrimaryCollisionFactor_Code,CollisionType_Code
646187,CR-0000082137,0,0,0,0,Violation Driver 1,Hit Object,15:23,5.0,2
646188,CR-0000082142,0,0,0,0,Violation Driver 1,Sideswipe,14:00,5.0,6
646189,CR-0000082144,1,0,0,0,Unknown,Broadside,18:35,4.0,0
646190,CR-0000082148,0,0,0,0,Violation Driver 1,Rear End,12:11,5.0,5
646191,CR-0000082149,0,0,0,0,Violation Driver 1,Hit Object,15:32,5.0,2
646195,CR-0000082123,0,0,0,0,Violation Driver 1,Rear End,10:06,5.0,5
646196,CR-0000082130,0,0,0,0,Violation Driver 1,Hit Object,03:31,5.0,2
646197,CR-0000082131,0,0,0,0,Violation Driver 1,Rear End,05:15,5.0,5
646198,CR-0000082133,0,1,0,0,Other Improper Driving,Rear End,10:52,1.0,5
646199,CR-0000049382,0,0,0,0,Violation Driver 1,Head On,12:33,5.0,1
646200,CR-0000044129,0,0,0,0,Unknown,Head On,21:58,4.0,1
646201,CR-0000049338,0,0,0,0,Violation Driver 1,Broadside,20:45,5.0,0
646202,CR-0000049293,0,0,0,0,Violation Driver 1,Other,10:03,5.0,3
646203,CR-0000049289,1,0,0,0,Violation Driver 1,Rear End,08:55,5.0,5
646204,CR-0000083095,0,0,0,0,Unknown,Sideswipe,20:40,4.0,6
646205,CR-0000083100,0,0,0,0,Unknown,Sideswipe,04:11,4.0,6
646206,CR-0000083101,0,0,0,0,Unknown,Sideswipe,23:15,4.0,6
646207,CR-0000083103,0,0,0,0,Unknown,Rear End,14:15,4.0,5
646208,CR-0000083105,0,0,0,0,Unknown,Sideswipe,08:00,4.0,6
646209,CR-0000083106,0,0,0,0,Unknown,Rear End,18:05,4.0,5
646210,CR-0000083110,1,0,1,0,Violation Driver 1,Broadside,05:14,5.0,0
646211,CR-0000083111,1,0,0,0,Violation Driver 1,Sideswipe,08:06,5.0,6
646217,CR-0000035647,0,1,0,0,Violation Driver 1,Other,20:21,5.0,3
646218,CR-0000034086,0,0,0,0,Violation Driver 1,Other,08:50,5.0,3
646219,CR-0000032190,0,0,0,0,Unknown,Rear End,18:31,4.0,5
646220,CR-0000048958,0,1,0,0,Pedestrian At Fault,Other,23:23,3.0,3
646221,CR-0000045539,0,1,0,0,Violation Driver 1,Other,14:46,5.0,3
646222,CR-0000034318,0,0,0,0,Violation Driver 1,Other,02:10,5.0,3
646223,CR-0000032211,0,0,0,0,Unknown,Rear End,19:20,4.0,5
646224,CR-0000033611,0,0,0,0,Violation Driver 1,Other,01:48,5.0,3
646225,CR-0000031273,0,0,0,0,Unknown,Other,14:55,4.0,3
646226,CR-0000031172,0,0,0,0,Violation Driver 1,Other,01:51,5.0,3
646227,CR-0000032464,0,0,0,0,Unknown,Broadside,16:10,4.0,0
646228,CR-0000032457,1,0,0,0,Violation Driver 1,Rear End,18:50,5.0,5
646229,CR-0000032632,0,0,0,0,Unknown,Sideswipe,08:49,4.0,6
646230,CR-0000032432,0,0,0,0,Unknown,Other,14:51,4.0,3
646231,CR-0000031242,1,0,0,0,Unknown,Head On,14:15,4.0,1
646232,CR-0000032512,0,0,0,0,Violation Driver 1,Broadside,13:50,5.0,0
646233,CR-0000083033,1,0,0,0,Violation Driver 1,Rear End,12:42,5.0,5
646234,CR-0000083035,0,0,0,0,Unknown,Broadside,07:30,4.0,0
646235,CR-0000083039,0,0,0,0,Violation Driver 1,Hit Object,16:47,5.0,2
646236,CR-0000083048,0,0,0,0,Violation Driver 1,Hit Object,21:57,5.0,2
646237,CR-0000083052,1,0,0,0,Violation Driver 1,Hit Object,05:45,5.0,2
646238,CR-0000083054,0,0,0,0,Violation Driver 2,Head On,16:36,6.0,1
646239,CR-0000083062,0,0,0,0,Violation Driver 1,Sideswipe,08:55,5.0,6
646248,CR-0000083064,1,0,0,0,Violation Driver 1,Broadside,12:15,5.0,0
646249,CR-0000083066,0,1,0,0,Violation Driver 1,Sideswipe,15:10,5.0,6
646250,CR-0000083072,0,1,0,0,Violation Driver 1,Broadside,15:30,5.0,0
646251,CR-0000083074,0,0,0,0,Unknown,Sideswipe,00:45,4.0,6
646252,CR-0000083076,0,0,0,0,Violation Driver 1,Hit Object,13:00,5.0,2
646253,CR-0000083085,2,0,0,0,Violation Driver 1,Broadside,16:03,5.0,0
646254,CR-0000083094,0,0,0,0,Unknown,Sideswipe,11:00,4.0,6
646255,CR-0000083096,1,1,0,0,Violation Driver 1,Rear End,21:00,5.0,5
646256,CR-0000082135,0,0,0,0,Violation Driver 1,Rear End,12:40,5.0,5
646257,CR-0000082147,0,1,0,0,Violation Driver 1,Vehicle/Bike,17:53,5.0,7
646258,CR-0000082156,0,0,0,0,Violation Driver 1,Hit Object,01:07,5.0,2
646259,CR-0000049300,0,0,0,0,Unknown,Head On,17:00,4.0,1
646260,CR-0000049298,2,0,0,0,Violation Driver 1,Sideswipe,21:20,5.0,6
646261,CR-0000049282,1,1,0,0,Violation Driver 1,Rear End,20:58,5.0,5
646262,CR-0000083373,0,1,0,0,Violation Driver 1,Hit Object,13:51,5.0,2
646263,CR-0000082150,3,1,0,0,Violation Driver 1,Broadside,16:00,5.0,0
646264,CR-0000082151,0,1,0,0,Pedestrian At Fault,Vehicle/Pedestrian,19:24,3.0,8
646265,CR-0000082153,0,0,0,0,Violation Driver 1,Sideswipe,21:33,5.0,6
646266,CR-0000082155,0,0,0,0,Violation Driver 1,Hit Object,00:22,5.0,2
646267,CR-0000044111,0,1,0,0,Violation Driver 1,Head On,18:55,5.0,1
646268,CR-0000049291,0,0,0,0,Violation Driver 1,Broadside,09:29,5.0,0
646269,CR-0000083365,1,0,0,0,Violation Driver 1,Broadside,16:37,5.0,0
646270,CR-0000083375,0,1,0,0,Violation Driver 1,Broadside,11:08,5.0,0
646271,CR-0000083384,0,1,0,0,Violation Driver 1,Broadside,01:32,5.0,0
646272,CR-0000083390,0,0,0,0,Violation Driver 1,Sideswipe,13:34,5.0,6
646273,CR-0000048960,0,0,0,0,Unknown,Head On,11:55,4.0,1
646274,CR-0000034167,1,0,0,0,Violation Driver 1,Other,18:05,5.0,3
646275,CR-0000035935,0,0,0,0,Violation Driver 1,Sideswipe,18:20,5.0,6
646276,CR-0000032186,0,0,0,0,Unknown,Other,19:50,4.0,3
646277,CR-0000034384,0,0,0,0,Unknown,Other,18:15,4.0,3
646278,CR-0000032002,1,0,0,0,Violation Driver 1,Sideswipe,18:32,5.0,6
646279,CR-0000032000,0,0,0,0,Violation Driver 1,Other,01:32,5.0,3
646280,CR-0000030994,0,0,0,0,Unknown,Rear End,18:00,4.0,5
646281,CR-0000083123,0,0,1,0,Violation Driver 1,Sideswipe,11:44,5.0,6
646282,CR-0000083130,0,0,0,0,Violation Driver 1,Hit Object,15:00,5.0,2
646283,CR-0000083131,0,1,0,0,Violation Driver 1,Vehicle/Bike,21:48,5.0,7
646284,CR-0000083143,1,0,0,0,Violation Driver 1,Rear End,12:19,5.0,5
646285,CR-0000083145,2,0,0,0,Violation Driver 1,Broadside,13:51,5.0,0
646286,CR-0000083146,2,0,0,0,Violation Driver 1,Rear End,16:18,5.0,5
646287,CR-0000083152,2,0,0,0,Violation Driver 1,Sideswipe,04:17,5.0,6
646288,CR-0000082163,0,0,0,0,Violation Driver 1,Rear End,22:00,5.0,5
646289,CR-0000082165,2,0,0,0,Violation Driver 1,Rear End,15:54,5.0,5
646290,CR-0000082166,1,0,0,0,Violation Driver 1,Broadside,16:30,5.0,0
646291,CR-0000082173,1,0,0,0,Violation Driver 1,Broadside,12:29,5.0,0
646292,CR-0000082175,1,0,0,0,Violation Driver 1,Rear End,13:02,5.0,5
646293,CR-0000082176,1,0,0,0,Violation Driver 1,Rear End,00:16,5.0,5
646294,CR-0000082186,0,0,0,0,Violation Driver 1,Hit Object,08:27,5.0,2
646295,CR-0000083154,0,2,0,0,Violation Driver 1,Broadside,10:39,5.0,0
646296,CR-0000083158,3,0,0,0,Violation Driver 1,Head On,18:57,5.0,1
646297,CR-0000083159,1,0,0,0,Violation Driver 1,Hit Object,22:42,5.0,2
646298,CR-0000083370,0,0,0,0,Unknown,Sideswipe,19:30,4.0,6
646299,CR-0000083371,0,0,0,0,Unknown,Rear End,09:43,4.0,5
646300,CR-0000083372,0,0,0,0,Unknown,Sideswipe,10:42,4.0,6
646301,CR-0000083374,0,0,1,0,Violation Driver 1,Hit Object,00:05,5.0,2
646302,CR-0000083387,0,0,0,0,Violation Driver 1,Broadside,04:46,5.0,0
646303,CR-0000083388,1,0,0,0,Violation Driver 1,Hit Object,05:17,5.0,2
646304,CR-0000083389,0,0,0,0,Violation Driver 1,Rear End,09:42,5.0,5
646305,CR-0000083391,0,0,0,0,Violation Driver 1,Sideswipe,17:51,5.0,6
646306,CR-0000083394,0,0,0,0,Violation Driver 1,Broadside,23:28,5.0,0
646307,CR-0000083401,0,0,0,0,Violation Driver 1,Hit Object,05:52,5.0,2
646308,CR-0000083403,0,0,0,0,Unknown,Sideswipe,15:15,4.0,6
646309,CR-0000083405,0,0,1,0,Pedestrian At Fault,Vehicle/Pedestrian,20:30,3.0,8
646310,CR-0000083132,0,0,0,0,Violation Driver 1,Sideswipe,17:46,5.0,6
646311,CR-0000083137,0,1,1,0,Violation Driver 1,Broadside,12:40,5.0,0
646312,CR-0000083140,0,0,0,0,Violation Driver 1,Broadside,16:57,5.0,0
646313,CR-0000083141,0,1,0,0,Violation Driver 1,Rear End,16:33,5.0,5
646314,CR-0000083156,0,1,0,0,Pedestrian At Fault,Vehicle/Pedestrian,17:27,3.0,8
646315,CR-0000083163,1,0,0,0,Violation Driver 1,Rear End,12:55,5.0,5
646316,CR-0000083166,0,0,0,0,Violation Driver 1,Hit Object,19:47,5.0,2
646317,CR-0000082160,1,0,0,0,Violation Driver 1,Vehicle/Pedestrian,14:17,5.0,8
646318,CR-0000082161,0,0,0,0,Violation Driver 1,Rear End,15:04,5.0,5
646319,CR-0000083366,0,0,0,0,Violation Driver 1,Broadside,16:40,5.0,0
646320,CR-0000083367,0,0,1,0,Violation Driver 1,Hit Object,17:15,5.0,2
646321,CR-0000083376,0,0,0,0,Violation Driver 1,Sideswipe,16:44,5.0,6
646322,CR-0000083377,0,0,0,0,Violation Driver 1,Sideswipe,17:40,5.0,6
646323,CR-0000083380,0,0,0,0,Violation Driver 1,Sideswipe,21:39,5.0,6
646324,CR-0000083381,0,0,0,0,Violation Driver 1,Sideswipe,21:43,5.0,6
646325,CR-0000083382,0,0,0,0,Violation Driver 1,Sideswipe,22:01,5.0,6
646326,CR-0000083098,0,0,0,0,Unknown,Rear End,10:45,4.0,5
646327,CR-0000083113,0,0,0,0,Violation Driver 1,Sideswipe,11:18,5.0,6
646328,CR-0000083115,0,1,0,0,Violation Driver 1,Vehicle/Pedestrian,11:34,5.0,8
646329,CR-0000083116,0,1,0,0,Unknown,Vehicle/Pedestrian,16:44,4.0,8
646330,CR-0000083124,0,0,0,0,Violation Driver 1,Sideswipe,20:26,5.0,6
646331,CR-0000083128,0,1,0,0,Violation Driver 1,Broadside,12:43,5.0,0
646332,CR-0000031475,0,0,0,0,Unknown,Head On,15:00,4.0,1
646333,CR-0000034010,1,0,0,0,Violation Driver 1,Head On,16:54,5.0,1
646334,CR-0000045410,0,0,0,0,Violation Driver 1,Other,03:16,5.0,3
646335,CR-0000049275,1,0,0,0,Violation Driver 1,Broadside,13:35,5.0,0
646336,CR-0000083368,0,1,0,0,Violation Driver 1,Other,18:27,5.0,3
646337,CR-0000083369,4,0,0,0,Violation Driver 1,Head On,19:01,5.0,1
646338,CR-0000083378,1,1,0,0,Violation Driver 1,Vehicle/Pedestrian,18:02,5.0,8
646339,CR-0000082128,0,0,0,0,Violation Driver 1,Sideswipe,19:26,5.0,6
646340,CR-0000082170,1,0,0,0,Violation Driver 1,Vehicle/Bike,19:32,5.0,7
646341,CR-0000082171,1,0,0,0,Violation Driver 1,Rear End,20:56,5.0,5
646342,CR-0000082180,0,1,0,0,Violation Driver 1,Broadside,12:50,5.0,0
646343,CR-0000082181,0,1,0,0,Pedestrian At Fault,Vehicle/Pedestrian,18:00,3.0,8
646344,CR-0000082183,0,1,0,0,Violation Driver 1,Rear End,21:15,5.0,5
646345,CR-0000035937,0,0,0,0,Unknown,Other,18:51,4.0,3
646346,CR-0000035676,0,1,0,0,Violation Driver 1,Other,10:16,5.0,3
646347,CR-0000082136,0,1,0,0,Violation Driver 1,Broadside,13:04,5.0,0
646348,CR-0000082140,1,0,1,0,Unknown,Broadside,00:21,4.0,0
646349,CR-0000082141,0,1,0,0,Violation Driver 1,Rear End,07:06,5.0,5
646350,CR-0000082143,0,0,0,0,Violation Driver 1,Hit Object,17:30,5.0,2
646351,CR-0000082145,0,0,0,1,Violation Driver 1,Hit Object,22:31,5.0,2
646352,CR-0000082152,0,0,0,0,Violation Driver 1,Hit Object,21:15,5.0,2
646353,CR-0000082158,0,0,0,0,Violation Driver 1,Broadside,14:58,5.0,0
646354,CR-0000083125,2,0,0,0,Violation Driver 1,Rear End,14:27,5.0,5
646355,CR-0000083126,0,0,0,0,Violation Driver 1,Rear End,11:26,5.0,5
646356,CR-0000083133,0,1,1,0,Violation Driver 1,Broadside,12:20,5.0,0
646357,CR-0000083135,0,0,0,0,Violation Driver 1,Broadside,15:47,5.0,0
646358,CR-0000083136,0,0,0,0,Violation Driver 1,Hit Object,19:34,5.0,2
646359,CR-0000083144,0,1,0,0,Violation Driver 1,Broadside,18:31,5.0,0
646360,CR-0000083148,0,1,0,0,Violation Driver 1,Sideswipe,16:45,5.0,6
646361,CR-0000082159,1,0,0,0,Violation Driver 1,Rear End,14:06,5.0,5
646362,CR-0000082164,0,1,0,0,Violation Driver 1,Hit Object,22:39,5.0,2
646363,CR-0000082168,0,0,0,0,Violation Driver 1,Sideswipe,17:01,5.0,6
646364,CR-0000082169,1,0,0,0,Bike At Fault,Vehicle/Bike,17:50,0.0,7
646365,CR-0000082174,0,0,0,0,Violation Driver 1,Hit Object,05:31,5.0,2
646366,CR-0000082178,0,0,0,0,Violation Driver 1,Broadside,01:04,5.0,0
646367,CR-0000082179,0,0,0,0,Violation Driver 1,Hit Object,04:02,5.0,2
646368,CR-0000083164,0,1,0,0,Violation Driver 1,Other,22:49,5.0,3
646369,CR-0000083168,2,2,0,0,Violation Driver 1,Broadside,16:38,5.0,0
646370,CR-0000083169,0,0,0,0,Violation Driver 1,Sideswipe,10:40,5.0,6
646371,CR-0000083174,0,0,0,0,Violation Driver 1,Sideswipe,03:00,5.0,6
646372,CR-0000083392,0,0,1,0,Violation Driver 1,Hit Object,21:04,5.0,2
646373,CR-0000083393,0,0,0,0,Violation Driver 1,Sideswipe,22:47,5.0,6
646374,CR-0000083395,0,0,0,0,Unknown,Rear End,17:50,4.0,5
646375,CR-0000083383,1,1,0,0,Violation Driver 1,Head On,22:55,5.0,1
646376,CR-0000083385,1,0,0,0,Violation Driver 1,Rear End,14:15,5.0,5
646377,CR-0000083396,0,0,0,0,Unknown,Other,16:30,4.0,3
646378,CR-0000083397,0,0,0,0,Violation Driver 1,Rear End,09:04,5.0,5
646379,CR-0000083402,0,0,0,0,Violation Driver 1,Rear End,08:18,5.0,5
646380,CR-0000083408,0,1,0,0,Violation Driver 1,Vehicle/Bike,17:04,5.0,7
646381,CR-0000083417,0,1,0,0,Violation Driver 2,Sideswipe,16:45,6.0,6
646382,CR-0000083407,0,2,0,0,Violation Driver 1,Broadside,12:34,5.0,0
646383,CR-0000083409,0,0,0,0,Unknown,Rear End,10:53,4.0,5
646384,CR-0000083413,0,0,0,0,Violation Driver 1,Rear End,10:37,5.0,5
646385,CR-0000083415,0,0,0,0,Violation Driver 1,Rear End,00:00,5.0,5
646386,CR-0000034219,0,0,0,0,Violation Driver 1,Rear End,14:41,5.0,5
646387,CR-0000032367,0,0,0,0,Unknown,Other,13:54,4.0,3
646388,CR-0000031546,0,0,0,0,Unknown,Broadside,11:00,4.0,0
646389,CR-0000033428,0,0,0,0,Violation Driver 1,Rear End,12:40,5.0,5
646390,CR-0000035919,0,0,0,0,Violation Driver 1,Broadside,23:55,5.0,0
646391,CR-0000035678,1,0,0,0,Other Than Driver,Other,21:20,2.0,3
646392,CR-0000034402,1,0,0,0,Violation Driver 2,Other,22:03,6.0,3
646393,CR-0000034283,0,0,0,0,Unknown,Rear End,07:30,4.0,5
646394,CR-0000032213,0,0,0,0,Unknown,Other,08:47,4.0,3
646395,CR-0000049012,2,0,0,0,Violation Driver 1,Head On,20:43,5.0,1
646396,CR-0000082129,0,0,0,0,Violation Driver 1,Sideswipe,01:27,5.0,6
646397,CR-0000082132,0,0,0,0,Violation Driver 1,Rear End,07:21,5.0,5
646398,CR-0000082134,1,0,0,0,Violation Driver 1,Vehicle/Pedestrian,10:57,5.0,8
646399,CR-0000082138,0,0,0,0,Violation Driver 1,Broadside,16:50,5.0,0
646400,CR-0000082139,0,0,0,0,Unknown,Rear End,11:10,4.0,5
646401,CR-0000082146,0,0,0,0,Violation Driver 1,Sideswipe,03:22,5.0,6
646404,CR-0000034153,0,0,0,0,Violation Driver 1,Broadside,18:44,5.0,0
646405,CR-0000035950,0,0,0,0,Violation Driver 1,Sideswipe,15:40,5.0,6
646406,CR-0000034099,1,0,0,0,Violation Driver 1,Other,07:36,5.0,3
646407,CR-0000032202,0,0,0,0,Unknown,Other,18:12,4.0,3
646408,CR-0000035615,1,0,0,0,Violation Driver 1,Rear End,13:45,5.0,5
646409,CR-0000033396,0,0,0,0,Violation Driver 1,Sideswipe,10:35,5.0,6
646410,CR-0000083129,0,0,0,0,Violation Driver 1,Sideswipe,01:15,5.0,6
646411,CR-0000083134,0,0,0,0,Violation Driver 1,Sideswipe,21:39,5.0,6
646412,CR-0000083138,0,0,0,0,Violation Driver 1,Rear End,18:15,5.0,5
646413,CR-0000083139,0,0,0,0,Violation Driver 1,Hit Object,07:04,5.0,2
646414,CR-0000083142,1,0,0,0,Violation Driver 1,Hit Object,20:19,5.0,2
646415,CR-0000083147,2,0,0,0,Violation Driver 1,Rear End,17:39,5.0,5
646416,CR-0000083150,1,2,0,0,Violation Driver 1,Head On,17:24,5.0,1
646417,CR-0000034397,0,0,0,0,Violation Driver 1,Rear End,08:40,5.0,5
646418,CR-0000033297,3,0,0,0,Violation Driver 1,Rear End,17:05,5.0,5
646419,CR-0000034381,0,0,0,0,Violation Driver 1,Rear End,12:35,5.0,5
646420,CR-0000032001,0,2,0,0,Violation Driver 1,Rear End,18:32,5.0,5
646421,CR-0000032252,1,0,0,0,Violation Driver 1,Head On,22:58,5.0,1
646422,CR-0000032272,2,0,0,0,Violation Driver 1,Other,18:10,5.0,3
646423,CR-0000034270,1,0,0,0,Violation Driver 1,Head On,07:23,5.0,1
646424,CR-0000032379,0,0,0,0,Unknown,Head On,22:37,4.0,1
646425,CR-0000083379,2,0,0,0,Violation Driver 1,Rear End,21:06,5.0,5
646426,CR-0000083386,0,0,0,0,Violation Driver 1,Sideswipe,01:02,5.0,6
646427,CR-0000083399,0,0,0,0,Other Than Driver,Rear End,16:16,2.0,5
646428,CR-0000083400,0,0,0,0,Violation Driver 1,Hit Object,04:08,5.0,2
646429,CR-0000083398,0,0,1,0,Violation Driver 1,Head On,13:44,5.0,1
646430,CR-0000083404,0,0,0,0,Violation Driver 1,Sideswipe,16:19,5.0,6
646431,CR-0000083406,1,0,0,0,Unknown,Rear End,11:45,4.0,5
646432,CR-0000083151,0,0,0,0,Violation Driver 1,Head On,21:28,5.0,1
646433,CR-0000083153,1,0,0,0,Violation Driver 2,Rear End,10:00,6.0,5
646434,CR-0000083155,0,1,0,0,Violation Driver 1,Hit Object,17:17,5.0,2
646435,CR-0000083160,1,0,0,0,Violation Driver 1,Broadside,18:45,5.0,0
646436,CR-0000083161,1,0,0,0,Violation Driver 1,Sideswipe,17:17,5.0,6
646437,CR-0000083170,0,0,0,0,Violation Driver 1,Rear End,11:44,5.0,5
646438,CR-0000083171,1,0,0,0,Violation Driver 1,Rear End,11:51,5.0,5
646439,CR-0000082157,0,0,0,0,Violation Driver 1,Hit Object,04:24,5.0,2
646440,CR-0000082162,0,0,0,0,Violation Driver 1,Rear End,16:34,5.0,5
646441,CR-0000082167,0,0,0,0,Violation Driver 1,Sideswipe,16:20,5.0,6
646442,CR-0000082172,0,0,0,0,Violation Driver 1,Sideswipe,22:01,5.0,6
646443,CR-0000082177,1,0,0,0,Violation Driver 1,Head On,01:06,5.0,1
646444,CR-0000082187,0,0,0,0,Violation Driver 1,Sideswipe,02:15,5.0,6
646445,CR-0000081025,0,0,0,0,Violation Driver 1,Broadside,05:55,5.0,0
646446,CR-0000083412,0,0,0,0,Unknown,Vehicle/Bike,12:45,4.0,7
646447,CR-0000083416,0,0,0,0,Violation Driver 1,Hit Object,18:05,5.0,2
646448,CR-0000083418,2,0,0,0,Violation Driver 1,Head On,14:08,5.0,1
646449,CR-0000083420,0,1,0,0,Violation Driver 1,Broadside,23:36,5.0,0
646450,CR-0000083421,0,0,0,0,Violation Driver 1,Rear End,13:04,5.0,5
646451,CR-0000083423,0,0,0,0,Violation Driver 1,Head On,07:54,5.0,1
646452,CR-0000035910,2,0,0,0,Violation Driver 1,Rear End,18:56,5.0,5
646453,CR-0000034353,0,0,0,0,Violation Driver 1,Rear End,19:30,5.0,5
646454,CR-0000034319,0,0,0,0,Violation Driver 1,Other,23:05,5.0,3
646455,CR-0000032233,0,0,0,0,Unknown,Rear End,20:05,4.0,5
646456,CR-0000032222,0,0,0,1,Unknown,Other,14:01,4.0,3
646457,CR-0000033610,0,0,0,0,Violation Driver 1,Other,01:54,5.0,3
646458,CR-0000083173,0,0,0,0,Violation Driver 1,Broadside,19:17,5.0,0
646459,CR-0000049179,0,0,0,0,Violation Driver 1,Other,15:27,5.0,3
646460,CR-0000049088,1,0,0,0,Unknown,Rear End,18:50,4.0,5
646467,CR-0000031513,0,0,0,0,Unknown,Other,00:00,4.0,3
646468,CR-0000034200,0,0,0,0,Violation Driver 1,Rear End,15:37,5.0,5
646469,CR-0000035805,0,1,0,0,Unknown,Other,16:05,4.0,3
646470,CR-0000035803,0,0,0,0,Violation Driver 1,Broadside,23:22,5.0,0
646471,CR-0000049160,0,0,0,0,Unknown,Head On,15:30,4.0,1
646472,CR-0000083178,0,0,0,0,Violation Driver 1,Head On,05:33,5.0,1
646473,CR-0000083179,1,0,0,0,Violation Driver 1,Sideswipe,13:36,5.0,6
646474,CR-0000083175,0,2,0,0,Violation Driver 1,Broadside,11:22,5.0,0
646475,CR-0000083176,0,0,0,0,Violation Driver 1,Sideswipe,21:57,5.0,6
646476,CR-0000083187,0,0,0,0,Violation Driver 1,Rear End,08:33,5.0,5
646477,CR-0000083190,0,0,0,0,Unknown,Broadside,09:27,4.0,0
646478,CR-0000083193,0,0,0,0,Violation Driver 1,Sideswipe,04:12,5.0,6
646479,CR-0000083195,0,1,0,0,Violation Driver 1,Head On,01:07,5.0,1
646480,CR-0000034169,0,1,0,0,Violation Driver 1,Other,17:15,5.0,3
646481,CR-0000083180,0,0,0,0,Violation Driver 1,Hit Object,10:10,5.0,2
646482,CR-0000083181,1,0,0,0,Violation Driver 1,Hit Object,20:34,5.0,2
646483,CR-0000083183,0,0,0,0,Violation Driver 1,Head On,22:12,5.0,1
646484,CR-0000083185,0,0,0,0,Violation Driver 1,Head On,00:09,5.0,1
646485,CR-0000083200,0,0,0,0,Violation Driver 1,Broadside,16:15,5.0,0
646486,CR-0000049159,0,0,0,0,Unknown,Other,14:45,4.0,3
646487,CR-0000049074,0,0,0,0,Violation Driver 1,Other,17:27,5.0,3
646488,CR-0000049262,0,0,0,0,Unknown,Other,00:00,4.0,3
646501,CR-0000083201,1,0,0,0,Violation Driver 1,Rear End,16:57,5.0,5
646502,CR-0000083204,0,0,0,0,Violation Driver 1,Rear End,22:40,5.0,5
646503,CR-0000083205,0,0,0,0,Violation Driver 1,Hit Object,14:17,5.0,2
646504,CR-0000083208,0,0,0,0,Unknown,Rear End,16:39,4.0,5
646505,CR-0000083050,0,0,0,0,Violation Driver 1,Head On,03:23,5.0,1
646506,CR-0000083079,0,0,0,0,Violation Driver 1,Hit Object,10:29,5.0,2
646507,CR-0000083220,0,0,0,0,Violation Driver 1,Broadside,22:00,5.0,0
646508,CR-0000083419,1,0,0,0,Violation Driver 1,Sideswipe,12:40,5.0,6
646509,CR-0000083422,0,0,0,0,Unknown,Rear End,03:00,4.0,5
646510,CR-0000083427,0,0,0,0,Violation Driver 1,Broadside,12:51,5.0,0
646511,CR-0000083437,0,0,0,0,Unknown,Sideswipe,17:15,4.0,6
646512,CR-0000083446,0,0,0,0,Violation Driver 1,Hit Object,23:29,5.0,2
646513,CR-0000083448,0,0,0,0,Unknown,Sideswipe,17:28,4.0,6
646514,CR-0000083450,0,0,0,0,Violation Driver 1,Rear End,19:42,5.0,5
646515,CR-0000082196,0,0,0,0,Unknown,Head On,10:15,4.0,1
646516,CR-0000082210,3,0,0,0,Violation Driver 1,Head On,14:55,5.0,1
646517,CR-0000082211,1,0,0,0,Violation Driver 1,Vehicle/Bike,15:35,5.0,7
646518,CR-0000082212,1,0,1,0,Violation Driver 1,Hit Object,23:57,5.0,2
646519,CR-0000082215,0,0,0,0,Violation Driver 1,Broadside,01:08,5.0,0
646520,CR-0000082216,0,0,0,0,Violation Driver 1,Rear End,01:48,5.0,5
646521,CR-0000082217,1,0,0,0,Violation Driver 1,Broadside,10:12,5.0,0
646522,CR-0000083451,0,0,0,0,Violation Driver 1,Rear End,06:30,5.0,5
646523,CR-0000083410,0,0,0,0,Unknown,Sideswipe,01:00,4.0,6
646524,CR-0000083411,0,0,0,0,Unknown,Sideswipe,01:30,4.0,6
646525,CR-0000083414,0,0,0,0,Violation Driver 1,Sideswipe,18:09,5.0,6
646526,CR-0000083429,0,0,0,0,Violation Driver 1,Sideswipe,20:27,5.0,6
646527,CR-0000083433,1,0,0,0,Violation Driver 1,Broadside,08:01,5.0,0
646528,CR-0000083435,0,0,0,0,Violation Driver 1,Hit Object,05:22,5.0,2
646529,CR-0000083439,0,0,0,0,Unknown,Sideswipe,21:40,4.0,6
646530,CR-0000082185,0,0,0,0,Violation Driver 1,Hit Object,01:45,5.0,2
646531,CR-0000081784,0,0,0,0,Violation Driver 1,Rear End,14:07,5.0,5
646532,CR-0000082190,0,0,0,0,Violation Driver 1,Hit Object,07:16,5.0,2
646533,CR-0000082191,0,0,0,0,Violation Driver 1,Rear End,11:10,5.0,5
646534,CR-0000082193,1,0,0,0,Violation Driver 1,Broadside,14:38,5.0,0
646535,CR-0000082195,0,0,0,0,Violation Driver 1,Sideswipe,18:45,5.0,6
646536,CR-0000082203,0,0,0,0,Violation Driver 1,Sideswipe,14:09,5.0,6
646537,CR-0000083442,0,0,0,0,Violation Driver 1,Hit Object,11:41,5.0,2
646538,CR-0000083447,0,0,0,0,Unknown,Sideswipe,16:30,4.0,6
646539,CR-0000083456,0,1,0,0,Violation Driver 1,Vehicle/Pedestrian,18:10,5.0,8
646540,CR-0000083458,0,0,0,0,Violation Driver 1,Hit Object,12:48,5.0,2
646541,CR-0000083462,0,0,0,0,Violation Driver 1,Sideswipe,22:18,5.0,6
646542,CR-0000083468,1,0,0,0,Violation Driver 1,Rear End,16:15,5.0,5
646543,CR-0000083466,1,0,0,0,Violation Driver 1,Rear End,23:34,5.0,5
646545,CR-0000083149,0,1,0,0,Violation Driver 1,Broadside,16:52,5.0,0