CrashFactId,Name,MinorInjuries,ModerateInjuries,SevereInjuries,FatalInjuries,PrimaryCollisionFactor,CollisionType,CrashTime,PrimaryCollisionFactor_Code,CollisionType_Code
650129,CR-0000044536,1,0,0,0,Violation Driver 1,Rear End,12:11,5.0,5
650130,CR-0000050583,1,0,0,0,Violation Driver 1,Rear End,15:39,5.0,5
650134,CR-0000078335,0,0,1,0,Violation Driver 1,Hit Object,02:54,5.0,2
650135,CR-0000085060,1,0,0,0,Unknown,Vehicle/Bike,07:25,4.0,7
650136,CR-0000085065,0,0,0,0,Violation Driver 1,Rear End,14:26,5.0,5
650137,CR-0000085055,0,0,0,0,Violation Driver 1,Hit Object,23:27,5.0,2
650138,CR-0000085077,0,0,0,0,Unknown,Rear End,12:30,4.0,5
650139,CR-0000033190,2,0,0,0,Violation Driver 1,Other,19:40,5.0,3
650140,CR-0000033168,0,0,0,0,Unknown,Other,15:20,4.0,3
650141,CR-0000033912,0,0,0,0,Violation Driver 1,Other,19:52,5.0,3
650142,CR-0000040130,0,0,0,0,Violation Driver 1,Rear End,17:08,5.0,5
650143,CR-0000034621,0,0,0,0,Unknown,Head On,03:30,4.0,1
650144,CR-0000033831,0,0,0,0,Violation Driver 1,Other,07:00,5.0,3
650145,CR-0000050726,0,0,0,0,Violation Driver 1,Sideswipe,10:38,5.0,6
650146,CR-0000051128,0,0,0,0,Unknown,Broadside,09:20,4.0,0
650147,CR-0000085429,0,0,0,0,Violation Driver 1,Rear End,10:28,5.0,5
650148,CR-0000085431,3,0,0,0,Violation Driver 1,Broadside,17:26,5.0,0
650149,CR-0000046709,0,0,0,0,Unknown,Head On,20:10,4.0,1
650150,CR-0000077926,0,0,1,0,Violation Driver 1,Hit Object,08:16,5.0,2
650151,CR-0000078044,0,1,0,0,Violation Driver 1,Other,17:26,5.0,3
650152,CR-0000036465,1,0,0,0,Violation Driver 1,Rear End,14:20,5.0,5
650153,CR-0000051012,0,1,0,0,Violation Driver 1,Other,17:59,5.0,3
650154,CR-0000051212,0,0,0,0,Unknown,Other,08:00,4.0,3
650156,CR-0000085433,0,0,1,0,Violation Driver 1,Hit Object,23:28,5.0,2
650157,CR-0000085435,0,0,0,0,Violation Driver 1,Head On,05:58,5.0,1
650158,CR-0000085439,0,0,0,0,Unknown,Hit Object,00:26,4.0,2
650159,CR-0000085442,2,0,0,0,Violation Driver 1,Broadside,14:33,5.0,0
650160,CR-0000085447,1,0,0,0,Violation Driver 1,Sideswipe,20:24,5.0,6
650161,CR-0000085082,0,0,0,0,Violation Driver 1,Sideswipe,20:44,5.0,6
650168,CR-0000078501,0,0,0,0,Violation Driver 1,Hit Object,04:55,5.0,2
650169,CR-0000033911,0,0,0,0,Unknown,Rear End,08:45,4.0,5
650170,CR-0000040126,0,0,0,0,Violation Driver 1,Other,16:16,5.0,3
650171,CR-0000035184,0,0,0,0,Violation Driver 1,Other,19:12,5.0,3
650172,CR-0000040284,0,0,0,0,Unknown,Rear End,17:45,4.0,5
650173,CR-0000033134,0,0,0,0,Violation Driver 1,Other,15:44,5.0,3
650174,CR-0000037461,1,0,0,0,Violation Driver 1,Other,16:57,5.0,3
650175,CR-0000051051,0,0,0,0,Violation Driver 1,Other,03:34,5.0,3
650176,CR-0000051028,0,0,0,0,Violation Driver 1,Other,22:58,5.0,3
650177,CR-0000051094,0,0,0,0,Violation Driver 1,Other,12:28,5.0,3
650178,CR-0000041639,0,0,0,0,Violation Driver 1,Other,01:50,5.0,3
650179,CR-0000050599,0,0,0,0,Violation Driver 1,Head On,14:58,5.0,1
650180,CR-0000051017,0,0,0,0,Unknown,Other,15:30,4.0,3
650181,CR-0000041626,1,0,0,0,Violation Driver 1,Other,15:20,5.0,3
650182,CR-0000051060,0,0,0,0,Violation Driver 1,Rear End,17:22,5.0,5
650183,CR-0000050586,1,0,0,0,Violation Driver 1,Rear End,19:45,5.0,5
650184,CR-0000044523,0,1,0,0,Violation Driver 1,Other,19:44,5.0,3
650185,CR-0000050312,1,0,0,0,Bike At Fault,Other,12:35,0.0,3
650186,CR-0000050311,2,0,0,0,Violation Driver 1,Rear End,07:34,5.0,5
650187,CR-0000050560,0,1,0,0,Violation Driver 1,Broadside,13:10,5.0,0
650191,CR-0000085384,0,0,0,0,Violation Driver 1,Sideswipe,22:30,5.0,6
650192,CR-0000085385,0,0,0,0,Violation Driver 1,Sideswipe,23:58,5.0,6
650193,CR-0000085381,1,0,0,0,Other Than Driver,Hit Object,14:46,2.0,2
650194,CR-0000085400,0,0,0,0,Violation Driver 1,Sideswipe,18:10,5.0,6
650195,CR-0000085404,1,0,0,0,Violation Driver 1,Rear End,01:58,5.0,5
650196,CR-0000085410,0,0,0,0,Violation Driver 1,Hit Object,23:16,5.0,2
650197,CR-0000085418,0,0,0,0,Unknown,Sideswipe,13:30,4.0,6
650198,CR-0000085049,0,0,0,0,Violation Driver 1,Sideswipe,16:00,5.0,6
650199,CR-0000085056,2,0,1,0,Violation Driver 1,Broadside,17:15,5.0,0
650200,CR-0000085058,0,0,0,0,Violation Driver 1,Sideswipe,08:49,5.0,6
650201,CR-0000085066,1,0,0,0,Violation Driver 1,Vehicle/Bike,15:04,5.0,7
650202,CR-0000085068,0,0,0,0,Violation Driver 1,Rear End,23:30,5.0,5
650203,CR-0000085070,0,0,0,0,Violation Driver 1,Head On,03:32,5.0,1
650204,CR-0000085071,0,0,0,0,Violation Driver 1,Hit Object,05:43,5.0,2
650205,CR-0000035916,0,0,0,0,Violation Driver 1,Rear End,23:00,5.0,5
650206,CR-0000037591,1,0,0,0,Unknown,Rear End,12:43,4.0,5
650207,CR-0000037588,0,0,0,0,Unknown,Other,10:13,4.0,3
650208,CR-0000037615,2,0,0,0,Violation Driver 1,Rear End,10:55,5.0,5
650209,CR-0000034918,1,0,0,0,Violation Driver 1,Head On,01:35,5.0,1
650210,CR-0000033125,0,1,0,0,Violation Driver 1,Head On,10:32,5.0,1
650211,CR-0000035699,0,0,0,0,Violation Driver 1,Rear End,16:54,5.0,5
650212,CR-0000050740,0,0,0,0,Unknown,Other,00:00,4.0,3
650213,CR-0000033169,0,0,0,0,Violation Driver 1,Other,18:00,5.0,3
650214,CR-0000040157,0,0,0,0,Violation Driver 1,Other,08:30,5.0,3
650215,CR-0000040246,0,0,0,0,Violation Driver 1,Other,18:10,5.0,3
650216,CR-0000040114,2,0,0,0,Violation Driver 1,Rear End,01:19,5.0,5
650217,CR-0000040112,1,0,0,0,Violation Driver 1,Other,07:43,5.0,3
650218,CR-0000051194,0,1,0,0,Violation Driver 1,Other,00:30,5.0,3
650219,CR-0000040148,0,0,0,0,Violation Driver 1,Other,01:49,5.0,3
650220,CR-0000033919,1,0,0,0,Bike At Fault,Other,08:10,0.0,3
650221,CR-0000033917,0,0,0,0,Unknown,Other,18:48,4.0,3
650222,CR-0000040239,0,0,0,0,Violation Driver 1,Other,12:32,5.0,3
650223,CR-0000034614,0,0,0,0,Violation Driver 1,Other,06:45,5.0,3
650224,CR-0000034607,1,0,0,0,Violation Driver 1,Broadside,19:16,5.0,0
650225,CR-0000033822,0,0,0,0,Unknown,Broadside,21:45,4.0,0
650226,CR-0000050133,0,0,0,0,Unknown,Other,09:35,4.0,3
650227,CR-0000045788,0,1,0,0,Violation Driver 1,Other,12:40,5.0,3
650228,CR-0000085073,0,0,0,0,Violation Driver 1,Hit Object,02:32,5.0,2
650229,CR-0000085075,2,0,0,0,Violation Driver 1,Rear End,09:50,5.0,5
650230,CR-0000085079,0,0,0,0,Unknown,Rear End,21:10,4.0,5
650233,CR-0000050708,0,0,0,0,Violation Driver 1,Other,02:31,5.0,3
650234,CR-0000085064,0,0,0,0,Violation Driver 1,Rear End,12:14,5.0,5
650235,CR-0000085078,0,0,0,0,Unknown,Broadside,17:30,4.0,0
650236,CR-0000085080,0,0,0,0,Unknown,Sideswipe,22:00,4.0,6
650237,CR-0000085081,0,0,0,0,Unknown,Rear End,21:00,4.0,5
650245,CR-0000035694,0,0,0,0,Unknown,Broadside,21:16,4.0,0
650246,CR-0000050729,1,0,0,0,Violation Driver 1,Broadside,16:35,5.0,0
650249,CR-0000051199,8,1,0,0,Violation Driver 1,Rear End,19:09,5.0,5
650250,CR-0000051074,1,0,0,0,Violation Driver 1,Rear End,13:38,5.0,5
650251,CR-0000050593,0,0,0,0,Unknown,Rear End,16:38,4.0,5
650252,CR-0000050582,0,0,0,0,Violation Driver 1,Rear End,12:55,5.0,5
650253,CR-0000040383,1,0,0,0,Violation Driver 1,Rear End,16:21,5.0,5
650254,CR-0000051141,0,1,0,0,Violation Driver 1,Other,07:47,5.0,3
650255,CR-0000051190,0,1,0,0,Bike At Fault,Other,23:39,0.0,3
650256,CR-0000051089,0,0,0,0,Violation Driver 1,Other,04:54,5.0,3
650257,CR-0000051170,0,0,0,0,Unknown,Rear End,12:45,4.0,5
650258,CR-0000051157,1,0,0,0,Violation Driver 1,Other,13:50,5.0,3
650259,CR-0000051155,2,0,0,0,Violation Driver 1,Broadside,11:30,5.0,0
650260,CR-0000038674,0,0,0,0,Violation Driver 1,Rear End,17:05,5.0,5
650261,CR-0000036122,0,0,0,0,Violation Driver 1,Rear End,09:00,5.0,5
650262,CR-0000039188,1,0,0,0,Violation Driver 1,Sideswipe,13:42,5.0,6
650263,CR-0000036115,0,0,0,0,Unknown,Other,08:10,4.0,3
650264,CR-0000036336,0,0,0,0,Violation Driver 1,Other,23:02,5.0,3
650265,CR-0000039371,1,1,0,0,Violation Driver 1,Other,18:55,5.0,3
650266,CR-0000031264,0,0,0,0,Unknown,Broadside,12:40,4.0,0
650267,CR-0000039354,1,0,0,0,Violation Driver 1,Head On,02:55,5.0,1
650268,CR-0000085436,0,0,0,0,Violation Driver 1,Sideswipe,16:30,5.0,6
650269,CR-0000085441,0,0,0,0,Violation Driver 1,Broadside,14:08,5.0,0
650270,CR-0000085449,0,0,0,0,Unknown,Other,10:10,4.0,3
650271,CR-0000085450,2,1,0,0,Violation Driver 1,Sideswipe,07:28,5.0,6
650272,CR-0000085458,0,0,0,0,Violation Driver 1,Sideswipe,11:59,5.0,6
650273,CR-0000085460,0,0,0,0,Violation Driver 1,Rear End,12:54,5.0,5
650274,CR-0000085468,0,0,0,0,Unknown,Rear End,19:30,4.0,5
650275,CR-0000085472,1,0,0,0,Violation Driver 1,Head On,11:00,5.0,1
650276,CR-0000051088,0,0,0,0,Violation Driver 1,Other,03:07,5.0,3
650277,CR-0000051076,0,0,0,0,Violation Driver 1,Rear End,16:31,5.0,5
650278,CR-0000051246,0,0,1,0,Pedestrian At Fault,Other,22:35,3.0,3
650279,CR-0000050670,2,0,0,0,Violation Driver 1,Broadside,15:27,5.0,0
650280,CR-0000051238,0,0,0,0,Violation Driver 1,Sideswipe,16:35,5.0,6
650281,CR-0000050369,0,0,0,0,Unknown,Other,07:15,4.0,3
650285,CR-0000085428,1,0,0,0,Violation Driver 1,Broadside,07:45,5.0,0
650286,CR-0000085432,0,0,0,0,Violation Driver 1,Hit Object,23:04,5.0,2
650287,CR-0000085437,2,0,0,0,Violation Driver 1,Hit Object,20:27,5.0,2
650288,CR-0000085440,0,0,0,0,Violation Driver 1,Sideswipe,00:50,5.0,6
650289,CR-0000085448,0,1,0,0,Bike At Fault,Vehicle/Bike,21:22,0.0,7
650290,CR-0000085451,0,0,0,0,Violation Driver 1,Rear End,13:55,5.0,5
650291,CR-0000085453,0,0,0,0,Violation Driver 1,Head On,15:54,5.0,1
650292,CR-0000050739,4,0,0,0,Violation Driver 1,Rear End,22:18,5.0,5
650293,CR-0000050723,0,0,0,0,Unknown,Broadside,07:47,4.0,0
650294,CR-0000050705,0,0,0,0,Unknown,Broadside,17:10,4.0,0
650295,CR-0000051042,0,0,0,0,Violation Driver 1,Broadside,21:20,5.0,0
650298,CR-0000085430,2,0,0,0,Violation Driver 1,Broadside,11:54,5.0,0
650299,CR-0000085438,0,0,0,0,Violation Driver 1,Sideswipe,20:45,5.0,6
650300,CR-0000085443,0,0,0,0,Pedestrian At Fault,Vehicle/Pedestrian,17:33,3.0,8
650301,CR-0000085444,0,0,0,0,Violation Driver 1,Sideswipe,16:38,5.0,6
650302,CR-0000085445,0,0,0,0,Violation Driver 1,Hit Object,17:00,5.0,2
650303,CR-0000085446,2,1,0,0,Violation Driver 1,Head On,18:05,5.0,1
650304,CR-0000085452,0,0,0,0,Violation Driver 1,Head On,15:34,5.0,1
650305,CR-0000040282,0,0,0,0,Violation Driver 1,Rear End,00:15,5.0,5
650306,CR-0000037545,0,0,0,0,Violation Driver 1,Rear End,15:08,5.0,5
650307,CR-0000035696,1,0,0,0,Violation Driver 1,Rear End,13:20,5.0,5
650308,CR-0000050738,1,0,0,0,Violation Driver 1,Other,19:25,5.0,3
650309,CR-0000050736,0,1,0,0,Violation Driver 1,Broadside,14:53,5.0,0
650310,CR-0000051040,1,0,0,0,Violation Driver 1,Broadside,14:32,5.0,0
650311,CR-0000040442,1,0,0,0,Violation Driver 1,Broadside,18:38,5.0,0
650312,CR-0000050102,0,0,0,0,Violation Driver 1,Other,04:54,5.0,3
650313,CR-0000051101,0,0,0,0,Violation Driver 1,Other,01:55,5.0,3
650315,CR-0000078699,1,0,0,1,Violation Driver 1,Hit Object,02:05,5.0,2
650316,CR-0000051430,1,0,0,0,Violation Driver 1,Broadside,20:55,5.0,0
650317,CR-0000049897,0,0,0,0,Violation Driver 1,Other,09:43,5.0,3
650318,CR-0000049776,0,0,0,0,Violation Driver 1,Head On,08:30,5.0,1
650319,CR-0000078603,0,0,0,0,Violation Driver 1,Hit Object,04:21,5.0,2
650320,CR-0000078391,0,0,0,0,Violation Driver 1,Hit Object,23:42,5.0,2
650321,CR-0000050592,0,0,0,0,Unknown,Rear End,14:20,4.0,5
650322,CR-0000050576,0,0,0,0,Violation Driver 1,Other,17:50,5.0,3
650323,CR-0000050574,0,0,0,0,Violation Driver 1,Other,13:30,5.0,3
650324,CR-0000051251,0,0,0,0,Unknown,Other,08:00,4.0,3
650325,CR-0000040373,1,0,0,0,Bike At Fault,Other,12:21,0.0,3
650326,CR-0000049708,0,0,0,0,Unknown,Rear End,19:10,4.0,5
650329,CR-0000036404,0,0,0,0,Unknown,Rear End,16:48,4.0,5
650330,CR-0000039191,0,1,0,0,Violation Driver 1,Head On,16:51,5.0,1
650331,CR-0000039190,1,0,0,0,Violation Driver 1,Other,16:00,5.0,3
650332,CR-0000039189,2,0,0,0,Violation Driver 1,Other,13:48,5.0,3
650333,CR-0000036325,0,0,0,0,Violation Driver 1,Other,09:10,5.0,3
650334,CR-0000036314,0,0,0,0,Unknown,Head On,18:45,4.0,1
650335,CR-0000039373,3,0,0,0,Unknown,Head On,21:48,4.0,1
650336,CR-0000034954,0,1,0,0,Unknown,Other,18:00,4.0,3
650337,CR-0000085455,0,0,0,0,Violation Driver 1,Broadside,04:27,5.0,0
650338,CR-0000085459,0,0,0,0,Violation Driver 1,Hit Object,12:51,5.0,2
650339,CR-0000050720,0,0,0,0,Unknown,Other,12:30,4.0,3
650340,CR-0000050707,0,0,0,0,Unknown,Other,07:00,4.0,3
650341,CR-0000051146,2,0,0,0,Violation Driver 1,Broadside,17:34,5.0,0
650342,CR-0000051035,1,0,0,0,Unknown,Rear End,07:30,4.0,5
650343,CR-0000050601,0,0,0,0,Violation Driver 1,Other,21:40,5.0,3
650344,CR-0000050629,0,0,0,0,Violation Driver 1,Other,19:20,5.0,3
650345,CR-0000050333,0,0,0,0,Violation Driver 1,Head On,16:21,5.0,1
650346,CR-0000051069,0,0,0,0,Violation Driver 1,Other,02:22,5.0,3
650347,CR-0000051053,1,0,0,0,Violation Driver 1,Rear End,10:35,5.0,5
650348,CR-0000050612,0,0,0,0,Violation Driver 1,Rear End,17:18,5.0,5
650353,CR-0000085461,0,0,0,0,Violation Driver 1,Rear End,15:30,5.0,5
650354,CR-0000085463,0,0,0,0,Violation Driver 1,Hit Object,18:31,5.0,2
650355,CR-0000085465,0,0,0,0,Violation Driver 1,Sideswipe,20:25,5.0,6
650356,CR-0000085469,0,0,1,0,Violation Driver 1,Broadside,17:04,5.0,0
650357,CR-0000085470,0,0,0,0,Violation Driver 1,Other,17:30,5.0,3
650358,CR-0000085474,1,0,0,0,Violation Driver 1,Sideswipe,15:09,5.0,6
650359,CR-0000085480,1,0,0,0,Violation Driver 1,Broadside,12:23,5.0,0
650360,CR-0000051291,2,0,0,0,Violation Driver 1,Head On,11:00,5.0,1
650361,CR-0000036275,1,0,0,0,Violation Driver 1,Rear End,10:00,5.0,5
650362,CR-0000039285,0,0,0,0,Violation Driver 1,Other,22:18,5.0,3
650363,CR-0000036393,1,0,0,0,Violation Driver 1,Other,18:16,5.0,3
650364,CR-0000036386,0,0,0,0,Violation Driver 1,Rear End,10:00,5.0,5
650365,CR-0000036377,1,0,0,0,Pedestrian At Fault,Other,09:20,3.0,3
650366,CR-0000039069,0,0,0,0,Violation Driver 1,Broadside,00:18,5.0,0
650367,CR-0000051288,1,0,0,0,Bike At Fault,Other,16:25,0.0,3
650368,CR-0000051285,0,0,0,0,Unknown,Other,14:55,4.0,3
650369,CR-0000045820,0,0,0,0,Violation Driver 1,Other,00:00,5.0,3
650370,CR-0000085454,0,0,0,0,Violation Driver 1,Hit Object,00:59,5.0,2
650371,CR-0000085456,0,1,0,0,Violation Driver 1,Hit Object,06:47,5.0,2
650372,CR-0000085464,1,0,0,0,Violation Driver 1,Broadside,19:16,5.0,0
650373,CR-0000085466,0,0,1,0,Bike At Fault,Vehicle/Bike,20:30,0.0,7
650374,CR-0000040277,1,0,0,0,Violation Driver 1,Broadside,19:46,5.0,0
650375,CR-0000085479,0,1,0,0,Violation Driver 1,Vehicle/Bike,09:51,5.0,7
650376,CR-0000085481,0,2,0,0,Violation Driver 1,Broadside,12:24,5.0,0
650377,CR-0000085483,0,0,0,0,Violation Driver 1,Hit Object,19:45,5.0,2
650378,CR-0000085485,0,0,1,0,Violation Driver 1,Hit Object,01:38,5.0,2
650379,CR-0000085489,1,2,0,0,Violation Driver 1,Hit Object,03:34,5.0,2
650380,CR-0000085492,0,0,0,0,Violation Driver 1,Broadside,09:22,5.0,0
650381,CR-0000085477,0,0,0,0,Unknown,Rear End,08:30,4.0,5
650382,CR-0000085478,0,0,0,0,Violation Driver 1,Head On,08:30,5.0,1
650383,CR-0000085482,0,0,0,0,Violation Driver 1,Broadside,14:29,5.0,0
650384,CR-0000036461,0,0,0,0,Violation Driver 1,Sideswipe,09:40,5.0,6
650385,CR-0000035614,1,0,0,0,Violation Driver 1,Other,15:12,5.0,3
650386,CR-0000036311,0,0,0,0,Violation Driver 1,Other,21:00,5.0,3
650387,CR-0000039089,0,0,0,0,Unknown,Other,06:30,4.0,3
650388,CR-0000085497,0,0,1,0,Pedestrian At Fault,Vehicle/Pedestrian,18:53,3.0,8
650389,CR-0000085500,0,0,0,0,Unknown,Sideswipe,18:25,4.0,6
650390,CR-0000085502,0,0,0,0,Violation Driver 1,Sideswipe,00:44,5.0,6
650391,CR-0000085504,1,0,0,0,Violation Driver 1,Rear End,14:26,5.0,5
650392,CR-0000085512,1,0,0,0,Violation Driver 1,Broadside,09:14,5.0,0
650393,CR-0000085514,1,0,0,0,Violation Driver 1,Rear End,16:36,5.0,5
650394,CR-0000085519,1,1,0,0,Violation Driver 1,Rear End,13:25,5.0,5
650395,CR-0000036363,0,0,0,0,Unknown,Sideswipe,19:46,4.0,6
650396,CR-0000036359,0,0,0,0,Violation Driver 1,Other,02:00,5.0,3
650397,CR-0000039054,0,0,0,0,Unknown,Other,09:45,4.0,3
650398,CR-0000040353,0,0,0,0,Violation Driver 1,Rear End,07:36,5.0,5
650399,CR-0000085487,0,0,0,0,Violation Driver 1,Hit Object,02:55,5.0,2
650400,CR-0000085490,0,0,0,0,Violation Driver 1,Sideswipe,09:57,5.0,6
650401,CR-0000085498,0,0,0,0,Violation Driver 1,Rear End,21:28,5.0,5
650402,CR-0000085525,0,0,0,0,Violation Driver 1,Broadside,12:37,5.0,0
650403,CR-0000039061,0,0,1,0,Bike At Fault,Other,20:50,0.0,3
650404,CR-0000036452,0,0,0,0,Violation Driver 1,Sideswipe,21:40,5.0,6
650405,CR-0000035888,0,1,0,0,Violation Driver 1,Other,09:54,5.0,3
650406,CR-0000051715,0,2,0,0,Violation Driver 1,Other,08:00,5.0,3
650407,CR-0000040437,1,0,0,0,Violation Driver 1,Rear End,16:13,5.0,5
650408,CR-0000040543,1,0,0,0,Violation Driver 1,Broadside,15:14,5.0,0
650409,CR-0000085501,1,0,0,0,Violation Driver 2,Broadside,00:23,6.0,0
650410,CR-0000085503,0,1,0,0,Violation Driver 1,Hit Object,01:38,5.0,2
650411,CR-0000085507,0,0,0,0,Violation Driver 1,Rear End,19:04,5.0,5
650412,CR-0000085508,0,0,0,0,Other Than Driver,Hit Object,22:30,2.0,2
650413,CR-0000085510,0,0,0,0,Unknown,Other,22:30,4.0,3
650414,CR-0000085511,0,1,0,0,Violation Driver 1,Rear End,08:29,5.0,5
650415,CR-0000085513,0,1,0,0,Violation Driver 1,Hit Object,13:42,5.0,2
650416,CR-0000085517,0,0,0,0,Violation Driver 1,Hit Object,10:46,5.0,2
650417,CR-0000085518,0,0,0,0,Violation Driver 2,Sideswipe,12:33,6.0,6
650418,CR-0000085520,1,0,0,0,Violation Driver 1,Rear End,21:24,5.0,5
650419,CR-0000085522,0,0,0,0,Unknown,Sideswipe,12:40,4.0,6
650420,CR-0000036354,0,0,0,0,Violation Driver 1,Other,17:25,5.0,3
650421,CR-0000036493,2,0,0,0,Violation Driver 1,Rear End,18:14,5.0,5
650422,CR-0000036477,0,2,0,0,Unknown,Rear End,15:01,4.0,5
650423,CR-0000051734,1,0,0,0,Violation Driver 1,Head On,17:15,5.0,1
650424,CR-0000046632,0,0,0,0,Unknown,Broadside,15:05,4.0,0
650425,CR-0000040544,0,0,0,0,Violation Driver 1,Sideswipe,16:06,5.0,6
650426,CR-0000040511,1,0,0,0,Violation Driver 1,Head On,17:21,5.0,1
650427,CR-0000051685,0,0,0,0,Unknown,Other,09:00,4.0,3
650428,CR-0000051255,0,0,0,0,Unknown,Other,23:00,4.0,3
650429,CR-0000049752,0,0,0,0,Unknown,Rear End,12:30,4.0,5
650430,CR-0000085488,0,0,0,0,Violation Driver 1,Broadside,18:25,5.0,0
650431,CR-0000085493,0,0,0,0,Violation Driver 1,Head On,09:40,5.0,1
650432,CR-0000085494,1,0,1,0,Violation Driver 1,Sideswipe,11:10,5.0,6
650433,CR-0000085495,1,0,0,0,Violation Driver 1,Rear End,13:41,5.0,5
650434,CR-0000085496,2,1,2,0,Violation Driver 1,Sideswipe,18:29,5.0,6
650435,CR-0000050600,0,1,0,0,Bike At Fault,Other,16:00,0.0,3
650436,CR-0000051175,0,0,0,0,Violation Driver 1,Other,02:21,5.0,3
650437,CR-0000051162,0,0,0,0,Violation Driver 1,Broadside,19:00,5.0,0
650438,CR-0000051524,0,0,0,0,Violation Driver 1,Rear End,17:09,5.0,5
650439,CR-0000051260,2,1,0,0,Violation Driver 1,Broadside,02:03,5.0,0
650440,CR-0000049731,0,0,0,0,Violation Driver 1,Rear End,10:25,5.0,5
650441,CR-0000050301,2,0,0,0,Violation Driver 1,Head On,09:32,5.0,1
650443,CR-0000036402,0,0,0,0,Violation Driver 1,Other,17:43,5.0,3
650444,CR-0000040525,0,0,0,0,Unknown,Other,13:03,4.0,3
650445,CR-0000040457,0,0,0,0,Violation Driver 1,Broadside,09:20,5.0,0
650446,CR-0000051205,1,0,0,0,Violation Driver 1,Broadside,09:57,5.0,0
650447,CR-0000051258,1,0,0,0,Violation Driver 1,Sideswipe,00:04,5.0,6
650450,CR-0000051322,0,0,0,0,Violation Driver 1,Head On,18:12,5.0,1
650451,CR-0000039078,0,0,0,0,Violation Driver 1,Other,15:50,5.0,3
650452,CR-0000039074,1,0,0,0,Violation Driver 1,Broadside,00:05,5.0,0
650453,CR-0000040274,0,0,0,0,Unknown,Sideswipe,13:31,4.0,6
650454,CR-0000036448,0,0,0,0,Violation Driver 1,Broadside,23:02,5.0,0
650455,CR-0000046618,0,0,0,0,Unknown,Rear End,16:50,4.0,5
650456,CR-0000051700,0,1,0,0,Violation Driver 1,Other,20:09,5.0,3
650457,CR-0000040480,0,0,0,0,Violation Driver 1,Rear End,14:32,5.0,5
650459,CR-0000051334,0,0,0,0,Unknown,Other,05:20,4.0,3
650460,CR-0000078179,0,0,0,0,Violation Driver 1,Hit Object,23:26,5.0,2
650461,CR-0000078795,0,0,0,0,Violation Driver 1,Hit Object,22:19,5.0,2
650462,CR-0000050567,0,0,0,0,Violation Driver 1,Other,01:40,5.0,3
650463,CR-0000050563,0,0,0,0,Violation Driver 1,Other,21:19,5.0,3
650470,CR-0000051105,0,0,0,0,Violation Driver 1,Other,03:00,5.0,3
650471,CR-0000051091,0,0,0,0,Violation Driver 1,Sideswipe,07:34,5.0,6
650472,CR-0000051072,0,1,0,0,Bike At Fault,Other,11:42,0.0,3
650473,CR-0000050590,0,0,0,0,Unknown,Other,20:45,4.0,3
650474,CR-0000051055,4,0,0,0,Violation Driver 1,Broadside,15:44,5.0,0
650475,CR-0000051224,2,0,0,0,Violation Driver 1,Rear End,19:42,5.0,5
650476,CR-0000051208,1,0,0,0,Violation Driver 1,Broadside,18:35,5.0,0
650477,CR-0000051207,1,0,0,0,Violation Driver 1,Other,13:30,5.0,3
650478,CR-0000085457,2,0,0,0,Violation Driver 1,Rear End,11:44,5.0,5
650479,CR-0000085462,0,0,0,0,Violation Driver 1,Rear End,17:07,5.0,5
650480,CR-0000085467,0,0,1,0,Violation Driver 1,Rear End,21:24,5.0,5
650481,CR-0000085471,0,1,0,0,Violation Driver 1,Broadside,10:51,5.0,0
650482,CR-0000085473,2,0,0,0,Violation Driver 1,Sideswipe,11:27,5.0,6
650483,CR-0000085475,0,0,0,0,Violation Driver 1,Sideswipe,15:35,5.0,6
650484,CR-0000085476,0,0,0,0,Violation Driver 1,Broadside,16:10,5.0,0
650485,CR-0000078782,0,0,0,0,Violation Driver 1,Hit Object,22:43,5.0,2
650486,CR-0000038687,0,0,0,0,Unknown,Rear End,13:20,4.0,5
650487,CR-0000039726,0,0,0,0,Violation Driver 1,Other,08:50,5.0,3
650488,CR-0000039154,1,0,0,0,Violation Driver 1,Other,17:23,5.0,3
650489,CR-0000036282,0,0,0,0,Violation Driver 1,Other,23:00,5.0,3
650490,CR-0000035188,0,0,0,0,Unknown,Other,13:53,4.0,3
650491,CR-0000036398,0,0,0,0,Unknown,Other,12:30,4.0,3
650492,CR-0000036383,0,0,0,0,Violation Driver 1,Rear End,15:31,5.0,5
650493,CR-0000036380,1,0,0,0,Violation Driver 1,Other,16:28,5.0,3
650494,CR-0000036364,0,0,0,0,Violation Driver 1,Rear End,23:29,5.0,5
650495,CR-0000039055,0,0,0,0,Unknown,Other,11:40,4.0,3
650496,CR-0000040361,0,0,0,0,Unknown,Other,17:04,4.0,3
650497,CR-0000036433,0,0,0,0,Violation Driver 1,Other,07:55,5.0,3
650498,CR-0000036430,2,0,0,0,Unknown,Rear End,14:32,4.0,5
650499,CR-0000046616,0,1,1,0,Violation Driver 1,Broadside,19:15,5.0,0
650500,CR-0000040426,0,0,0,0,Unknown,Rear End,19:30,4.0,5
650501,CR-0000085484,0,0,0,0,Violation Driver 1,Hit Object,20:00,5.0,2
650502,CR-0000085486,0,0,0,0,Violation Driver 1,Hit Object,14:09,5.0,2
650503,CR-0000085491,1,0,0,0,Bike At Fault,Vehicle/Bike,20:24,0.0,7