CrashFactId,Name,MinorInjuries,ModerateInjuries,SevereInjuries,FatalInjuries,PrimaryCollisionFactor,CollisionType,CrashTime,PrimaryCollisionFactor_Code,CollisionType_Code
651402,CR-0000036007,0,0,0,0,Violation Driver 1,Rear End,16:00,5.0,5
651403,CR-0000034879,1,0,0,0,Violation Driver 1,Broadside,18:22,5.0,0
651404,CR-0000040226,0,0,0,0,Violation Driver 1,Broadside,13:59,5.0,0
651405,CR-0000040159,1,0,0,0,Violation Driver 1,Other,13:45,5.0,3
651406,CR-0000040248,1,0,0,0,Violation Driver 1,Rear End,18:35,5.0,5
651407,CR-0000040075,0,0,0,0,Violation Driver 1,Rear End,17:41,5.0,5
651408,CR-0000036050,0,0,0,0,Violation Driver 1,Broadside,22:11,5.0,0
651409,CR-0000085696,0,0,0,0,Unknown,Rear End,11:10,4.0,5
651410,CR-0000085701,0,0,0,0,Violation Driver 1,Hit Object,07:23,5.0,2
651411,CR-0000085702,0,1,0,0,Bike At Fault,Vehicle/Bike,08:17,0.0,7
651412,CR-0000085703,0,0,0,0,Violation Driver 1,Sideswipe,10:25,5.0,6
651413,CR-0000085705,0,2,0,0,Violation Driver 1,Broadside,16:32,5.0,0
651414,CR-0000085706,1,0,0,0,Violation Driver 1,Head On,18:08,5.0,1
651415,CR-0000085707,1,1,1,0,Violation Driver 1,Vehicle/Bike,18:10,5.0,7
651416,CR-0000050782,1,0,0,0,Violation Driver 1,Broadside,12:34,5.0,0
651417,CR-0000078554,1,0,0,0,Violation Driver 1,Hit Object,22:03,5.0,2
651418,CR-0000035001,0,0,0,0,Unknown,Head On,15:07,4.0,1
651419,CR-0000036499,1,0,0,0,Violation Driver 1,Other,15:30,5.0,3
651420,CR-0000036265,0,0,0,0,Violation Driver 1,Broadside,12:30,5.0,0
651421,CR-0000035084,0,0,0,0,Violation Driver 1,Other,05:30,5.0,3
651422,CR-0000038591,0,0,0,0,Unknown,Other,10:00,4.0,3
651423,CR-0000046636,0,0,0,0,Violation Driver 1,Other,17:40,5.0,3
651424,CR-0000050445,0,1,0,0,Violation Driver 1,Other,11:03,5.0,3
651425,CR-0000050443,0,1,0,0,Violation Driver 1,Other,09:00,5.0,3
651426,CR-0000040446,0,0,0,0,Violation Driver 1,Other,21:09,5.0,3
651427,CR-0000040430,0,0,0,0,Violation Driver 1,Other,01:15,5.0,3
651428,CR-0000051080,0,0,0,0,Violation Driver 1,Rear End,20:38,5.0,5
651429,CR-0000040604,0,0,0,0,Violation Driver 1,Other,16:50,5.0,3
651430,CR-0000038568,1,0,0,0,Violation Driver 1,Other,07:13,5.0,3
651431,CR-0000040092,0,0,0,0,Violation Driver 1,Rear End,15:46,5.0,5
651432,CR-0000046805,0,0,0,0,Violation Driver 1,Rear End,00:09,5.0,5
651433,CR-0000051033,0,0,0,0,Violation Driver 1,Other,21:15,5.0,3
651434,CR-0000050346,0,0,0,0,Violation Driver 1,Other,13:00,5.0,3
651435,CR-0000041644,1,0,0,0,Violation Driver 1,Rear End,14:50,5.0,5
651436,CR-0000041643,0,0,0,0,Violation Driver 1,Other,15:00,5.0,3
651438,CR-0000036414,1,0,0,0,Unknown,Head On,16:10,4.0,1
651439,CR-0000038672,0,1,0,0,Violation Driver 1,Other,10:18,5.0,3
651440,CR-0000034971,0,0,0,0,Violation Driver 1,Other,06:40,5.0,3
651441,CR-0000036366,1,0,0,0,Violation Driver 1,Broadside,10:27,5.0,0
651442,CR-0000038579,0,0,0,0,Unknown,Other,15:30,4.0,3
651443,CR-0000049950,0,0,0,0,Unknown,Rear End,17:20,4.0,5
651444,CR-0000044685,0,0,0,0,Unknown,Rear End,22:45,4.0,5
651445,CR-0000051394,0,0,0,0,Unknown,Rear End,23:34,4.0,5
651446,CR-0000051392,2,0,0,0,Violation Driver 1,Head On,18:09,5.0,1
651447,CR-0000051419,1,0,0,0,Violation Driver 1,Broadside,18:14,5.0,0
651448,CR-0000044627,0,0,0,0,Violation Driver 1,Broadside,23:53,5.0,0
651449,CR-0000085693,0,1,0,0,Violation Driver 1,Broadside,15:13,5.0,0
651450,CR-0000085698,1,0,0,0,Violation Driver 1,Sideswipe,18:05,5.0,6
651451,CR-0000085699,1,0,0,0,Violation Driver 1,Broadside,20:36,5.0,0
651452,CR-0000051446,0,0,0,0,Unknown,Other,02:00,4.0,3
651453,CR-0000050890,0,1,0,0,Violation Driver 1,Other,09:07,5.0,3
651454,CR-0000051437,0,0,0,0,Violation Driver 1,Rear End,10:00,5.0,5
651455,CR-0000051408,0,0,2,1,Unknown,Other,03:13,4.0,3
651456,CR-0000050872,0,1,0,0,Violation Driver 1,Other,10:09,5.0,3
651457,CR-0000077196,0,1,0,0,Violation Driver 1,Hit Object,04:50,5.0,2
651458,CR-0000077684,0,1,0,0,Violation Driver 1,Hit Object,13:33,5.0,2
651459,CR-0000051064,0,0,0,0,Unknown,Rear End,17:10,4.0,5
651460,CR-0000050611,0,0,0,0,Violation Driver 1,Other,16:30,5.0,3
651461,CR-0000085708,3,0,0,0,Violation Driver 1,Sideswipe,18:14,5.0,6
651462,CR-0000085711,0,1,0,0,Violation Driver 1,Broadside,23:11,5.0,0
651463,CR-0000085712,0,0,0,0,Unknown,Rear End,09:30,4.0,5
651464,CR-0000085713,0,0,0,0,Violation Driver 1,Hit Object,15:20,5.0,2
651465,CR-0000085715,0,1,0,0,Bike At Fault,Vehicle/Bike,18:16,0.0,7
651466,CR-0000085700,2,0,0,0,Unknown,Broadside,22:50,4.0,0
651467,CR-0000085709,1,0,0,0,Violation Driver 1,Head On,20:45,5.0,1
651468,CR-0000085710,0,0,0,0,Violation Driver 1,Rear End,21:55,5.0,5
651469,CR-0000085723,1,0,1,0,Violation Driver 1,Sideswipe,20:57,5.0,6
651471,CR-0000044595,0,0,0,0,Violation Driver 1,Other,08:52,5.0,3
651472,CR-0000036349,2,0,0,0,Unknown,Rear End,12:10,4.0,5
651473,CR-0000035902,0,1,0,0,Pedestrian At Fault,Other,19:48,3.0,3
651474,CR-0000046617,0,0,0,0,Violation Driver 1,Other,22:42,5.0,3
651478,CR-0000085725,0,0,0,0,Unknown,Sideswipe,20:00,4.0,6
651479,CR-0000085726,2,0,0,0,Violation Driver 1,Rear End,08:37,5.0,5
651481,CR-0000085123,0,0,0,0,Unknown,Rear End,11:37,4.0,5
651482,CR-0000085124,0,0,0,0,Violation Driver 1,Rear End,04:04,5.0,5
651483,CR-0000085125,0,0,0,0,Violation Driver 1,Sideswipe,05:51,5.0,6
651484,CR-0000085127,1,0,0,0,Violation Driver 1,Broadside,16:36,5.0,0
651485,CR-0000085129,3,0,0,0,Violation Driver 1,Sideswipe,18:12,5.0,6
651486,CR-0000085132,0,0,0,0,Violation Driver 1,Sideswipe,12:05,5.0,6
651487,CR-0000085134,0,0,0,0,Violation Driver 1,Rear End,15:40,5.0,5
651496,CR-0000085697,0,1,0,0,Bike At Fault,Vehicle/Bike,12:21,0.0,7
651497,CR-0000085714,0,0,1,0,Violation Driver 1,Broadside,15:45,5.0,0
651498,CR-0000085724,0,1,0,0,Violation Driver 1,Hit Object,22:29,5.0,2
651499,CR-0000085730,1,0,0,0,Violation Driver 1,Vehicle/Pedestrian,18:51,5.0,8
651500,CR-0000085739,3,0,0,0,Unknown,Broadside,20:36,4.0,0
651501,CR-0000038677,0,0,0,0,Violation Driver 1,Other,22:56,5.0,3
651502,CR-0000039703,1,0,0,0,Violation Driver 1,Broadside,13:03,5.0,0
651503,CR-0000039283,0,0,0,0,Violation Driver 1,Rear End,20:40,5.0,5
651504,CR-0000046575,1,0,0,0,Unknown,Other,14:50,4.0,3
651505,CR-0000040542,0,0,0,0,Violation Driver 1,Rear End,15:08,5.0,5
651507,CR-0000040376,1,0,0,0,Unknown,Other,06:30,4.0,3
651508,CR-0000046688,0,0,0,0,Violation Driver 1,Rear End,17:23,5.0,5
651509,CR-0000040607,0,0,0,0,Violation Driver 1,Head On,18:02,5.0,1
651510,CR-0000046653,0,0,0,0,Unknown,Rear End,17:50,4.0,5
651514,CR-0000085122,1,0,1,0,Violation Driver 1,Broadside,23:54,5.0,0
651515,CR-0000085704,3,1,0,0,Violation Driver 1,Rear End,15:38,5.0,5
651516,CR-0000085719,2,0,0,0,Violation Driver 1,Broadside,07:39,5.0,0
651517,CR-0000085720,1,0,0,0,Violation Driver 1,Broadside,09:42,5.0,0
651518,CR-0000085729,0,0,0,0,Unknown,Sideswipe,15:06,4.0,6
651519,CR-0000085735,0,0,0,0,Violation Driver 1,Sideswipe,10:58,5.0,6
651520,CR-0000085737,0,0,0,0,Violation Driver 1,Broadside,15:04,5.0,0
651521,CR-0000085738,0,0,0,0,Violation Driver 1,Rear End,21:41,5.0,5
651522,CR-0000051356,0,1,0,0,Violation Driver 1,Other,17:20,5.0,3
651523,CR-0000043294,0,0,0,0,Violation Driver 1,Other,00:20,5.0,3
651524,CR-0000043293,0,0,0,0,Violation Driver 1,Other,00:20,5.0,3
651525,CR-0000050822,0,0,0,0,Unknown,Other,00:00,4.0,3
651526,CR-0000050940,0,0,0,0,Violation Driver 1,Broadside,19:45,5.0,0
651527,CR-0000049774,0,0,0,0,Violation Driver 1,Other,08:40,5.0,3
651528,CR-0000050974,2,0,0,0,Violation Driver 1,Rear End,07:54,5.0,5
651529,CR-0000048255,1,0,0,0,Violation Driver 1,Other,12:59,5.0,3
651538,CR-0000050957,0,0,0,0,Violation Driver 1,Rear End,23:03,5.0,5
651539,CR-0000050955,0,0,0,0,Violation Driver 1,Other,18:30,5.0,3
651540,CR-0000035195,0,0,0,0,Violation Driver 1,Rear End,19:27,5.0,5
651541,CR-0000039814,1,0,0,0,Violation Driver 1,Other,19:35,5.0,3
651542,CR-0000037498,0,0,0,0,Violation Driver 1,Other,18:50,5.0,3
651543,CR-0000037489,0,0,0,0,Violation Driver 1,Rear End,21:20,5.0,5
651544,CR-0000051030,0,0,0,0,Violation Driver 1,Rear End,02:15,5.0,5
651552,CR-0000085727,1,0,0,0,Violation Driver 1,Vehicle/Pedestrian,12:01,5.0,8
651553,CR-0000085728,1,0,0,0,Violation Driver 1,Vehicle/Pedestrian,18:18,5.0,8
651554,CR-0000085731,1,0,0,0,Violation Driver 1,Other,18:54,5.0,3
651555,CR-0000085732,1,0,0,0,Violation Driver 1,Vehicle/Pedestrian,21:45,5.0,8
651556,CR-0000085733,0,0,0,0,Violation Driver 1,Broadside,09:17,5.0,0
651557,CR-0000040378,1,0,0,0,Violation Driver 1,Other,15:20,5.0,3
651560,CR-0000085126,2,0,0,0,Violation Driver 1,Sideswipe,15:59,5.0,6
651561,CR-0000085128,0,0,0,0,Violation Driver 1,Broadside,17:39,5.0,0
651562,CR-0000085136,1,0,0,0,Violation Driver 1,Rear End,17:40,5.0,5
651563,CR-0000085148,0,0,0,0,Violation Driver 1,Hit Object,03:00,5.0,2
651564,CR-0000085736,2,0,0,0,Violation Driver 1,Broadside,13:45,5.0,0
651565,CR-0000035856,1,1,0,0,Violation Driver 1,Other,23:20,5.0,3
651566,CR-0000085744,1,0,0,0,Violation Driver 1,Head On,07:11,5.0,1
651567,CR-0000039298,1,0,0,0,Violation Driver 1,Rear End,21:25,5.0,5
651569,CR-0000050888,0,0,0,0,Unknown,Other,23:00,4.0,3
651570,CR-0000044910,0,1,0,0,Violation Driver 1,Other,08:07,5.0,3
651571,CR-0000044557,5,0,0,0,Unknown,Broadside,16:48,4.0,0
651572,CR-0000055987,0,0,0,0,Violation Driver 1,Hit Object,19:24,5.0,2
651573,CR-0000039730,0,0,0,0,Violation Driver 1,Other,07:40,5.0,3
651574,CR-0000034738,1,0,0,0,Violation Driver 1,Broadside,19:04,5.0,0
651575,CR-0000034475,1,0,0,0,Violation Driver 1,Rear End,21:50,5.0,5
651576,CR-0000037566,1,2,0,0,Violation Driver 1,Other,22:37,5.0,3
651577,CR-0000039276,3,0,0,0,Violation Driver 1,Rear End,02:02,5.0,5
651586,CR-0000044560,0,0,0,0,Unknown,Broadside,18:30,4.0,0
651587,CR-0000049652,0,0,1,0,Pedestrian At Fault,Other,22:33,3.0,3
651588,CR-0000085716,2,0,0,0,Unknown,Sideswipe,19:20,4.0,6
651589,CR-0000085717,0,0,0,0,Violation Driver 1,Broadside,20:15,5.0,0
651593,CR-0000051326,0,1,0,0,Violation Driver 1,Other,20:30,5.0,3
651594,CR-0000051371,0,0,0,0,Violation Driver 1,Other,13:30,5.0,3
651595,CR-0000050871,0,1,0,0,Violation Driver 1,Other,09:31,5.0,3
651596,CR-0000047794,0,0,0,0,Violation Driver 1,Other,17:01,5.0,3
651597,CR-0000047493,0,0,0,0,Violation Driver 1,Other,05:29,5.0,3
651598,CR-0000036431,0,0,0,0,Violation Driver 1,Other,10:23,5.0,3
651599,CR-0000051543,0,1,0,0,Violation Driver 1,Other,23:14,5.0,3
651600,CR-0000051536,2,0,0,0,Unknown,Broadside,09:04,4.0,0
651606,CR-0000085718,0,1,0,0,Violation Driver 1,Overturned,00:06,5.0,4
651607,CR-0000085721,0,0,1,0,Violation Driver 1,Hit Object,16:00,5.0,2
651608,CR-0000085722,2,0,0,0,Violation Driver 1,Rear End,16:20,5.0,5
651609,CR-0000085734,0,0,0,0,Violation Driver 1,Broadside,10:00,5.0,0
651610,CR-0000085741,0,0,0,0,Violation Driver 1,Rear End,02:00,5.0,5
651611,CR-0000085616,1,0,0,0,Violation Driver 1,Broadside,16:35,5.0,0
651612,CR-0000085742,1,0,0,0,Unknown,Head On,18:36,4.0,1
651614,CR-0000085130,0,0,1,0,Violation Driver 1,Other,11:06,5.0,3
651615,CR-0000085131,0,0,0,0,Violation Driver 1,Sideswipe,11:26,5.0,6
651616,CR-0000085133,0,0,0,0,Violation Driver 1,Hit Object,13:44,5.0,2
651617,CR-0000085135,0,0,0,0,Violation Driver 1,Broadside,15:42,5.0,0
651618,CR-0000085137,0,0,0,0,Violation Driver 1,Sideswipe,01:50,5.0,6
651619,CR-0000085146,0,0,0,0,Violation Driver 1,Broadside,22:00,5.0,0
651620,CR-0000043491,0,0,0,1,Violation Driver 1,Other,15:25,5.0,3
651621,CR-0000050805,0,0,0,0,Unknown,Other,00:00,4.0,3
651622,CR-0000049755,1,0,0,0,Violation Driver 1,Broadside,10:54,5.0,0
651623,CR-0000050989,0,1,0,0,Violation Driver 1,Other,17:25,5.0,3
651624,CR-0000050958,0,0,0,0,Unknown,Rear End,19:53,4.0,5
651625,CR-0000052547,0,0,0,0,Violation Driver 1,Other,05:39,5.0,3
651626,CR-0000050954,0,1,0,0,Violation Driver 1,Broadside,17:38,5.0,0
651627,CR-0000051339,1,0,0,0,Violation Driver 1,Other,12:00,5.0,3
651628,CR-0000085743,1,0,0,0,Violation Driver 1,Rear End,02:01,5.0,5
651629,CR-0000085745,1,0,0,0,Violation Driver 1,Broadside,17:40,5.0,0
651630,CR-0000049636,0,0,0,0,Violation Driver 1,Other,19:38,5.0,3
651631,CR-0000051347,0,1,0,0,Pedestrian At Fault,Other,20:44,3.0,3
651632,CR-0000033139,0,0,0,0,Unknown,Other,00:00,4.0,3
651633,CR-0000034909,0,1,0,0,Other Than Driver,Other,20:49,2.0,3
651634,CR-0000037505,0,0,0,0,Violation Driver 1,Broadside,10:51,5.0,0
651635,CR-0000041651,1,0,0,0,Violation Driver 1,Other,17:53,5.0,3
651636,CR-0000085150,0,0,0,0,Violation Driver 1,Broadside,14:20,5.0,0
651638,CR-0000085740,0,0,0,0,Violation Driver 1,Rear End,20:49,5.0,5
651639,CR-0000036140,0,0,0,0,Violation Driver 1,Sideswipe,23:00,5.0,6
651640,CR-0000035053,0,1,0,0,Unknown,Other,17:20,4.0,3
651641,CR-0000046652,0,0,0,0,Violation Driver 1,Rear End,19:15,5.0,5
651642,CR-0000046807,0,0,0,0,Unknown,Other,02:02,4.0,3
651643,CR-0000051093,0,0,0,0,Violation Driver 1,Rear End,10:54,5.0,5
651644,CR-0000052716,0,0,0,0,Violation Driver 1,Other,03:39,5.0,3
651645,CR-0000049634,1,0,0,0,Bike At Fault,Other,17:08,0.0,3
651646,CR-0000050956,0,0,0,0,Violation Driver 1,Head On,19:40,5.0,1
651647,CR-0000085139,1,0,0,0,Violation Driver 1,Head On,10:35,5.0,1
651648,CR-0000085140,0,0,0,0,Unknown,Sideswipe,11:35,4.0,6
651649,CR-0000085141,0,0,0,0,Violation Driver 1,Sideswipe,22:58,5.0,6
651650,CR-0000085143,0,0,0,0,Violation Driver 1,Broadside,17:57,5.0,0
651651,CR-0000034940,3,0,0,0,Violation Driver 1,Rear End,15:46,5.0,5
651652,CR-0000031756,0,1,0,0,Violation Driver 1,Other,00:27,5.0,3
651653,CR-0000032667,0,1,0,0,Violation Driver 1,Other,02:17,5.0,3
651654,CR-0000032819,1,0,0,0,Violation Driver 1,Rear End,01:15,5.0,5
651655,CR-0000036480,1,0,0,0,Violation Driver 1,Sideswipe,07:37,5.0,6
651658,CR-0000051650,0,0,0,0,Unknown,Rear End,13:30,4.0,5
651659,CR-0000085138,0,0,1,0,Violation Driver 1,Hit Object,05:31,5.0,2
651660,CR-0000085144,0,0,0,0,Violation Driver 1,Broadside,18:50,5.0,0
651661,CR-0000085149,1,0,1,0,Violation Driver 1,Head On,05:52,5.0,1
651662,CR-0000085156,1,0,0,0,Violation Driver 1,Broadside,11:10,5.0,0
651663,CR-0000085160,0,1,0,0,Violation Driver 1,Rear End,17:23,5.0,5
651664,CR-0000085166,0,0,0,0,Violation Driver 1,Hit Object,14:02,5.0,2
651665,CR-0000085151,0,0,0,0,Violation Driver 1,Rear End,02:46,5.0,5
651666,CR-0000085153,0,0,0,0,Violation Driver 1,Sideswipe,08:32,5.0,6
651667,CR-0000085155,3,0,0,0,Violation Driver 1,Broadside,09:01,5.0,0
651668,CR-0000085157,0,0,0,0,Violation Driver 1,Rear End,12:00,5.0,5
651669,CR-0000085161,0,0,0,0,Violation Driver 1,Sideswipe,18:54,5.0,6
651670,CR-0000085163,1,0,0,0,Violation Driver 1,Sideswipe,21:48,5.0,6
651672,CR-0000085173,0,0,0,0,Violation Driver 1,Sideswipe,18:40,5.0,6
651673,CR-0000078231,0,0,0,0,Violation Driver 1,Hit Object,17:34,5.0,2
651674,CR-0000051379,0,0,0,0,Violation Driver 1,Other,20:29,5.0,3
651675,CR-0000045993,0,0,0,0,Unknown,Other,21:00,4.0,3
651676,CR-0000037097,1,0,0,0,Violation Driver 1,Rear End,18:41,5.0,5
651677,CR-0000036412,0,1,0,0,Violation Driver 1,Other,07:14,5.0,3
651678,CR-0000036564,1,0,0,0,Violation Driver 1,Sideswipe,00:00,5.0,6
651680,CR-0000051316,0,0,0,0,Violation Driver 1,Other,02:52,5.0,3
651681,CR-0000078637,0,0,0,0,Violation Driver 1,Hit Object,01:32,5.0,2
651682,CR-0000036410,0,0,0,0,Unknown,Other,13:00,4.0,3
651683,CR-0000036152,0,0,0,0,Unknown,Head On,13:00,4.0,1
651684,CR-0000036345,0,0,0,0,Violation Driver 1,Broadside,16:00,5.0,0
651685,CR-0000045777,0,1,0,0,Violation Driver 1,Other,14:40,5.0,3
651686,CR-0000036297,0,0,0,0,Unknown,Head On,13:40,4.0,1
651687,CR-0000051211,0,0,0,0,Unknown,Rear End,09:50,4.0,5
651688,CR-0000044040,1,0,0,0,Violation Driver 1,Rear End,10:53,5.0,5
651689,CR-0000051209,0,0,0,0,Violation Driver 1,Rear End,18:30,5.0,5
651690,CR-0000046673,0,0,0,0,Violation Driver 1,Rear End,18:27,5.0,5
651691,CR-0000040614,1,0,0,0,Violation Driver 1,Other,21:31,5.0,3
651692,CR-0000040610,3,0,0,0,Violation Driver 1,Rear End,19:31,5.0,5
651693,CR-0000040483,0,0,0,0,Violation Driver 1,Other,21:56,5.0,3
651694,CR-0000050677,1,0,0,0,Pedestrian At Fault,Other,23:20,3.0,3
651695,CR-0000040369,1,0,0,0,Bike At Fault,Other,08:10,0.0,3
651696,CR-0000051257,0,0,0,0,Violation Driver 1,Other,11:28,5.0,3
651697,CR-0000050263,0,0,0,0,Unknown,Rear End,21:00,4.0,5
651702,CR-0000051099,1,0,0,0,Unknown,Rear End,14:45,4.0,5
651703,CR-0000050362,1,0,0,0,Unknown,Broadside,17:10,4.0,0
651704,CR-0000049712,0,0,0,0,Violation Driver 1,Other,02:23,5.0,3
651707,CR-0000085165,1,0,0,0,Violation Driver 1,Hit Object,12:07,5.0,2
651708,CR-0000085167,1,0,0,0,Unknown,Hit Object,15:50,4.0,2
651709,CR-0000085188,0,0,0,0,Unknown,Sideswipe,00:00,4.0,6
651710,CR-0000085192,0,0,0,0,Unknown,Other,21:00,4.0,3
651711,CR-0000085194,0,0,0,0,Unknown,Hit Object,01:01,4.0,2
651712,CR-0000085199,0,0,0,1,Unknown,Vehicle/Pedestrian,13:45,4.0,8
651713,CR-0000085200,0,0,0,1,Unknown,Vehicle/Bike,12:34,4.0,7
651716,CR-0000049609,1,0,0,0,Violation Driver 1,Broadside,09:30,5.0,0
651717,CR-0000085177,0,0,0,0,Unknown,Rear End,21:00,4.0,5
651718,CR-0000085179,0,0,0,0,Violation Driver 1,Other,22:00,5.0,3
651719,CR-0000085182,0,0,0,0,Unknown,Sideswipe,04:05,4.0,6
651720,CR-0000085184,0,0,0,0,Unknown,Broadside,18:35,4.0,0
651722,CR-0000050875,0,1,0,0,Bike At Fault,Broadside,12:11,0.0,0
651723,CR-0000050950,0,0,0,0,Violation Driver 1,Other,00:00,5.0,3
651724,CR-0000067937,1,0,0,0,Violation Driver 1,Hit Object,03:45,5.0,2
651725,CR-0000068048,0,1,0,0,Violation Driver 1,Head On,01:50,5.0,1
651728,CR-0000085189,0,0,0,0,Unknown,Rear End,15:15,4.0,5
651729,CR-0000085190,0,0,0,0,Unknown,Other,01:20,4.0,3
651730,CR-0000085191,0,0,0,0,Unknown,Other,21:20,4.0,3
651731,CR-0000085193,0,0,0,0,Unknown,Rear End,08:12,4.0,5
651732,CR-0000065443,0,1,0,0,Violation Driver 1,Sideswipe,23:28,5.0,6
651733,CR-0000065724,0,0,2,0,Violation Driver 1,Head On,01:54,5.0,1
651735,CR-0000085205,0,0,0,0,Unknown,Broadside,17:00,4.0,0
651736,CR-0000085206,0,0,0,0,Unknown,Sideswipe,18:00,4.0,6
651737,CR-0000085207,0,0,0,0,Unknown,Sideswipe,23:50,4.0,6
651738,CR-0000085208,0,0,0,0,Unknown,Other,16:25,4.0,3
651739,CR-0000085210,0,0,0,0,Unknown,Rear End,09:26,4.0,5
651740,CR-0000085211,0,0,0,0,Violation Driver 1,Rear End,14:25,5.0,5
651741,CR-0000085215,0,0,0,0,Unknown,Rear End,11:00,4.0,5
651746,CR-0000085195,0,0,0,0,Unknown,Sideswipe,18:00,4.0,6
651747,CR-0000085197,0,0,0,0,Unknown,Rear End,14:37,4.0,5
651748,CR-0000085203,0,1,0,0,Unknown,Vehicle/Pedestrian,13:30,4.0,8
651749,CR-0000085209,0,0,0,0,Unknown,Broadside,07:30,4.0,0
651750,CR-0000085145,0,0,0,0,Violation Driver 1,Hit Object,21:22,5.0,2
651751,CR-0000085147,0,1,0,0,Violation Driver 1,Rear End,23:38,5.0,5
651752,CR-0000085158,0,1,0,0,Unknown,Sideswipe,15:43,4.0,6
651758,CR-0000078455,0,0,0,0,Violation Driver 1,Hit Object,12:04,5.0,2
651759,CR-0000051432,1,0,0,0,Violation Driver 1,Broadside,23:59,5.0,0
651760,CR-0000049797,0,0,0,0,Unknown,Rear End,22:23,4.0,5
651761,CR-0000034938,1,0,0,0,Violation Driver 1,Other,17:50,5.0,3
651762,CR-0000036437,0,3,2,0,Violation Driver 1,Other,20:29,5.0,3
651763,CR-0000035772,4,0,0,0,Violation Driver 1,Broadside,23:54,5.0,0
651764,CR-0000049020,0,0,0,0,Violation Driver 1,Other,02:36,5.0,3
651765,CR-0000046625,0,0,1,0,Violation Driver 1,Other,17:30,5.0,3
651766,CR-0000040531,0,0,0,0,Violation Driver 1,Broadside,19:31,5.0,0
651767,CR-0000050075,0,0,0,0,Violation Driver 1,Other,06:09,5.0,3
651768,CR-0000040267,0,0,0,0,Unknown,Broadside,11:40,4.0,0
651769,CR-0000040115,1,0,0,0,Violation Driver 1,Other,08:31,5.0,3
651770,CR-0000046579,0,0,0,1,Violation Driver 1,Other,19:59,5.0,3
651771,CR-0000051147,1,1,0,0,Violation Driver 1,Rear End,18:06,5.0,5
651772,CR-0000045778,2,0,0,0,Violation Driver 1,Broadside,17:12,5.0,0
651773,CR-0000051004,3,0,0,0,Violation Driver 1,Rear End,15:57,5.0,5
651774,CR-0000051239,1,3,0,0,Violation Driver 1,Rear End,16:44,5.0,5
651775,CR-0000046664,0,0,0,0,Unknown,Broadside,15:15,4.0,0
651776,CR-0000085168,1,0,0,0,Violation Driver 1,Vehicle/Pedestrian,17:16,5.0,8
651777,CR-0000085171,0,0,0,0,Violation Driver 1,Hit Object,09:05,5.0,2
651778,CR-0000085170,0,0,0,0,Violation Driver 1,Hit Object,22:25,5.0,2
651779,CR-0000085175,0,0,0,0,Unknown,Sideswipe,14:30,4.0,6
651780,CR-0000085180,1,0,0,0,Violation Driver 1,Sideswipe,21:20,5.0,6
651781,CR-0000085181,0,0,0,0,Unknown,Sideswipe,22:30,4.0,6
651782,CR-0000085183,0,0,0,0,Unknown,Rear End,14:00,4.0,5
651783,CR-0000085185,0,0,0,0,Unknown,Sideswipe,11:40,4.0,6
651790,CR-0000050897,4,0,0,0,Unknown,Rear End,12:45,4.0,5
651791,CR-0000050847,0,0,0,0,Violation Driver 1,Rear End,19:15,5.0,5
651805,CR-0000039263,2,0,0,0,Violation Driver 1,Broadside,15:00,5.0,0
651806,CR-0000037598,1,0,0,0,Pedestrian At Fault,Other,05:37,3.0,3
651807,CR-0000040233,0,0,0,0,Unknown,Other,00:00,4.0,3
651808,CR-0000035044,0,0,0,0,Violation Driver 1,Other,18:14,5.0,3
651809,CR-0000040134,1,0,0,0,Violation Driver 1,Other,20:40,5.0,3
651810,CR-0000035009,0,1,0,0,Pedestrian At Fault,Other,16:54,3.0,3
651811,CR-0000046561,0,0,0,0,Violation Driver 1,Other,18:30,5.0,3
651812,CR-0000040417,1,0,0,0,Unknown,Other,12:50,4.0,3
651815,CR-0000078068,0,0,0,0,Violation Driver 1,Hit Object,12:16,5.0,2
651816,CR-0000046738,0,0,0,0,Unknown,Other,06:30,4.0,3
651817,CR-0000053015,0,0,0,0,Violation Driver 1,Rear End,20:40,5.0,5
651818,CR-0000078035,0,0,0,0,Violation Driver 1,Hit Object,02:50,5.0,2
651819,CR-0000078613,0,0,0,0,Violation Driver 1,Hit Object,03:00,5.0,2
651820,CR-0000085212,0,0,0,0,Unknown,Sideswipe,00:00,4.0,6
651821,CR-0000085213,0,0,0,0,Violation Driver 1,Hit Object,05:20,5.0,2
651822,CR-0000085216,0,0,1,0,Violation Driver 1,Rear End,18:50,5.0,5
651823,CR-0000049830,0,0,0,0,Violation Driver 1,Other,23:29,5.0,3
651824,CR-0000048898,0,0,0,0,Violation Driver 1,Rear End,07:58,5.0,5
651825,CR-0000061931,0,0,0,0,Violation Driver 1,Sideswipe,22:15,5.0,6
651826,CR-0000061905,1,0,0,0,Violation Driver 1,Sideswipe,14:28,5.0,6
651827,CR-0000085217,1,0,0,0,Violation Driver 1,Rear End,07:37,5.0,5
651828,CR-0000049845,0,0,0,0,Violation Driver 1,Other,21:42,5.0,3
651829,CR-0000062115,0,0,0,0,Violation Driver 1,Head On,01:40,5.0,1
651830,CR-0000061967,2,0,0,0,Violation Driver 1,Rear End,14:14,5.0,5
651831,CR-0000061914,0,0,0,0,Violation Driver 1,Rear End,23:05,5.0,5