CrashFactId,Name,MinorInjuries,ModerateInjuries,SevereInjuries,FatalInjuries,PrimaryCollisionFactor,CollisionType,CrashTime,PrimaryCollisionFactor_Code,CollisionType_Code
655094,CR-0000035451,1,0,0,0,Other Than Driver,Other,16:06,2.0,3
655095,CR-0000033724,0,0,0,0,Violation Driver 1,Other,03:50,5.0,3
655096,CR-0000032998,1,0,0,0,Violation Driver 1,Other,15:45,5.0,3
655097,CR-0000032966,0,0,0,0,Violation Driver 1,Rear End,17:40,5.0,5
655098,CR-0000049589,0,0,0,0,Violation Driver 1,Other,12:12,5.0,3
655099,CR-0000049301,0,0,0,0,Unknown,Other,08:10,4.0,3
655100,CR-0000050012,0,0,0,0,Violation Driver 1,Broadside,12:30,5.0,0
655101,CR-0000064960,0,1,0,0,Violation Driver 1,Vehicle/Pedestrian,13:31,5.0,8
655102,CR-0000062306,2,0,0,0,Violation Driver 1,Broadside,15:10,5.0,0
655103,CR-0000062332,1,0,0,0,Violation Driver 1,Vehicle/Pedestrian,09:30,5.0,8
655104,CR-0000062328,1,0,0,0,Violation Driver 1,Rear End,16:14,5.0,5
655105,CR-0000062246,0,0,1,0,Violation Driver 1,Sideswipe,12:36,5.0,6
655106,CR-0000062069,1,0,0,0,Violation Driver 1,Broadside,08:32,5.0,0
655107,CR-0000062204,0,1,0,0,Violation Driver 1,Broadside,11:28,5.0,0
655108,CR-0000062062,1,0,0,0,Violation Driver 1,Vehicle/Pedestrian,13:41,5.0,8
655109,CR-0000040046,0,0,0,0,Violation Driver 1,Head On,19:19,5.0,1
655110,CR-0000049947,1,0,0,0,Violation Driver 1,Broadside,19:23,5.0,0
655111,CR-0000049370,0,0,0,0,Violation Driver 1,Rear End,17:42,5.0,5
655112,CR-0000067710,0,0,0,0,Pedestrian At Fault,Hit Object,16:40,3.0,2
655113,CR-0000040506,1,0,0,0,Violation Driver 1,Other,22:22,5.0,3
655114,CR-0000062484,0,0,0,0,Violation Driver 1,Rear End,19:46,5.0,5
655115,CR-0000062349,0,0,0,0,Violation Driver 1,Sideswipe,22:45,5.0,6
655122,CR-0000062501,1,0,0,0,Violation Driver 1,Vehicle/Bike,22:04,5.0,7
655123,CR-0000062087,0,0,0,0,Violation Driver 1,Hit Object,02:23,5.0,2
655124,CR-0000062240,0,0,0,0,Violation Driver 1,Head On,00:00,5.0,1
655125,CR-0000062315,0,0,0,0,Violation Driver 1,Head On,23:49,5.0,1
655126,CR-0000062229,1,0,0,0,Violation Driver 1,Broadside,13:39,5.0,0
655127,CR-0000065002,0,1,0,0,Violation Driver 1,Broadside,20:43,5.0,0
655128,CR-0000064995,0,0,0,0,Violation Driver 1,Broadside,11:55,5.0,0
655129,CR-0000062344,0,1,0,0,Violation Driver 1,Sideswipe,12:48,5.0,6
655130,CR-0000068026,1,0,0,0,Violation Driver 1,Vehicle/Pedestrian,21:40,5.0,8
655131,CR-0000068058,0,0,0,0,Violation Driver 1,Rear End,21:22,5.0,5
655132,CR-0000063449,0,0,0,0,Violation Driver 1,Rear End,18:34,5.0,5
655133,CR-0000064965,0,0,0,0,Violation Driver 1,Sideswipe,22:07,5.0,6
655134,CR-0000062364,2,0,0,0,Violation Driver 1,Broadside,17:20,5.0,0
655135,CR-0000062264,3,0,0,0,Violation Driver 1,Rear End,09:55,5.0,5
655136,CR-0000067696,0,0,0,0,Violation Driver 1,Sideswipe,22:34,5.0,6
655137,CR-0000067695,0,0,0,0,Violation Driver 1,Rear End,20:48,5.0,5
655138,CR-0000067693,0,1,0,0,Violation Driver 1,Broadside,19:05,5.0,0
655143,CR-0000051464,1,0,0,0,Violation Driver 1,Rear End,14:51,5.0,5
655144,CR-0000062372,0,0,0,0,Violation Driver 1,Rear End,22:59,5.0,5
655146,CR-0000062465,0,0,0,0,Violation Driver 1,Hit Object,22:39,5.0,2
655147,CR-0000062304,0,0,0,0,Violation Driver 1,Sideswipe,10:26,5.0,6
655148,CR-0000062598,1,0,0,0,Violation Driver 1,Hit Object,08:51,5.0,2
655149,CR-0000062682,0,0,0,0,Violation Driver 1,Hit Object,21:40,5.0,2
655150,CR-0000067793,1,0,0,0,Violation Driver 1,Broadside,23:53,5.0,0
655151,CR-0000063652,0,0,0,0,Violation Driver 1,Rear End,01:08,5.0,5
655152,CR-0000062451,0,0,0,0,Violation Driver 1,Sideswipe,02:30,5.0,6
655153,CR-0000063613,0,0,0,0,Violation Driver 1,Broadside,12:49,5.0,0
655154,CR-0000063790,0,0,1,0,Bike At Fault,Rear End,02:02,0.0,5
655155,CR-0000062585,0,0,0,0,Violation Driver 1,Sideswipe,14:20,5.0,6
655156,CR-0000062667,0,0,0,0,Violation Driver 1,Sideswipe,17:36,5.0,6
655157,CR-0000062650,0,0,0,0,Violation Driver 1,Head On,04:50,5.0,1
655158,CR-0000049879,2,0,0,0,Violation Driver 1,Rear End,11:41,5.0,5
655159,CR-0000044636,0,0,0,0,Violation Driver 1,Other,14:20,5.0,3
655160,CR-0000044401,0,0,0,0,Violation Driver 1,Sideswipe,23:00,5.0,6
655161,CR-0000035285,1,0,0,0,Bike At Fault,Other,15:15,0.0,3
655162,CR-0000032584,0,0,0,0,Violation Driver 1,Rear End,15:59,5.0,5
655163,CR-0000032697,0,0,0,0,Unknown,Broadside,20:30,4.0,0
655164,CR-0000053532,0,1,0,0,Violation Driver 1,Other,19:29,5.0,3
655165,CR-0000041629,1,0,0,0,Violation Driver 1,Broadside,13:09,5.0,0
655166,CR-0000050116,0,0,0,0,Unknown,Other,15:00,4.0,3
655167,CR-0000050114,0,1,0,0,Violation Driver 1,Other,20:05,5.0,3
655168,CR-0000049376,0,1,0,0,Violation Driver 1,Rear End,00:35,5.0,5
655169,CR-0000062483,1,0,0,0,Violation Driver 1,Broadside,18:40,5.0,0
655170,CR-0000062252,0,1,0,0,Violation Driver 1,Broadside,15:55,5.0,0
655171,CR-0000062088,0,0,0,0,Violation Driver 1,Rear End,06:27,5.0,5
655172,CR-0000034120,0,0,0,0,Other Improper Driving,Other,18:10,1.0,3
655173,CR-0000033856,0,1,0,0,Violation Driver 1,Other,04:44,5.0,3
655174,CR-0000050004,0,1,0,0,Violation Driver 1,Rear End,07:58,5.0,5
655175,CR-0000049328,0,0,0,0,Unknown,Other,12:10,4.0,3
655176,CR-0000049914,1,0,0,0,Violation Driver 1,Broadside,21:46,5.0,0
655177,CR-0000062346,0,0,0,0,Violation Driver 1,Sideswipe,01:34,5.0,6
655178,CR-0000063451,0,0,0,0,Violation Driver 1,Rear End,22:25,5.0,5
655179,CR-0000063642,0,0,0,0,Violation Driver 1,Broadside,15:20,5.0,0
655180,CR-0000063638,0,0,0,0,Violation Driver 1,Hit Object,11:33,5.0,2
655181,CR-0000063636,1,0,0,0,Violation Driver 1,Broadside,08:38,5.0,0
655182,CR-0000068185,0,0,0,0,Violation Driver 1,Sideswipe,17:43,5.0,6
655183,CR-0000068169,0,0,0,0,Violation Driver 1,Sideswipe,06:00,5.0,6
655184,CR-0000062691,0,0,0,0,Violation Driver 1,Broadside,10:46,5.0,0
655185,CR-0000063412,1,0,0,0,Violation Driver 1,Broadside,00:12,5.0,0
655186,CR-0000062600,0,0,0,0,Violation Driver 1,Rear End,21:29,5.0,5
655187,CR-0000062582,0,1,0,0,Violation Driver 1,Broadside,16:38,5.0,0
655188,CR-0000062448,0,0,0,0,Violation Driver 1,Sideswipe,22:38,5.0,6
655189,CR-0000067879,2,0,0,0,Violation Driver 1,Broadside,16:37,5.0,0
655190,CR-0000067877,2,0,0,0,Violation Driver 1,Broadside,14:30,5.0,0
655191,CR-0000062651,1,0,0,0,Violation Driver 1,Rear End,08:59,5.0,5
655192,CR-0000062517,1,0,0,0,Violation Driver 1,Rear End,16:11,5.0,5
655193,CR-0000062512,0,0,0,0,Violation Driver 1,Broadside,13:40,5.0,0
655194,CR-0000062618,1,0,0,0,Violation Driver 1,Rear End,10:51,5.0,5
655195,CR-0000067658,0,0,0,0,Violation Driver 1,Sideswipe,15:10,5.0,6
655196,CR-0000050324,0,0,0,0,Violation Driver 1,Other,05:20,5.0,3
655197,CR-0000067662,4,0,0,0,Violation Driver 1,Broadside,09:53,5.0,0
655198,CR-0000067659,1,0,0,0,Violation Driver 1,Broadside,18:11,5.0,0
655200,CR-0000063756,0,0,0,0,Violation Driver 1,Rear End,21:40,5.0,5
655201,CR-0000062263,0,2,1,0,Violation Driver 1,Broadside,09:18,5.0,0
655202,CR-0000062726,0,0,0,0,Violation Driver 1,Sideswipe,08:31,5.0,6
655203,CR-0000063659,0,0,0,0,Violation Driver 1,Hit Object,16:43,5.0,2
655204,CR-0000063539,0,0,0,0,Violation Driver 1,Head On,10:18,5.0,1
655205,CR-0000068234,1,1,0,0,Violation Driver 1,Head On,18:17,5.0,1
655211,CR-0000050183,1,0,0,0,Violation Driver 1,Other,13:45,5.0,3
655212,CR-0000050165,2,0,0,0,Violation Driver 1,Broadside,00:13,5.0,0
655213,CR-0000049432,0,0,1,0,Pedestrian At Fault,Other,22:35,3.0,3
655214,CR-0000063417,1,0,0,0,Violation Driver 1,Rear End,17:02,5.0,5
655215,CR-0000067994,0,0,0,0,Violation Driver 1,Broadside,14:26,5.0,0
655216,CR-0000063344,0,0,0,0,Violation Driver 1,Rear End,19:49,5.0,5
655217,CR-0000063298,1,0,0,0,Violation Driver 1,Sideswipe,11:51,5.0,6
655218,CR-0000034286,1,0,0,0,Violation Driver 1,Other,07:20,5.0,3
655219,CR-0000035443,1,0,0,0,Violation Driver 1,Rear End,15:04,5.0,5
655220,CR-0000035442,1,0,0,0,Violation Driver 1,Head On,06:18,5.0,1
655221,CR-0000062416,0,0,0,0,Violation Driver 1,Broadside,16:55,5.0,0
655222,CR-0000063421,2,0,0,0,Violation Driver 1,Sideswipe,22:42,5.0,6
655223,CR-0000062692,1,0,0,0,Violation Driver 1,Broadside,10:57,5.0,0
655224,CR-0000068154,0,0,0,0,Violation Driver 1,Head On,03:55,5.0,1
655225,CR-0000062279,1,0,0,0,Violation Driver 1,Broadside,20:33,5.0,0
655226,CR-0000068767,0,0,0,0,Violation Driver 1,Head On,10:20,5.0,1
655227,CR-0000063713,0,0,0,0,Violation Driver 1,Rear End,02:34,5.0,5
655228,CR-0000049978,2,0,0,0,Violation Driver 1,Rear End,16:15,5.0,5
655229,CR-0000044649,0,0,0,0,Violation Driver 1,Sideswipe,09:54,5.0,6
655230,CR-0000044468,0,0,0,0,Unknown,Other,02:31,4.0,3
655231,CR-0000049798,0,0,0,0,Unknown,Broadside,13:45,4.0,0
655232,CR-0000035221,0,0,0,0,Violation Driver 1,Broadside,11:09,5.0,0
655233,CR-0000035219,0,0,0,0,Unknown,Other,01:00,4.0,3
655234,CR-0000035266,0,0,0,0,Unknown,Other,11:45,4.0,3
655235,CR-0000049996,0,0,0,0,Violation Driver 1,Rear End,16:53,5.0,5
655236,CR-0000044585,1,0,0,0,Bike At Fault,Other,16:52,0.0,3
655237,CR-0000034452,0,4,1,0,Violation Driver 1,Head On,14:57,5.0,1
655238,CR-0000033665,0,0,0,0,Violation Driver 1,Head On,16:23,5.0,1
655239,CR-0000032897,0,0,0,0,Violation Driver 1,Other,23:37,5.0,3
655242,CR-0000063706,0,0,0,0,Violation Driver 1,Rear End,22:14,5.0,5
655243,CR-0000068800,0,1,0,0,Violation Driver 1,Broadside,02:45,5.0,0
655244,CR-0000068669,0,1,0,0,Violation Driver 1,Rear End,12:58,5.0,5
655248,CR-0000044815,0,0,0,0,Unknown,Other,14:30,4.0,3
655249,CR-0000033668,0,0,0,0,Unknown,Other,10:22,4.0,3
655250,CR-0000034145,1,0,0,0,Bike At Fault,Other,17:30,0.0,3
655252,CR-0000049880,0,0,0,0,Violation Driver 1,Other,11:50,5.0,3
655253,CR-0000049864,0,0,0,0,Violation Driver 1,Broadside,07:30,5.0,0
655254,CR-0000044634,0,0,0,0,Bike At Fault,Vehicle/Bike,15:50,0.0,7
655255,CR-0000035203,0,0,0,0,Violation Driver 1,Broadside,18:19,5.0,0
655256,CR-0000035138,0,0,0,0,Unknown,Rear End,20:10,4.0,5
655257,CR-0000034715,0,0,0,0,Violation Driver 1,Rear End,18:37,5.0,5
655258,CR-0000035119,0,0,0,0,Unknown,Other,01:00,4.0,3
655259,CR-0000034315,1,0,0,0,Violation Driver 1,Other,14:06,5.0,3
655260,CR-0000034590,0,0,0,0,Violation Driver 1,Other,03:40,5.0,3
655261,CR-0000036198,2,0,0,0,Violation Driver 1,Sideswipe,17:04,5.0,6
655262,CR-0000036196,0,0,0,0,Violation Driver 1,Rear End,06:22,5.0,5
655264,CR-0000050173,1,0,0,0,Violation Driver 1,Other,18:30,5.0,3
655265,CR-0000050468,1,0,0,0,Bike At Fault,Other,18:59,0.0,3
655266,CR-0000050623,0,0,0,0,Violation Driver 1,Other,07:58,5.0,3
655267,CR-0000050607,0,0,0,0,Violation Driver 1,Rear End,12:30,5.0,5
655268,CR-0000062480,1,0,0,0,Violation Driver 1,Broadside,15:05,5.0,0
655269,CR-0000067792,1,0,0,0,Violation Driver 1,Rear End,20:16,5.0,5
655270,CR-0000067894,0,0,0,0,Violation Driver 1,Rear End,10:00,5.0,5
655271,CR-0000035431,1,0,0,0,Unknown,Other,10:16,4.0,3
655272,CR-0000033067,0,0,0,0,Violation Driver 1,Rear End,16:00,5.0,5
655273,CR-0000049557,0,0,0,0,Unknown,Other,16:00,4.0,3
655274,CR-0000050315,0,0,0,0,Violation Driver 1,Rear End,13:06,5.0,5
655275,CR-0000067666,0,0,1,0,Pedestrian At Fault,Vehicle/Pedestrian,20:59,3.0,8
655276,CR-0000064972,1,0,0,0,Violation Driver 1,Rear End,11:39,5.0,5
655277,CR-0000064970,0,0,0,0,Violation Driver 1,Rear End,06:56,5.0,5
655278,CR-0000063437,1,0,0,0,Violation Driver 1,Broadside,13:04,5.0,0
655279,CR-0000062311,3,0,0,0,Violation Driver 1,Rear End,19:04,5.0,5
655280,CR-0000064954,0,0,0,0,Violation Driver 1,Rear End,06:45,5.0,5
655281,CR-0000068165,0,0,0,0,Violation Driver 1,Rear End,22:29,5.0,5
655282,CR-0000068156,0,0,0,0,Violation Driver 1,Sideswipe,12:51,5.0,6
655283,CR-0000063624,1,0,0,0,Violation Driver 1,Broadside,21:21,5.0,0
655284,CR-0000062355,2,0,0,0,Violation Driver 1,Rear End,11:51,5.0,5
655285,CR-0000062078,1,0,0,0,Bike At Fault,Vehicle/Bike,19:28,0.0,7
655286,CR-0000062312,0,0,0,0,Violation Driver 1,Sideswipe,19:55,5.0,6
655287,CR-0000062226,2,1,0,0,Violation Driver 1,Broadside,10:33,5.0,0
655288,CR-0000062223,0,0,0,0,Violation Driver 1,Hit Object,05:02,5.0,2
655289,CR-0000062388,0,0,0,0,Violation Driver 1,Sideswipe,22:11,5.0,6
655290,CR-0000062300,0,0,0,0,Violation Driver 1,Hit Object,02:01,5.0,2
655291,CR-0000062368,0,0,0,0,Violation Driver 1,Sideswipe,18:23,5.0,6
655292,CR-0000063661,1,0,0,0,Violation Driver 1,Head On,19:28,5.0,1
655293,CR-0000063341,2,0,0,0,Violation Driver 1,Broadside,14:57,5.0,0
655294,CR-0000063511,0,0,0,0,Violation Driver 1,Rear End,07:59,5.0,5
655295,CR-0000063704,1,0,0,0,Violation Driver 1,Rear End,20:56,5.0,5
655296,CR-0000067661,0,2,0,0,Violation Driver 1,Broadside,21:00,5.0,0
655299,CR-0000062433,0,1,0,0,Violation Driver 1,Broadside,11:25,5.0,0
655300,CR-0000067861,2,0,0,0,Violation Driver 1,Head On,04:59,5.0,1
655301,CR-0000033740,0,0,1,0,Violation Driver 1,Other,17:49,5.0,3
655302,CR-0000032972,0,0,0,0,Violation Driver 1,Other,15:07,5.0,3
655303,CR-0000032954,0,0,0,0,Unknown,Other,01:55,4.0,3
655304,CR-0000050308,0,0,0,0,Unknown,Rear End,22:30,4.0,5
655305,CR-0000063363,0,0,0,0,Bike At Fault,Broadside,17:23,0.0,0
655306,CR-0000062895,0,0,0,0,Violation Driver 1,Broadside,21:58,5.0,0
655307,CR-0000062365,0,0,0,0,Violation Driver 1,Rear End,16:17,5.0,5
655308,CR-0000062290,0,0,0,0,Violation Driver 1,Sideswipe,15:00,5.0,6
655309,CR-0000062282,0,0,0,0,Violation Driver 1,Broadside,10:17,5.0,0
655310,CR-0000062265,0,1,0,0,Violation Driver 1,Broadside,10:19,5.0,0
655311,CR-0000062255,0,1,0,0,Violation Driver 1,Rear End,22:28,5.0,5
655312,CR-0000062422,1,0,0,0,Violation Driver 1,Sideswipe,14:55,5.0,6
655313,CR-0000062418,4,0,0,0,Violation Driver 1,Rear End,01:40,5.0,5
655315,CR-0000050242,0,1,0,0,Bike At Fault,Other,19:43,0.0,3
655316,CR-0000035290,1,0,0,0,Violation Driver 1,Rear End,13:49,5.0,5
655317,CR-0000035272,0,0,0,0,Unknown,Other,09:45,4.0,3
655318,CR-0000034500,1,0,0,0,Violation Driver 1,Other,15:00,5.0,3
655320,CR-0000051399,1,0,0,0,Violation Driver 1,Broadside,07:33,5.0,0
655321,CR-0000035268,0,0,0,0,Violation Driver 1,Sideswipe,15:20,5.0,6
655322,CR-0000034070,0,0,0,0,Violation Driver 1,Broadside,23:04,5.0,0
655323,CR-0000035979,0,0,0,0,Unknown,Rear End,18:00,4.0,5
655324,CR-0000032745,0,0,0,0,Violation Driver 1,Rear End,10:49,5.0,5
655325,CR-0000034502,0,0,0,0,Violation Driver 1,Rear End,20:57,5.0,5
655326,CR-0000044679,0,0,0,0,Violation Driver 1,Other,12:30,5.0,3
655327,CR-0000044665,1,0,0,0,Violation Driver 1,Rear End,13:18,5.0,5
655328,CR-0000044656,1,1,0,0,Violation Driver 1,Head On,15:54,5.0,1
655329,CR-0000033545,0,0,0,0,Violation Driver 1,Other,22:27,5.0,3
655330,CR-0000033563,0,0,0,0,Unknown,Other,13:30,4.0,3
655331,CR-0000032855,0,0,0,0,Unknown,Sideswipe,22:30,4.0,6
655332,CR-0000033725,0,0,0,0,Violation Driver 1,Rear End,13:58,5.0,5
655333,CR-0000032787,0,1,0,0,Bike At Fault,Other,20:35,0.0,3
655334,CR-0000035533,2,0,0,0,Unknown,Rear End,16:00,4.0,5
655335,CR-0000032840,0,0,0,0,Violation Driver 1,Rear End,11:51,5.0,5
655336,CR-0000034297,0,1,0,0,Bike At Fault,Other,14:25,0.0,3
655337,CR-0000035120,0,0,0,0,Violation Driver 1,Broadside,17:42,5.0,0
655338,CR-0000034265,0,1,0,0,Violation Driver 1,Other,19:48,5.0,3
655339,CR-0000032666,0,0,0,0,Violation Driver 1,Other,06:10,5.0,3
655340,CR-0000035549,0,1,0,0,Violation Driver 1,Other,15:30,5.0,3
655341,CR-0000035521,1,1,0,0,Violation Driver 1,Head On,17:45,5.0,1
655342,CR-0000050334,1,0,0,0,Violation Driver 1,Rear End,18:25,5.0,5
655343,CR-0000049201,0,0,0,0,Violation Driver 1,Broadside,13:35,5.0,0
655344,CR-0000062414,0,1,0,0,Violation Driver 1,Vehicle/Pedestrian,09:07,5.0,8
655345,CR-0000062652,1,0,0,0,Violation Driver 1,Broadside,10:36,5.0,0
655346,CR-0000062530,0,0,0,0,Violation Driver 1,Rear End,22:00,5.0,5
655347,CR-0000034732,0,0,0,0,Violation Driver 1,Rear End,12:25,5.0,5
655348,CR-0000035118,1,0,0,0,Violation Driver 1,Rear End,12:36,5.0,5
655349,CR-0000062347,1,0,0,0,Violation Driver 1,Head On,17:40,5.0,1
655350,CR-0000062080,0,1,0,0,Violation Driver 1,Broadside,20:57,5.0,0
655351,CR-0000062283,0,1,0,0,Violation Driver 1,Head On,10:35,5.0,1
655352,CR-0000062434,0,0,0,0,Violation Driver 1,Rear End,13:24,5.0,5
655353,CR-0000062256,2,0,0,0,Violation Driver 1,Sideswipe,23:35,5.0,6
655354,CR-0000067862,1,0,0,0,Violation Driver 1,Rear End,09:30,5.0,5
655355,CR-0000062632,0,0,0,0,Violation Driver 1,Rear End,11:57,5.0,5
655356,CR-0000064297,1,2,0,0,Violation Driver 1,Sideswipe,21:40,5.0,6
655357,CR-0000062871,0,0,0,0,Violation Driver 1,Rear End,22:13,5.0,5
655358,CR-0000062919,1,1,1,0,Violation Driver 1,Broadside,23:03,5.0,0
655359,CR-0000062302,0,0,0,0,Violation Driver 1,Rear End,01:00,5.0,5
655360,CR-0000062268,0,1,0,0,Unknown,Broadside,18:30,4.0,0
655361,CR-0000062253,0,0,0,0,Violation Driver 1,Rear End,18:05,5.0,5
655362,CR-0000062533,0,0,0,0,Violation Driver 1,Head On,20:35,5.0,1
655363,CR-0000033584,0,0,0,0,Violation Driver 1,Other,17:27,5.0,3
655364,CR-0000035265,0,0,0,0,Violation Driver 1,Broadside,15:27,5.0,0
655365,CR-0000034123,1,0,0,0,Violation Driver 1,Broadside,18:40,5.0,0
655366,CR-0000034657,0,0,0,0,Violation Driver 1,Rear End,17:35,5.0,5
655367,CR-0000032894,2,0,0,0,Violation Driver 1,Sideswipe,13:00,5.0,6
655368,CR-0000033713,0,1,0,0,Violation Driver 1,Other,02:30,5.0,3
655369,CR-0000033759,1,1,0,0,Violation Driver 1,Broadside,14:18,5.0,0
655370,CR-0000033813,0,0,0,0,Violation Driver 1,Rear End,11:46,5.0,5
655371,CR-0000049364,1,0,0,0,Violation Driver 1,Rear End,14:06,5.0,5
655372,CR-0000049191,0,0,0,0,Unknown,Rear End,07:40,4.0,5
655373,CR-0000044657,0,1,0,0,Violation Driver 1,Other,17:00,5.0,3
655374,CR-0000062796,2,2,0,0,Violation Driver 1,Broadside,19:05,5.0,0
655375,CR-0000062262,1,0,0,0,Violation Driver 1,Rear End,10:56,5.0,5
655376,CR-0000062260,0,0,0,0,Violation Driver 1,Broadside,07:04,5.0,0
655377,CR-0000062259,0,0,0,0,Violation Driver 1,Rear End,05:27,5.0,5
655378,CR-0000062137,0,0,0,0,Violation Driver 1,Broadside,13:26,5.0,0
655381,CR-0000044698,0,0,0,0,Violation Driver 1,Rear End,09:54,5.0,5
655382,CR-0000062845,0,0,0,0,Violation Driver 1,Rear End,17:43,5.0,5
655383,CR-0000067766,1,0,0,0,Violation Driver 1,Broadside,05:06,5.0,0
655384,CR-0000062828,0,0,0,0,Violation Driver 2,Rear End,08:47,6.0,5
655385,CR-0000062812,0,0,0,0,Violation Driver 1,Sideswipe,02:35,5.0,6
655386,CR-0000062714,0,0,0,0,Violation Driver 1,Rear End,01:16,5.0,5
655387,CR-0000067915,2,0,0,0,Violation Driver 1,Hit Object,21:44,5.0,2
655388,CR-0000062228,0,0,0,0,Violation Driver 1,Sideswipe,11:04,5.0,6
655389,CR-0000062401,0,1,0,0,Violation Driver 1,Sideswipe,10:01,5.0,6
655390,CR-0000062535,0,0,0,0,Violation Driver 1,Hit Object,23:52,5.0,2
655396,CR-0000049096,0,1,0,0,Violation Driver 1,Other,11:38,5.0,3
655397,CR-0000049036,0,1,0,0,Bike At Fault,Other,08:38,0.0,3
655398,CR-0000062494,0,0,0,0,Violation Driver 1,Rear End,09:38,5.0,5
655399,CR-0000062464,0,0,0,0,Violation Driver 1,Rear End,20:22,5.0,5
655400,CR-0000062435,0,0,1,0,Violation Driver 1,Vehicle/Pedestrian,19:34,5.0,8
655401,CR-0000062419,0,0,0,0,Violation Driver 1,Hit Object,05:17,5.0,2
655402,CR-0000062546,2,0,0,0,Violation Driver 1,Rear End,16:06,5.0,5
655403,CR-0000049182,0,0,0,0,Violation Driver 1,Broadside,17:08,5.0,0
655404,CR-0000049906,1,3,0,0,Violation Driver 1,Broadside,07:45,5.0,0
655405,CR-0000062495,1,0,0,0,Violation Driver 1,Broadside,10:01,5.0,0
655406,CR-0000062331,0,0,0,0,Violation Driver 1,Sideswipe,10:40,5.0,6
655407,CR-0000062369,2,0,0,0,Violation Driver 1,Broadside,19:48,5.0,0
655408,CR-0000062362,0,0,0,0,Violation Driver 1,Sideswipe,16:13,5.0,6
655416,CR-0000062079,0,0,0,0,Violation Driver 1,Hit Object,20:00,5.0,2
655417,CR-0000061752,0,0,0,0,Violation Driver 1,Rear End,07:42,5.0,5
655418,CR-0000061637,0,0,0,0,Violation Driver 1,Rear End,22:50,5.0,5
655419,CR-0000061922,2,0,0,0,Violation Driver 1,Broadside,09:59,5.0,0
655420,CR-0000061908,1,0,0,0,Violation Driver 1,Broadside,16:14,5.0,0
655421,CR-0000061802,0,1,0,0,Violation Driver 1,Broadside,18:51,5.0,0
655422,CR-0000061711,1,0,0,0,Violation Driver 1,Rear End,15:54,5.0,5
655424,CR-0000040017,0,0,0,0,Violation Driver 1,Broadside,19:53,5.0,0
655425,CR-0000033521,0,0,0,0,Violation Driver 1,Rear End,08:45,5.0,5
655426,CR-0000033981,0,2,0,0,Violation Driver 1,Rear End,16:00,5.0,5
655427,CR-0000033979,1,0,0,0,Bike At Fault,Other,10:18,0.0,3
655428,CR-0000034673,0,0,0,0,Violation Driver 1,Broadside,15:19,5.0,0
655429,CR-0000033858,0,0,0,0,Violation Driver 1,Head On,20:55,5.0,1
655430,CR-0000034103,0,0,0,0,Violation Driver 1,Other,21:40,5.0,3
655446,CR-0000032870,1,0,0,0,Violation Driver 1,Rear End,22:13,5.0,5
655447,CR-0000032791,1,1,0,0,Violation Driver 1,Rear End,22:00,5.0,5
655448,CR-0000044512,0,1,0,0,Unknown,Other,20:30,4.0,3
655449,CR-0000062532,1,0,0,0,Violation Driver 1,Broadside,20:10,5.0,0
655450,CR-0000062531,0,0,0,0,Violation Driver 1,Rear End,16:30,5.0,5
655451,CR-0000062413,1,0,0,0,Violation Driver 1,Rear End,09:04,5.0,5
655452,CR-0000062516,1,0,0,0,Violation Driver 1,Broadside,16:00,5.0,0
655457,CR-0000062633,0,0,0,0,Violation Driver 1,Rear End,12:25,5.0,5
655458,CR-0000049516,1,0,0,0,Violation Driver 1,Head On,11:20,5.0,1
655459,CR-0000063085,1,0,0,0,Violation Driver 1,Broadside,07:54,5.0,0
655460,CR-0000067773,0,0,0,0,Violation Driver 1,Rear End,17:12,5.0,5
655461,CR-0000062721,1,0,0,0,Violation Driver 1,Hit Object,22:58,5.0,2
655462,CR-0000062914,1,0,0,0,Violation Driver 1,Broadside,07:36,5.0,0
655463,CR-0000067947,0,0,0,0,Violation Driver 1,Rear End,19:08,5.0,5
655465,CR-0000050235,0,1,0,0,Violation Driver 1,Other,09:52,5.0,3
655466,CR-0000050224,1,0,0,0,Violation Driver 1,Rear End,20:58,5.0,5
655467,CR-0000049538,0,0,0,0,Unknown,Rear End,02:34,4.0,5
655468,CR-0000050198,0,0,0,0,Violation Driver 1,Other,01:48,5.0,3
655469,CR-0000040044,0,0,0,0,Violation Driver 1,Broadside,17:47,5.0,0
655470,CR-0000040035,0,1,0,0,Violation Driver 1,Rear End,17:28,5.0,5
655471,CR-0000040021,0,0,0,0,Violation Driver 1,Rear End,18:10,5.0,5
655472,CR-0000032665,0,0,0,0,Violation Driver 1,Head On,00:58,5.0,1
655473,CR-0000050096,0,0,0,0,Violation Driver 1,Broadside,01:06,5.0,0
655474,CR-0000050095,0,0,0,0,Violation Driver 1,Broadside,21:52,5.0,0
655475,CR-0000050078,0,1,0,0,Violation Driver 1,Rear End,13:35,5.0,5
655476,CR-0000044785,0,0,0,0,Violation Driver 1,Other,10:19,5.0,3