CrashFactId,Name,MinorInjuries,ModerateInjuries,SevereInjuries,FatalInjuries,PrimaryCollisionFactor,CollisionType,CrashTime,PrimaryCollisionFactor_Code,CollisionType_Code
655876,CR-0000049362,1,0,0,0,Violation Driver 1,Broadside,12:02,5.0,0
655877,CR-0000062786,1,0,0,0,Violation Driver 1,Broadside,08:15,5.0,0
655878,CR-0000062687,0,0,0,0,Violation Driver 1,Sideswipe,21:00,5.0,6
655879,CR-0000062679,0,1,0,0,Violation Driver 1,Broadside,14:15,5.0,0
655880,CR-0000063078,0,1,0,0,Violation Driver 1,Rear End,12:33,5.0,5
655881,CR-0000068231,0,0,0,0,Violation Driver 1,Rear End,15:12,5.0,5
655883,CR-0000050313,1,1,0,0,Violation Driver 1,Other,08:24,5.0,3
655884,CR-0000050046,0,0,0,0,Violation Driver 1,Broadside,07:55,5.0,0
655885,CR-0000050027,0,1,0,0,Pedestrian At Fault,Other,22:12,3.0,3
655886,CR-0000049359,1,0,0,0,Violation Driver 1,Rear End,08:45,5.0,5
655887,CR-0000049910,4,0,0,0,Violation Driver 2,Head On,14:12,6.0,1
655888,CR-0000063402,1,0,0,0,Violation Driver 1,Rear End,17:16,5.0,5
655889,CR-0000068686,0,1,0,0,Violation Driver 1,Sideswipe,01:58,5.0,6
655890,CR-0000033843,0,0,0,0,Violation Driver 1,Other,11:30,5.0,3
655891,CR-0000035418,0,0,0,0,Violation Driver 1,Head On,14:50,5.0,1
655892,CR-0000035405,0,0,0,0,Unknown,Other,17:35,4.0,3
655893,CR-0000068041,2,0,0,0,Violation Driver 1,Rear End,18:58,5.0,5
655896,CR-0000063342,0,1,0,0,Bike At Fault,Vehicle/Bike,17:20,0.0,7
655897,CR-0000067931,2,0,0,0,Violation Driver 1,Broadside,16:10,5.0,0
655898,CR-0000049861,0,0,0,0,Unknown,Rear End,10:30,4.0,5
655899,CR-0000044745,1,0,0,0,Bike At Fault,Other,17:28,0.0,3
655900,CR-0000044488,1,0,0,0,Violation Driver 1,Head On,17:04,5.0,1
655901,CR-0000049794,0,1,0,0,Violation Driver 1,Other,20:15,5.0,3
655902,CR-0000040015,0,0,0,0,Violation Driver 1,Other,19:15,5.0,3
655903,CR-0000033476,0,0,0,0,Violation Driver 1,Other,11:12,5.0,3
655904,CR-0000063062,0,0,0,0,Violation Driver 1,Other,18:44,5.0,3
655908,CR-0000035392,0,1,0,0,Unknown,Head On,09:40,4.0,1
655909,CR-0000050418,0,0,0,0,Violation Driver 1,Broadside,18:00,5.0,0
655910,CR-0000050645,0,0,0,0,Violation Driver 1,Other,15:59,5.0,3
655911,CR-0000050128,0,0,0,0,Violation Driver 1,Rear End,16:00,5.0,5
655912,CR-0000068222,1,0,0,0,Violation Driver 1,Rear End,16:17,5.0,5
655917,CR-0000049862,0,0,0,0,Unknown,Other,00:00,4.0,3
655918,CR-0000044612,0,0,0,0,Violation Driver 1,Other,21:13,5.0,3
655919,CR-0000063394,0,0,0,0,Violation Driver 1,Broadside,08:22,5.0,0
655920,CR-0000063354,1,0,0,0,Violation Driver 1,Rear End,01:25,5.0,5
655921,CR-0000063201,4,0,0,0,Violation Driver 1,Broadside,15:29,5.0,0
655922,CR-0000063102,0,0,0,0,Violation Driver 1,Sideswipe,18:09,5.0,6
655923,CR-0000063077,2,0,0,0,Violation Driver 1,Broadside,15:22,5.0,0
655924,CR-0000062815,0,0,0,0,Violation Driver 1,Hit Object,22:45,5.0,2
655925,CR-0000062731,0,0,0,0,Violation Driver 1,Rear End,05:05,5.0,5
655932,CR-0000068224,0,0,0,0,Violation Driver 1,Hit Object,20:30,5.0,2
655934,CR-0000050175,0,0,0,0,Unknown,Broadside,16:45,4.0,0
655935,CR-0000035446,0,0,0,0,Unknown,Other,19:00,4.0,3
655936,CR-0000035544,0,1,0,0,Violation Driver 1,Other,20:00,5.0,3
655937,CR-0000035394,0,0,0,0,Unknown,Rear End,14:50,4.0,5
655938,CR-0000062768,0,0,0,0,Violation Driver 1,Broadside,17:20,5.0,0
655939,CR-0000063037,0,1,0,0,Violation Driver 1,Rear End,14:26,5.0,5
655940,CR-0000042835,0,0,0,0,Unknown,Head On,17:20,4.0,1
655941,CR-0000052926,0,0,0,0,Violation Driver 1,Sideswipe,06:24,5.0,6
655942,CR-0000063223,3,0,0,0,Violation Driver 1,Head On,00:25,5.0,1
655943,CR-0000068183,0,0,0,0,Violation Driver 1,Broadside,15:38,5.0,0
655946,CR-0000039576,0,0,0,0,Unknown,Rear End,17:20,4.0,5
655947,CR-0000033004,0,0,0,0,Unknown,Other,09:30,4.0,3
655948,CR-0000037638,0,0,0,0,Violation Driver 1,Other,05:20,5.0,3
655949,CR-0000037981,0,0,0,0,Unknown,Other,00:00,4.0,3
655950,CR-0000033803,1,1,0,0,Violation Driver 1,Other,13:50,5.0,3
655951,CR-0000033699,1,0,0,0,Violation Driver 1,Rear End,10:59,5.0,5
655952,CR-0000037665,0,0,0,0,Violation Driver 1,Other,14:35,5.0,3
655953,CR-0000049017,0,0,0,0,Unknown,Sideswipe,12:00,4.0,6
655954,CR-0000062889,0,0,0,0,Violation Driver 1,Broadside,13:58,5.0,0
655955,CR-0000062839,0,0,0,0,Violation Driver 1,Broadside,15:27,5.0,0
655956,CR-0000062555,1,0,0,0,Violation Driver 1,Head On,16:30,5.0,1
655957,CR-0000064256,1,0,0,0,Violation Driver 1,Rear End,15:33,5.0,5
655958,CR-0000067870,0,0,0,0,Violation Driver 1,Broadside,21:20,5.0,0
655959,CR-0000067853,0,0,0,0,Violation Driver 1,Sideswipe,16:43,5.0,6
655961,CR-0000039675,0,0,0,0,Violation Driver 1,Rear End,10:30,5.0,5
655962,CR-0000063241,1,0,0,0,Violation Driver 1,Rear End,21:46,5.0,5
655963,CR-0000063226,3,0,0,0,Violation Driver 1,Rear End,15:44,5.0,5
655964,CR-0000068267,1,0,0,0,Violation Driver 1,Broadside,22:34,5.0,0
655965,CR-0000068237,0,1,0,0,Violation Driver 1,Vehicle/Pedestrian,20:45,5.0,8
655970,CR-0000047792,0,1,0,0,Unknown,Other,15:54,4.0,3
655971,CR-0000048953,0,0,0,0,Unknown,Broadside,18:25,4.0,0
655972,CR-0000033590,1,0,0,0,Violation Driver 1,Rear End,09:20,5.0,5
655973,CR-0000033582,0,0,0,0,Other Than Driver,Other,12:30,2.0,3
655974,CR-0000033579,1,0,0,0,Violation Driver 1,Rear End,11:40,5.0,5
655975,CR-0000033710,0,0,0,0,Violation Driver 1,Other,01:05,5.0,3
655976,CR-0000034343,0,1,0,0,Violation Driver 1,Other,14:39,5.0,3
655977,CR-0000034443,0,1,0,0,Bike At Fault,Other,11:30,0.0,3
655978,CR-0000049046,1,0,0,0,Violation Driver 1,Rear End,18:42,5.0,5
655979,CR-0000063227,0,1,0,0,Violation Driver 1,Hit Object,15:59,5.0,2
655980,CR-0000063046,1,0,0,0,Violation Driver 1,Rear End,01:54,5.0,5
655981,CR-0000063039,0,0,0,0,Other Improper Driving,Sideswipe,19:00,1.0,6
655982,CR-0000064279,0,1,0,0,Violation Driver 1,Broadside,06:47,5.0,0
655983,CR-0000050117,0,0,0,0,Unknown,Other,11:45,4.0,3
655984,CR-0000049279,0,0,0,0,Violation Driver 1,Other,20:10,5.0,3
655985,CR-0000049930,0,1,0,0,Violation Driver 1,Other,18:28,5.0,3
655986,CR-0000049847,0,0,0,0,Violation Driver 1,Other,01:40,5.0,3
655987,CR-0000067716,0,0,0,0,Violation Driver 1,Sideswipe,04:54,5.0,6
655988,CR-0000063388,1,0,0,0,Violation Driver 1,Rear End,21:15,5.0,5
655989,CR-0000063237,2,0,0,0,Violation Driver 1,Head On,13:33,5.0,1
655990,CR-0000062795,0,0,0,0,Violation Driver 1,Rear End,16:39,5.0,5
655991,CR-0000062788,0,1,0,0,Violation Driver 1,Vehicle/Bike,10:50,5.0,7
655992,CR-0000063376,0,1,0,0,Violation Driver 1,Broadside,15:16,5.0,0
655993,CR-0000062587,1,0,0,0,Violation Driver 1,Broadside,16:30,5.0,0
655994,CR-0000062846,2,0,0,0,Violation Driver 1,Rear End,19:10,5.0,5
655998,CR-0000044497,0,1,0,0,Violation Driver 1,Broadside,17:30,5.0,0
655999,CR-0000033891,0,0,0,0,Unknown,Other,06:50,4.0,3
656000,CR-0000034495,0,0,0,0,Unknown,Broadside,15:00,4.0,0
656001,CR-0000035445,0,0,0,0,Violation Driver 1,Rear End,17:50,5.0,5
656002,CR-0000035430,0,0,0,0,Unknown,Sideswipe,19:33,4.0,6
656006,CR-0000042942,0,0,0,0,Violation Driver 1,Other,11:45,5.0,3
656007,CR-0000042928,0,0,0,0,Unknown,Broadside,00:00,4.0,0
656008,CR-0000047651,0,0,0,0,Violation Driver 1,Other,02:31,5.0,3
656009,CR-0000068170,1,0,0,0,Violation Driver 1,Rear End,11:49,5.0,5
656010,CR-0000063656,0,0,0,0,Violation Driver 1,Broadside,11:47,5.0,0
656011,CR-0000063187,0,0,1,0,Pedestrian At Fault,Broadside,18:47,3.0,0
656012,CR-0000063071,1,0,0,0,Violation Driver 1,Vehicle/Pedestrian,21:37,5.0,8
656013,CR-0000063176,1,0,0,0,Violation Driver 1,Sideswipe,16:35,5.0,6
656014,CR-0000063180,0,0,0,0,Violation Driver 1,Broadside,06:08,5.0,0
656015,CR-0000063005,0,0,0,0,Violation Driver 1,Sideswipe,14:58,5.0,6
656016,CR-0000062931,0,0,0,0,Violation Driver 1,Sideswipe,18:30,5.0,6
656017,CR-0000062922,1,0,0,0,Violation Driver 1,Broadside,18:00,5.0,0
656018,CR-0000068235,1,0,0,0,Violation Driver 1,Other,17:38,5.0,3
656022,CR-0000033530,0,0,0,0,Violation Driver 1,Rear End,18:20,5.0,5
656023,CR-0000033513,0,0,0,0,Violation Driver 1,Head On,01:48,5.0,1
656024,CR-0000033589,1,0,0,0,Violation Driver 1,Broadside,16:32,5.0,0
656033,CR-0000052992,0,0,0,0,Violation Driver 1,Rear End,07:50,5.0,5
656034,CR-0000063033,0,0,0,0,Violation Driver 1,Rear End,16:17,5.0,5
656035,CR-0000062566,1,1,0,0,Violation Driver 1,Broadside,14:30,5.0,0
656036,CR-0000067990,0,1,0,0,Violation Driver 1,Rear End,11:19,5.0,5
656037,CR-0000062918,0,0,0,0,Violation Driver 1,Head On,11:39,5.0,1
656038,CR-0000063334,0,0,0,0,Violation Driver 1,Hit Object,21:43,5.0,2
656039,CR-0000062995,0,0,0,0,Violation Driver 1,Sideswipe,08:41,5.0,6
656040,CR-0000063098,1,0,0,0,Violation Driver 1,Rear End,22:10,5.0,5
656047,CR-0000063329,1,0,0,0,Violation Driver 1,Rear End,16:58,5.0,5
656048,CR-0000053249,2,0,0,0,Violation Driver 1,Broadside,09:55,5.0,0
656049,CR-0000044543,0,0,0,0,Unknown,Other,21:00,4.0,3
656050,CR-0000041707,1,0,0,0,Violation Driver 1,Broadside,17:41,5.0,0
656051,CR-0000049271,0,1,0,0,Bike At Fault,Other,12:45,0.0,3
656052,CR-0000041668,2,0,0,0,Violation Driver 1,Rear End,17:51,5.0,5
656053,CR-0000068034,1,0,0,0,Violation Driver 1,Rear End,11:16,5.0,5
656056,CR-0000033732,0,1,0,0,Bike At Fault,Other,11:15,0.0,3
656057,CR-0000034573,0,0,0,0,Unknown,Other,17:00,4.0,3
656058,CR-0000034201,0,0,0,0,Violation Driver 1,Broadside,18:50,5.0,0
656059,CR-0000032803,0,0,0,0,Unknown,Rear End,22:25,4.0,5
656060,CR-0000033814,0,0,0,0,Violation Driver 1,Other,21:13,5.0,3
656061,CR-0000044759,0,0,0,0,Violation Driver 1,Head On,19:36,5.0,1
656062,CR-0000068014,0,0,0,0,Violation Driver 1,Sideswipe,14:57,5.0,6
656063,CR-0000068082,1,0,0,0,Violation Driver 1,Rear End,15:24,5.0,5
656078,CR-0000050187,2,4,0,0,Violation Driver 1,Other,19:16,5.0,3
656079,CR-0000050184,0,0,0,0,Violation Driver 1,Rear End,14:15,5.0,5
656081,CR-0000035866,5,0,0,0,Violation Driver 1,Broadside,17:03,5.0,0
656082,CR-0000035261,1,1,0,1,Unknown,Rear End,11:58,4.0,5
656083,CR-0000033437,0,1,0,0,Bike At Fault,Other,14:35,0.0,3
656084,CR-0000034734,0,0,0,0,Violation Driver 1,Other,20:42,5.0,3
656085,CR-0000064285,1,0,0,0,Violation Driver 1,Broadside,15:00,5.0,0
656086,CR-0000064281,1,0,0,0,Violation Driver 1,Vehicle/Pedestrian,04:18,5.0,8
656087,CR-0000062583,1,0,0,0,Violation Driver 1,Broadside,10:03,5.0,0
656088,CR-0000063072,0,0,0,0,Violation Driver 1,Hit Object,21:48,5.0,2
656089,CR-0000062879,0,0,0,0,Violation Driver 1,Rear End,23:00,5.0,5
656090,CR-0000063177,0,0,0,0,Violation Driver 1,Sideswipe,18:18,5.0,6
656091,CR-0000062809,0,1,0,0,Violation Driver 1,Head On,00:53,5.0,1
656092,CR-0000034303,0,0,0,0,Violation Driver 1,Rear End,13:10,5.0,5
656093,CR-0000033821,1,0,0,0,Violation Driver 1,Rear End,14:06,5.0,5
656094,CR-0000033675,2,0,0,0,Violation Driver 1,Other,16:50,5.0,3
656095,CR-0000047220,0,0,0,0,Violation Driver 1,Rear End,07:45,5.0,5
656096,CR-0000053159,0,1,0,0,Violation Driver 1,Other,18:24,5.0,3
656097,CR-0000044527,1,0,0,0,Violation Driver 1,Rear End,00:02,5.0,5
656098,CR-0000049253,0,0,0,0,Violation Driver 1,Rear End,14:29,5.0,5
656099,CR-0000064298,0,0,0,0,Violation Driver 1,Rear End,02:04,5.0,5
656105,CR-0000049143,0,0,0,0,Unknown,Rear End,15:30,4.0,5
656106,CR-0000035321,0,0,0,0,Unknown,Other,06:30,4.0,3
656107,CR-0000033416,0,0,0,0,Unknown,Rear End,08:30,4.0,5
656108,CR-0000033473,0,0,0,0,Unknown,Other,00:00,4.0,3
656114,CR-0000050181,1,0,0,0,Bike At Fault,Other,11:35,0.0,3
656115,CR-0000050158,1,0,0,0,Violation Driver 1,Rear End,16:30,5.0,5
656117,CR-0000051348,1,1,0,0,Violation Driver 1,Head On,21:00,5.0,1
656118,CR-0000039257,0,0,0,0,Violation Driver 1,Other,00:00,5.0,3
656119,CR-0000038668,0,0,0,0,Violation Driver 1,Rear End,21:29,5.0,5
656120,CR-0000035151,0,0,0,0,Unknown,Rear End,15:40,4.0,5
656121,CR-0000033298,2,0,0,0,Violation Driver 1,Rear End,20:30,5.0,5
656122,CR-0000034210,0,0,0,0,Violation Driver 1,Rear End,18:10,5.0,5
656123,CR-0000033466,0,0,1,0,Bike At Fault,Other,19:55,0.0,3
656124,CR-0000068139,1,0,0,0,Violation Driver 1,Broadside,14:34,5.0,0
656125,CR-0000068137,0,0,0,0,Violation Driver 1,Sideswipe,13:27,5.0,6
656126,CR-0000063447,0,1,0,0,Pedestrian At Fault,Vehicle/Pedestrian,16:10,3.0,8
656127,CR-0000064280,1,0,0,0,Violation Driver 1,Rear End,06:21,5.0,5
656128,CR-0000068349,1,0,0,0,Violation Driver 1,Broadside,15:40,5.0,0
656129,CR-0000063692,0,0,0,0,Violation Driver 1,Rear End,01:55,5.0,5
656130,CR-0000063773,1,1,0,0,Violation Driver 1,Broadside,15:42,5.0,0
656131,CR-0000067979,0,1,0,0,Violation Driver 1,Sideswipe,16:47,5.0,6
656132,CR-0000063303,3,0,0,0,Violation Driver 1,Rear End,16:19,5.0,5
656133,CR-0000067926,0,1,0,0,Violation Driver 1,Sideswipe,08:36,5.0,6
656134,CR-0000067911,3,0,0,0,Violation Driver 1,Head On,13:29,5.0,1
656135,CR-0000044939,1,0,0,0,Violation Driver 1,Other,16:14,5.0,3
656136,CR-0000044912,1,0,0,0,Violation Driver 1,Other,07:45,5.0,3
656137,CR-0000033531,0,0,1,0,Pedestrian At Fault,Other,15:40,3.0,3
656138,CR-0000035280,1,0,0,0,Violation Driver 1,Rear End,18:40,5.0,5
656139,CR-0000035220,0,0,0,0,Unknown,Other,13:00,4.0,3
656140,CR-0000035210,2,0,0,0,Violation Driver 1,Rear End,15:32,5.0,5
656141,CR-0000032881,0,0,0,0,Unknown,Other,07:00,4.0,3
656142,CR-0000052941,1,0,0,0,Violation Driver 1,Rear End,16:23,5.0,5
656143,CR-0000053142,1,0,0,0,Violation Driver 1,Broadside,12:09,5.0,0
656144,CR-0000063097,1,0,0,0,Bike At Fault,Vehicle/Bike,14:30,0.0,7
656145,CR-0000063053,0,0,0,0,Violation Driver 1,Head On,22:13,5.0,1
656146,CR-0000063170,1,0,0,0,Violation Driver 1,Broadside,14:03,5.0,0
656147,CR-0000062928,1,0,0,0,Violation Driver 1,Broadside,07:10,5.0,0
656148,CR-0000067988,0,0,0,0,Violation Driver 1,Rear End,01:48,5.0,5
656149,CR-0000035255,0,0,0,0,Unknown,Other,14:30,4.0,3
656150,CR-0000035254,1,1,0,0,Violation Driver 1,Broadside,10:10,5.0,0
656151,CR-0000033792,0,0,0,0,Violation Driver 1,Rear End,10:30,5.0,5
656152,CR-0000034376,1,1,0,0,Violation Driver 1,Rear End,00:13,5.0,5
656153,CR-0000033254,0,0,0,0,Unknown,Rear End,13:45,4.0,5
656154,CR-0000035530,0,3,0,0,Violation Driver 1,Head On,18:38,5.0,1
656155,CR-0000032747,0,0,0,0,Violation Driver 1,Rear End,07:28,5.0,5
656156,CR-0000062980,1,0,0,0,Violation Driver 1,Vehicle/Pedestrian,14:10,5.0,8
656157,CR-0000063495,1,0,0,0,Violation Driver 1,Broadside,13:15,5.0,0
656158,CR-0000048629,0,0,0,0,Violation Driver 1,Other,23:34,5.0,3
656159,CR-0000048605,1,0,0,0,Violation Driver 1,Rear End,18:37,5.0,5
656160,CR-0000044620,0,0,0,0,Violation Driver 1,Other,06:30,5.0,3
656161,CR-0000033992,1,0,0,0,Violation Driver 1,Rear End,17:13,5.0,5
656162,CR-0000035294,0,1,0,0,Violation Driver 1,Rear End,18:07,5.0,5
656163,CR-0000035218,0,0,0,0,Violation Driver 1,Broadside,14:05,5.0,0
656164,CR-0000034672,0,0,0,0,Violation Driver 1,Broadside,18:46,5.0,0
656165,CR-0000049938,0,0,0,0,Violation Driver 1,Sideswipe,08:01,5.0,6
656166,CR-0000049082,1,0,0,0,Violation Driver 1,Rear End,08:57,5.0,5
656167,CR-0000049067,0,0,0,0,Violation Driver 1,Broadside,11:53,5.0,0
656168,CR-0000068218,1,0,0,0,Violation Driver 1,Broadside,06:55,5.0,0
656169,CR-0000068086,0,1,0,0,Violation Driver 1,Rear End,20:04,5.0,5
656170,CR-0000068057,0,0,1,0,Violation Driver 1,Sideswipe,21:47,5.0,6
656171,CR-0000064278,0,0,0,0,Violation Driver 1,Sideswipe,06:16,5.0,6
656172,CR-0000035352,0,0,0,0,Violation Driver 1,Rear End,08:17,5.0,5
656173,CR-0000035253,0,0,0,0,Violation Driver 1,Other,01:48,5.0,3
656174,CR-0000035152,0,2,0,0,Pedestrian At Fault,Other,09:27,3.0,3
656175,CR-0000035146,0,0,0,0,Violation Driver 1,Rear End,21:15,5.0,5
656176,CR-0000035137,0,0,0,0,Unknown,Other,15:35,4.0,3
656177,CR-0000039302,0,0,0,0,Violation Driver 1,Broadside,10:16,5.0,0
656178,CR-0000033457,0,0,0,0,Unknown,Other,18:30,4.0,3
656179,CR-0000034592,0,0,0,0,Violation Driver 1,Other,00:08,5.0,3
656182,CR-0000050169,2,0,0,0,Violation Driver 1,Head On,15:49,5.0,1
656183,CR-0000050153,0,0,0,0,Violation Driver 1,Rear End,08:00,5.0,5
656184,CR-0000049452,1,0,0,0,Violation Driver 1,Broadside,19:32,5.0,0
656185,CR-0000049980,0,0,0,0,Violation Driver 1,Sideswipe,20:27,5.0,6
656186,CR-0000049972,0,0,0,0,Violation Driver 1,Other,02:46,5.0,3
656187,CR-0000062615,0,1,0,0,Pedestrian At Fault,Vehicle/Pedestrian,20:46,3.0,8
656190,CR-0000034060,0,0,0,0,Unknown,Broadside,08:35,4.0,0
656191,CR-0000035414,1,0,0,0,Violation Driver 1,Rear End,12:06,5.0,5
656192,CR-0000035507,0,0,0,0,Violation Driver 1,Other,05:53,5.0,3
656193,CR-0000035503,0,1,0,0,Unknown,Other,13:11,4.0,3
656194,CR-0000035375,0,0,0,0,Unknown,Rear End,20:30,4.0,5
656195,CR-0000035363,1,0,0,0,Violation Driver 1,Rear End,09:32,5.0,5
656196,CR-0000038572,0,0,0,0,Violation Driver 1,Other,02:00,5.0,3
656197,CR-0000038559,0,0,0,0,Unknown,Other,03:30,4.0,3
656198,CR-0000034379,0,0,0,0,Unknown,Other,03:00,4.0,3
656199,CR-0000033777,1,0,0,0,Violation Driver 1,Rear End,17:53,5.0,5
656200,CR-0000032907,0,0,0,0,Violation Driver 1,Other,17:21,5.0,3
656201,CR-0000048859,0,0,0,0,Unknown,Head On,23:15,4.0,1
656202,CR-0000038653,0,0,0,0,Violation Driver 1,Other,22:35,5.0,3
656203,CR-0000033253,1,0,0,0,Unknown,Other,14:41,4.0,3
656204,CR-0000034556,0,0,0,0,Violation Driver 1,Rear End,10:34,5.0,5
656205,CR-0000032856,0,0,0,0,Violation Driver 1,Other,00:05,5.0,3
656206,CR-0000035369,2,0,0,0,Violation Driver 1,Broadside,17:17,5.0,0
656207,CR-0000044764,0,0,0,0,Violation Driver 1,Other,00:20,5.0,3
656208,CR-0000033468,0,1,0,0,Violation Driver 1,Rear End,22:19,5.0,5
656209,CR-0000033453,0,2,0,0,Violation Driver 1,Rear End,11:12,5.0,5
656210,CR-0000038618,0,1,0,0,Violation Driver 1,Broadside,18:14,5.0,0
656211,CR-0000035532,0,0,0,0,Violation Driver 1,Other,01:44,5.0,3
656212,CR-0000062782,0,0,1,0,Violation Driver 1,Broadside,14:36,5.0,0
656213,CR-0000062769,0,0,0,0,Violation Driver 1,Sideswipe,20:00,5.0,6
656214,CR-0000063367,0,1,0,0,Violation Driver 1,Hit Object,21:31,5.0,2
656215,CR-0000062757,0,0,0,0,Violation Driver 1,Broadside,00:51,5.0,0
656216,CR-0000062601,0,0,0,0,Violation Driver 1,Rear End,22:30,5.0,5
656217,CR-0000062584,0,1,0,0,Violation Driver 1,Broadside,22:19,5.0,0
656218,CR-0000063015,1,2,0,0,Violation Driver 1,Broadside,19:28,5.0,0
656219,CR-0000034284,0,0,0,0,Violation Driver 1,Broadside,19:24,5.0,0
656220,CR-0000033775,0,0,0,0,Violation Driver 1,Rear End,15:50,5.0,5
656221,CR-0000037963,1,0,0,0,Violation Driver 1,Head On,11:53,5.0,1
656222,CR-0000032919,0,0,0,0,Unknown,Head On,22:30,4.0,1
656223,CR-0000034425,0,0,0,0,Violation Driver 1,Head On,19:42,5.0,1
656224,CR-0000035368,1,0,0,0,Pedestrian At Fault,Other,19:24,3.0,3
656225,CR-0000049023,3,0,0,0,Violation Driver 1,Rear End,14:27,5.0,5
656226,CR-0000052957,1,0,0,0,Violation Driver 1,Rear End,09:06,5.0,5
656227,CR-0000053133,1,0,0,0,Violation Driver 1,Head On,22:17,5.0,1
656228,CR-0000053131,0,0,0,0,Violation Driver 1,Other,21:18,5.0,3
656229,CR-0000041727,0,0,0,0,Unknown,Other,17:50,4.0,3
656230,CR-0000044693,0,0,0,0,Unknown,Rear End,08:00,4.0,5
656231,CR-0000044692,0,0,0,0,Unknown,Rear End,17:25,4.0,5
656232,CR-0000041809,0,0,0,0,Unknown,Rear End,07:45,4.0,5
656233,CR-0000049084,0,0,0,0,Violation Driver 1,Other,18:30,5.0,3
656234,CR-0000062668,1,1,0,0,Violation Driver 1,Broadside,18:06,5.0,0
656235,CR-0000062752,0,0,0,0,Violation Driver 1,Broadside,09:41,5.0,0
656236,CR-0000062930,2,0,0,0,Violation Driver 1,Broadside,21:44,5.0,0
656237,CR-0000062921,0,1,0,0,Violation Driver 1,Broadside,18:40,5.0,0
656238,CR-0000062915,1,0,0,0,Violation Driver 1,Broadside,17:06,5.0,0
656239,CR-0000062964,0,0,0,0,Violation Driver 1,Rear End,15:46,5.0,5
656240,CR-0000044765,1,0,0,0,Bike At Fault,Other,08:37,0.0,3
656241,CR-0000049004,0,1,0,0,Violation Driver 1,Other,11:20,5.0,3
656242,CR-0000050057,2,0,0,0,Violation Driver 1,Broadside,08:05,5.0,0
656243,CR-0000046687,0,0,0,0,Violation Driver 1,Rear End,15:48,5.0,5
656244,CR-0000068148,0,0,0,0,Violation Driver 1,Sideswipe,23:11,5.0,6
656245,CR-0000068120,0,0,0,0,Violation Driver 1,Rear End,17:16,5.0,5
656246,CR-0000068112,1,0,0,0,Violation Driver 1,Rear End,13:50,5.0,5
656247,CR-0000062616,1,0,0,0,Pedestrian At Fault,Vehicle/Pedestrian,21:44,3.0,8
656254,CR-0000063758,1,0,0,0,Violation Driver 1,Head On,20:12,5.0,1
656255,CR-0000067996,1,0,0,0,Violation Driver 1,Rear End,14:59,5.0,5
656256,CR-0000068657,1,0,0,0,Violation Driver 1,Broadside,16:45,5.0,0
656257,CR-0000063347,0,0,0,0,Violation Driver 1,Broadside,21:59,5.0,0
656258,CR-0000050226,0,0,0,0,Unknown,Rear End,15:30,4.0,5
656259,CR-0000050209,0,1,0,0,Violation Driver 1,Other,17:30,5.0,3
656260,CR-0000049519,1,1,0,0,Violation Driver 1,Broadside,15:50,5.0,0
656262,CR-0000035397,1,0,0,0,Violation Driver 1,Head On,21:09,5.0,1
656263,CR-0000035391,1,0,0,0,Violation Driver 1,Rear End,10:00,5.0,5
656264,CR-0000038555,1,0,0,0,Violation Driver 1,Broadside,23:21,5.0,0
656265,CR-0000046633,0,0,0,0,Unknown,Other,00:00,4.0,3
656266,CR-0000063807,0,1,0,0,Violation Driver 1,Broadside,21:43,5.0,0
656267,CR-0000063086,1,0,0,0,Violation Driver 1,Vehicle/Bike,16:11,5.0,7
656268,CR-0000046621,0,0,0,0,Unknown,Broadside,14:20,4.0,0
656269,CR-0000050082,0,0,0,0,Violation Driver 1,Rear End,22:54,5.0,5
656270,CR-0000051550,2,0,0,0,Violation Driver 1,Broadside,15:20,5.0,0
656271,CR-0000051548,2,0,0,0,Unknown,Broadside,13:45,4.0,0
656272,CR-0000050689,0,0,0,0,Unknown,Sideswipe,19:00,4.0,6
656273,CR-0000050666,0,0,0,0,Unknown,Rear End,17:30,4.0,5
656274,CR-0000068790,1,0,0,0,Violation Driver 1,Sideswipe,13:51,5.0,6
656275,CR-0000068284,1,0,0,0,Violation Driver 1,Rear End,19:39,5.0,5
656276,CR-0000064255,2,0,0,0,Violation Driver 1,Broadside,17:18,5.0,0
656277,CR-0000063657,1,0,0,0,Violation Driver 1,Rear End,14:49,5.0,5
656278,CR-0000068770,0,0,0,0,Violation Driver 1,Sideswipe,17:51,5.0,6
656279,CR-0000063480,0,0,0,0,Violation Driver 1,Broadside,15:40,5.0,0
656280,CR-0000063476,0,0,0,0,Violation Driver 1,Sideswipe,11:12,5.0,6
656281,CR-0000050093,0,0,0,0,Violation Driver 1,Broadside,20:54,5.0,0
656282,CR-0000068655,0,0,0,0,Violation Driver 1,Rear End,14:25,5.0,5
656283,CR-0000064253,2,0,0,0,Violation Driver 1,Rear End,19:39,5.0,5
656284,CR-0000063297,0,1,0,0,Other Than Driver,Vehicle/Pedestrian,10:41,2.0,8
656285,CR-0000063292,0,0,0,0,Violation Driver 1,Broadside,07:23,5.0,0
656286,CR-0000063497,0,0,0,0,Violation Driver 1,Broadside,14:00,5.0,0