CrashFactId,Name,MinorInjuries,ModerateInjuries,SevereInjuries,FatalInjuries,PrimaryCollisionFactor,CollisionType,CrashTime,PrimaryCollisionFactor_Code,CollisionType_Code
658539,CR-0000065947,0,0,0,0,Violation Driver 1,Broadside,18:10,5.0,0
658546,CR-0000069917,0,0,0,0,Violation Driver 1,Broadside,23:26,5.0,0
658547,CR-0000036546,1,1,0,0,Violation Driver 1,Broadside,10:30,5.0,0
658548,CR-0000037776,2,0,0,0,Violation Driver 1,Broadside,17:56,5.0,0
658549,CR-0000039350,0,0,0,0,Violation Driver 1,Rear End,02:27,5.0,5
658553,CR-0000070607,1,0,0,0,Violation Driver 1,Broadside,15:16,5.0,0
658554,CR-0000070590,1,0,0,0,Violation Driver 1,Rear End,18:37,5.0,5
658555,CR-0000070338,0,0,0,0,Violation Driver 1,Rear End,08:51,5.0,5
658556,CR-0000070557,0,0,0,0,Violation Driver 1,Broadside,23:50,5.0,0
658557,CR-0000037953,0,2,0,0,Violation Driver 1,Other,17:40,5.0,3
658558,CR-0000039912,2,3,0,0,Violation Driver 1,Broadside,00:26,5.0,0
658559,CR-0000037709,0,0,0,0,Violation Driver 1,Sideswipe,06:30,5.0,6
658560,CR-0000070152,0,0,0,0,Violation Driver 1,Head On,12:48,5.0,1
658561,CR-0000070233,1,0,0,0,Pedestrian At Fault,Vehicle/Pedestrian,15:23,3.0,8
658578,CR-0000070002,1,0,0,0,Pedestrian At Fault,Vehicle/Pedestrian,21:11,3.0,8
658579,CR-0000052124,0,0,0,0,Violation Driver 1,Other,17:28,5.0,3
658580,CR-0000040693,0,0,1,0,Violation Driver 1,Other,11:22,5.0,3
658581,CR-0000042118,0,0,0,0,Violation Driver 1,Sideswipe,16:13,5.0,6
658582,CR-0000040831,2,0,0,0,Violation Driver 1,Head On,20:23,5.0,1
658583,CR-0000040795,1,0,0,0,Violation Driver 1,Other,16:27,5.0,3
658584,CR-0000047557,0,0,0,0,Violation Driver 1,Rear End,21:25,5.0,5
658585,CR-0000040827,1,0,0,0,Violation Driver 1,Broadside,16:00,5.0,0
658586,CR-0000070203,1,0,0,0,Violation Driver 1,Rear End,13:18,5.0,5
658587,CR-0000044968,0,0,0,0,Unknown,Other,13:15,4.0,3
658588,CR-0000052829,1,0,0,0,Violation Driver 1,Other,23:20,5.0,3
658589,CR-0000036679,0,1,0,0,Pedestrian At Fault,Broadside,16:50,3.0,0
658590,CR-0000036620,1,0,0,0,Violation Driver 1,Other,07:00,5.0,3
658591,CR-0000036495,1,0,0,0,Violation Driver 1,Other,13:37,5.0,3
658592,CR-0000039987,0,0,0,0,Violation Driver 1,Other,19:30,5.0,3
658593,CR-0000037102,0,0,0,0,Violation Driver 1,Rear End,09:11,5.0,5
658594,CR-0000036580,0,0,0,0,Unknown,Other,11:45,4.0,3
658595,CR-0000039327,0,0,0,0,Violation Driver 1,Other,19:50,5.0,3
658596,CR-0000039946,1,0,0,0,Violation Driver 1,Other,21:34,5.0,3
658597,CR-0000036500,0,0,0,0,Violation Driver 1,Other,15:25,5.0,3
658599,CR-0000070310,0,0,0,0,Violation Driver 1,Rear End,13:40,5.0,5
658600,CR-0000070231,0,1,0,0,Violation Driver 1,Rear End,14:10,5.0,5
658601,CR-0000046074,0,1,0,0,Violation Driver 1,Other,17:46,5.0,3
658602,CR-0000046055,0,0,0,0,Violation Driver 1,Other,00:00,5.0,3
658603,CR-0000051806,1,0,0,0,Violation Driver 1,Other,16:45,5.0,3
658604,CR-0000052933,0,0,0,0,Unknown,Other,18:43,4.0,3
658605,CR-0000051722,0,0,0,0,Violation Driver 1,Rear End,15:55,5.0,5
658606,CR-0000041975,0,0,0,0,Violation Driver 1,Other,01:50,5.0,3
658607,CR-0000041962,0,0,0,0,Unknown,Other,10:50,4.0,3
658608,CR-0000046938,1,0,0,0,Violation Driver 1,Other,19:43,5.0,3
658609,CR-0000046071,0,0,0,0,Violation Driver 1,Rear End,14:21,5.0,5
658610,CR-0000053449,2,0,0,0,Violation Driver 1,Rear End,22:36,5.0,5
658611,CR-0000048087,2,0,0,0,Violation Driver 1,Head On,15:47,5.0,1
658612,CR-0000053099,2,0,0,0,Unknown,Broadside,00:37,4.0,0
658613,CR-0000048062,1,1,0,0,Unknown,Other,15:26,4.0,3
658614,CR-0000045196,1,0,0,0,Violation Driver 1,Head On,11:41,5.0,1
658615,CR-0000047848,0,0,0,0,Violation Driver 1,Head On,07:50,5.0,1
658616,CR-0000042924,1,0,0,0,Violation Driver 1,Sideswipe,19:02,5.0,6
658617,CR-0000047674,0,0,0,0,Violation Driver 1,Other,20:30,5.0,3
658618,CR-0000053533,0,0,0,0,Violation Driver 1,Rear End,21:52,5.0,5
658619,CR-0000053134,0,0,0,0,Unknown,Rear End,18:00,4.0,5
658620,CR-0000047910,2,0,0,0,Violation Driver 1,Rear End,17:51,5.0,5
658621,CR-0000053110,0,0,0,0,Violation Driver 1,Other,19:45,5.0,3
658622,CR-0000047201,0,0,0,0,Unknown,Sideswipe,12:30,4.0,6
658623,CR-0000068039,0,1,0,0,Violation Driver 1,Vehicle/Pedestrian,17:50,5.0,8
658624,CR-0000040945,0,1,0,0,Violation Driver 1,Other,23:32,5.0,3
658625,CR-0000041922,1,1,0,0,Violation Driver 1,Rear End,08:00,5.0,5
658626,CR-0000069851,0,1,0,0,Bike At Fault,Vehicle/Bike,20:43,0.0,7
658627,CR-0000039947,0,0,0,0,Violation Driver 1,Other,23:07,5.0,3
658628,CR-0000037976,0,0,0,0,Violation Driver 1,Other,23:33,5.0,3
658629,CR-0000036602,0,0,0,0,Violation Driver 1,Broadside,18:38,5.0,0
658630,CR-0000039344,0,0,0,0,Violation Driver 1,Rear End,00:10,5.0,5
658631,CR-0000053080,0,0,0,0,Violation Driver 1,Rear End,19:12,5.0,5
658632,CR-0000052109,1,0,0,0,Violation Driver 1,Rear End,17:25,5.0,5
658633,CR-0000042715,0,1,0,0,Pedestrian At Fault,Other,11:33,3.0,3
658634,CR-0000037643,1,0,0,0,Violation Driver 1,Rear End,13:45,5.0,5
658635,CR-0000036667,0,0,0,0,Violation Driver 1,Rear End,07:59,5.0,5
658636,CR-0000047237,0,0,0,0,Violation Driver 1,Other,11:30,5.0,3
658637,CR-0000047226,1,0,0,0,Violation Driver 1,Broadside,17:30,5.0,0
658638,CR-0000051703,1,0,0,0,Bike At Fault,Other,17:14,0.0,3
658639,CR-0000052667,0,0,0,0,Violation Driver 1,Broadside,09:50,5.0,0
658640,CR-0000052557,0,0,0,0,Violation Driver 1,Other,13:20,5.0,3
658641,CR-0000046930,0,0,0,0,Violation Driver 1,Rear End,13:15,5.0,5
658642,CR-0000040777,1,0,0,0,Violation Driver 1,Other,07:20,5.0,3
658643,CR-0000040592,0,1,1,0,Violation Driver 1,Broadside,17:08,5.0,0
658644,CR-0000041949,0,0,0,0,Violation Driver 1,Other,13:13,5.0,3
658645,CR-0000053670,0,0,0,0,Unknown,Rear End,20:00,4.0,5
658646,CR-0000040999,0,0,0,0,Violation Driver 1,Other,06:00,5.0,3
658647,CR-0000041934,0,1,0,0,Violation Driver 1,Broadside,17:37,5.0,0
658648,CR-0000052721,0,1,0,0,Violation Driver 1,Broadside,17:00,5.0,0
658649,CR-0000047541,0,0,0,0,Unknown,Rear End,10:50,4.0,5
658650,CR-0000047784,2,0,0,0,Violation Driver 1,Broadside,19:52,5.0,0
658651,CR-0000053396,0,0,0,0,Unknown,Other,12:00,4.0,3
658652,CR-0000042915,1,0,0,0,Unknown,Rear End,10:23,4.0,5
658653,CR-0000047828,0,0,0,0,Violation Driver 1,Other,03:58,5.0,3
658654,CR-0000047809,0,0,0,0,Unknown,Other,20:00,4.0,3
658655,CR-0000047808,0,0,0,0,Unknown,Other,11:40,4.0,3
658656,CR-0000042895,1,0,0,0,Violation Driver 1,Broadside,11:59,5.0,0
658657,CR-0000042892,1,0,0,0,Violation Driver 1,Other,08:04,5.0,3
658658,CR-0000047539,0,0,0,0,Unknown,Rear End,10:15,4.0,5
658659,CR-0000041945,0,0,0,0,Unknown,Other,07:30,4.0,3
658660,CR-0000070358,1,0,0,0,Violation Driver 1,Rear End,18:00,5.0,5
658661,CR-0000070667,0,0,0,0,Other Improper Driving,Sideswipe,03:26,1.0,6
658662,CR-0000069856,0,0,0,0,Violation Driver 1,Rear End,17:54,5.0,5
658663,CR-0000070440,0,0,0,0,Violation Driver 1,Broadside,23:25,5.0,0
658664,CR-0000070197,2,0,0,0,Violation Driver 1,Broadside,09:08,5.0,0
658665,CR-0000070453,0,1,0,0,Bike At Fault,Vehicle/Bike,15:36,0.0,7
658666,CR-0000037660,0,0,0,0,Violation Driver 1,Other,09:05,5.0,3
658667,CR-0000036696,0,1,0,0,Violation Driver 1,Other,14:30,5.0,3
658668,CR-0000039663,0,0,0,0,Violation Driver 1,Broadside,23:56,5.0,0
658669,CR-0000036654,0,0,0,0,Violation Driver 1,Broadside,19:42,5.0,0
658670,CR-0000036611,2,0,0,0,Violation Driver 1,Broadside,13:27,5.0,0
658671,CR-0000037683,0,0,0,0,Violation Driver 1,Other,08:33,5.0,3
658672,CR-0000039404,1,0,0,0,Violation Driver 1,Broadside,11:34,5.0,0
658673,CR-0000036586,0,0,0,0,Unknown,Rear End,16:34,4.0,5
658674,CR-0000039312,2,0,0,0,Violation Driver 1,Rear End,17:21,5.0,5
658675,CR-0000039303,0,0,0,0,Violation Driver 1,Other,14:05,5.0,3
658676,CR-0000051835,1,0,0,0,Violation Driver 1,Broadside,23:09,5.0,0
658677,CR-0000051829,0,0,0,0,Violation Driver 1,Broadside,15:52,5.0,0
658678,CR-0000047734,0,1,0,0,Unknown,Rear End,12:30,4.0,5
658679,CR-0000047722,1,0,0,0,Violation Driver 1,Broadside,14:11,5.0,0
658680,CR-0000053325,0,0,1,0,Unknown,Other,17:33,4.0,3
658681,CR-0000070537,1,0,0,0,Violation Driver 1,Head On,13:26,5.0,1
658682,CR-0000070378,3,0,0,0,Violation Driver 1,Broadside,17:42,5.0,0
658683,CR-0000069885,0,0,0,0,Violation Driver 1,Broadside,13:28,5.0,0
658684,CR-0000069876,0,0,0,0,Violation Driver 1,Rear End,08:30,5.0,5
658685,CR-0000070427,1,0,0,0,Violation Driver 1,Broadside,09:24,5.0,0
658686,CR-0000047672,0,1,0,0,Violation Driver 1,Head On,17:49,5.0,1
658687,CR-0000053250,1,0,0,0,Violation Driver 1,Broadside,15:44,5.0,0
658688,CR-0000053233,0,0,0,0,Violation Driver 1,Rear End,07:30,5.0,5
658689,CR-0000053506,0,1,0,0,Bike At Fault,Other,16:00,0.0,3
658690,CR-0000042996,2,0,0,0,Violation Driver 1,Broadside,18:10,5.0,0
658691,CR-0000053560,0,0,0,0,Violation Driver 1,Broadside,11:50,5.0,0
658692,CR-0000047657,1,0,0,0,Violation Driver 1,Rear End,15:50,5.0,5
658693,CR-0000052741,1,0,0,0,Violation Driver 1,Other,23:12,5.0,3
658694,CR-0000040912,0,0,0,0,Violation Driver 1,Other,20:15,5.0,3
658695,CR-0000047538,0,0,0,0,Unknown,Broadside,15:50,4.0,0
658696,CR-0000070550,0,0,0,0,Violation Driver 1,Sideswipe,04:55,5.0,6
658697,CR-0000070526,0,0,0,0,Violation Driver 1,Head On,17:30,5.0,1
658698,CR-0000070380,0,1,0,0,Pedestrian At Fault,Vehicle/Pedestrian,18:50,3.0,8
658699,CR-0000069881,0,0,0,0,Violation Driver 1,Rear End,07:50,5.0,5
658700,CR-0000042100,1,0,0,0,Unknown,Broadside,11:45,4.0,0
658701,CR-0000039950,0,0,0,0,Violation Driver 1,Other,13:00,5.0,3
658702,CR-0000066803,0,0,0,0,Violation Driver 1,Sideswipe,12:45,5.0,6
658703,CR-0000066089,2,1,0,0,Violation Driver 1,Broadside,19:53,5.0,0
658704,CR-0000066082,1,0,0,0,Bike At Fault,Vehicle/Bike,09:43,0.0,7
658705,CR-0000065982,0,0,0,0,Violation Driver 1,Rear End,19:37,5.0,5
658706,CR-0000066046,1,0,0,0,Violation Driver 1,Sideswipe,20:56,5.0,6
658707,CR-0000066264,1,0,1,0,Violation Driver 1,Sideswipe,18:38,5.0,6
658708,CR-0000047936,0,0,0,0,Unknown,Other,04:25,4.0,3
658709,CR-0000047879,0,0,0,0,Unknown,Other,08:30,4.0,3
658710,CR-0000068793,1,0,0,0,Violation Driver 1,Head On,17:43,5.0,1
658711,CR-0000063240,1,0,0,0,Bike At Fault,Vehicle/Bike,18:10,0.0,7
658712,CR-0000065998,0,0,1,0,Bike At Fault,Vehicle/Bike,20:13,0.0,7
658713,CR-0000065984,1,0,0,0,Violation Driver 1,Broadside,21:44,5.0,0
658714,CR-0000041965,0,0,0,0,Violation Driver 1,Other,14:11,5.0,3
658715,CR-0000042034,0,1,0,0,Violation Driver 1,Other,17:23,5.0,3
658716,CR-0000046917,0,1,0,0,Violation Driver 1,Broadside,16:34,5.0,0
658717,CR-0000046911,0,0,0,0,Unknown,Other,01:30,4.0,3
658718,CR-0000047292,0,0,0,0,Violation Driver 1,Other,22:32,5.0,3
658719,CR-0000052769,0,0,0,0,Violation Driver 1,Other,07:54,5.0,3
658720,CR-0000045053,1,0,0,0,Violation Driver 1,Broadside,17:55,5.0,0
658721,CR-0000051763,1,2,0,0,Violation Driver 1,Head On,11:43,5.0,1
658722,CR-0000051779,2,0,0,0,Violation Driver 1,Sideswipe,11:46,5.0,6
658723,CR-0000052613,0,0,0,0,Violation Driver 1,Other,16:10,5.0,3
658724,CR-0000069681,0,0,0,0,Violation Driver 1,Head On,07:18,5.0,1
658725,CR-0000069665,0,0,0,0,Violation Driver 1,Sideswipe,15:51,5.0,6
658726,CR-0000065401,0,1,0,0,Violation Driver 1,Vehicle/Pedestrian,20:00,5.0,8
658727,CR-0000065399,0,0,0,0,Violation Driver 1,Sideswipe,15:38,5.0,6
658728,CR-0000069633,0,1,0,0,Violation Driver 1,Broadside,11:36,5.0,0
658729,CR-0000037978,2,0,0,0,Violation Driver 1,Broadside,15:58,5.0,0
658734,CR-0000047985,0,0,0,0,Violation Driver 1,Rear End,01:53,5.0,5
658735,CR-0000054356,0,0,0,0,Unknown,Other,00:00,4.0,3
658736,CR-0000070438,2,0,0,0,Violation Driver 1,Broadside,19:36,5.0,0
658737,CR-0000070157,2,0,0,0,Violation Driver 1,Rear End,21:17,5.0,5
658738,CR-0000070462,0,0,0,0,Violation Driver 1,Sideswipe,00:37,5.0,6
658739,CR-0000069915,0,0,0,0,Violation Driver 1,Hit Object,19:24,5.0,2
658740,CR-0000036521,0,0,0,0,Violation Driver 1,Head On,12:50,5.0,1
658741,CR-0000039914,1,0,0,0,Violation Driver 1,Rear End,09:16,5.0,5
658742,CR-0000037682,1,0,0,0,Violation Driver 1,Rear End,09:35,5.0,5
658743,CR-0000047975,0,0,0,0,Violation Driver 1,Other,02:00,5.0,3
658744,CR-0000053479,0,0,0,0,Unknown,Broadside,07:40,4.0,0
658745,CR-0000047490,0,0,0,0,Violation Driver 1,Other,03:15,5.0,3
658746,CR-0000042857,0,1,0,0,Violation Driver 1,Broadside,11:28,5.0,0
658747,CR-0000040591,0,0,0,0,Violation Driver 1,Other,12:04,5.0,3
658748,CR-0000047443,0,0,0,0,Violation Driver 1,Broadside,20:07,5.0,0
658749,CR-0000045017,1,0,0,0,Unknown,Other,16:06,4.0,3
658751,CR-0000070588,0,1,0,0,Violation Driver 1,Vehicle/Bike,17:05,5.0,7
658752,CR-0000046061,0,0,0,0,Pedestrian At Fault,Other,18:45,3.0,3
658753,CR-0000048080,0,0,0,0,Unknown,Rear End,11:00,4.0,5
658754,CR-0000047846,0,0,0,0,Violation Driver 1,Other,06:07,5.0,3
658755,CR-0000047839,0,0,0,0,Unknown,Other,23:30,4.0,3
658756,CR-0000042914,0,0,0,0,Violation Driver 1,Other,09:50,5.0,3
658757,CR-0000042810,0,0,0,0,Unknown,Other,08:00,4.0,3
658758,CR-0000065800,0,0,0,0,Violation Driver 1,Broadside,05:35,5.0,0
658759,CR-0000052469,1,0,0,0,Violation Driver 1,Rear End,09:50,5.0,5
658760,CR-0000052802,2,0,0,0,Violation Driver 1,Broadside,12:05,5.0,0
658761,CR-0000052773,1,0,0,0,Violation Driver 1,Broadside,19:31,5.0,0
658762,CR-0000052623,0,0,0,0,Violation Driver 1,Other,22:41,5.0,3
658763,CR-0000065295,0,1,0,0,Violation Driver 1,Broadside,23:40,5.0,0
658764,CR-0000065286,1,1,0,0,Violation Driver 1,Broadside,08:09,5.0,0
658765,CR-0000065685,1,0,1,0,Violation Driver 1,Broadside,20:18,5.0,0
658766,CR-0000042846,2,0,0,0,Violation Driver 1,Rear End,17:01,5.0,5
658767,CR-0000042883,0,0,0,0,Violation Driver 1,Broadside,19:26,5.0,0
658768,CR-0000052076,0,0,0,0,Violation Driver 1,Other,10:46,5.0,3
658769,CR-0000045046,0,0,0,0,Violation Driver 1,Other,01:00,5.0,3
658770,CR-0000047773,0,0,0,0,Unknown,Broadside,20:03,4.0,0
658771,CR-0000053258,0,0,0,0,Other Than Driver,Other,11:30,2.0,3
658772,CR-0000047669,1,0,0,0,Violation Driver 1,Head On,10:08,5.0,1
658773,CR-0000053510,0,0,0,0,Unknown,Broadside,08:38,4.0,0
658774,CR-0000042093,0,0,0,0,Unknown,Other,20:45,4.0,3
658775,CR-0000047194,0,0,0,0,Violation Driver 1,Other,14:21,5.0,3
658776,CR-0000065916,0,0,0,0,Violation Driver 1,Broadside,14:00,5.0,0
658777,CR-0000066094,1,0,0,0,Violation Driver 1,Broadside,02:26,5.0,0
658778,CR-0000052501,0,0,0,0,Unknown,Head On,17:25,4.0,1
658779,CR-0000052770,1,0,0,0,Violation Driver 1,Broadside,08:15,5.0,0
658780,CR-0000040611,0,0,0,0,Violation Driver 1,Other,19:40,5.0,3
658781,CR-0000069674,1,0,0,0,Violation Driver 1,Rear End,06:48,5.0,5
658782,CR-0000065236,0,0,0,0,Violation Driver 1,Rear End,17:32,5.0,5
658783,CR-0000065227,0,1,0,0,Violation Driver 1,Broadside,13:45,5.0,0
658784,CR-0000065200,0,1,1,0,Violation Driver 1,Broadside,18:24,5.0,0
658785,CR-0000045176,2,0,0,0,Violation Driver 1,Broadside,09:07,5.0,0
658786,CR-0000045174,0,0,0,0,Unknown,Other,02:53,4.0,3
658787,CR-0000047759,1,0,0,0,Violation Driver 1,Other,08:04,5.0,3
658788,CR-0000043046,0,0,0,1,Violation Driver 1,Other,09:47,5.0,3
658789,CR-0000041913,1,0,0,0,Violation Driver 1,Other,13:56,5.0,3
658790,CR-0000041911,1,0,0,0,Violation Driver 1,Other,07:52,5.0,3
658791,CR-0000043032,0,0,0,0,Violation Driver 1,Other,17:10,5.0,3
658792,CR-0000070036,0,0,0,0,Violation Driver 1,Rear End,10:11,5.0,5
658793,CR-0000040988,0,0,0,0,Violation Driver 1,Other,21:00,5.0,3
658794,CR-0000052705,1,0,0,0,Violation Driver 1,Broadside,18:13,5.0,0
658795,CR-0000041863,0,0,0,0,Violation Driver 1,Other,02:50,5.0,3
658796,CR-0000052958,0,0,0,0,Violation Driver 1,Rear End,10:49,5.0,5
658797,CR-0000043544,0,0,0,0,Violation Driver 1,Other,01:34,5.0,3
658798,CR-0000053242,1,0,0,0,Violation Driver 1,Rear End,16:15,5.0,5
658799,CR-0000042260,0,0,0,0,Violation Driver 1,Head On,19:17,5.0,1
658800,CR-0000047871,2,0,0,0,Violation Driver 1,Head On,17:44,5.0,1
658801,CR-0000047912,0,0,0,0,Bike At Fault,Other,19:00,0.0,3
658802,CR-0000037742,0,0,0,0,Unknown,Other,00:00,4.0,3
658803,CR-0000039938,1,0,0,0,Violation Driver 1,Broadside,09:19,5.0,0
658804,CR-0000039406,0,0,0,0,Violation Driver 1,Rear End,14:50,5.0,5
658805,CR-0000047219,0,0,0,0,Violation Driver 1,Broadside,06:32,5.0,0
658806,CR-0000042047,0,0,0,0,Violation Driver 1,Other,08:00,5.0,3
658807,CR-0000042046,0,1,0,0,Pedestrian At Fault,Other,07:00,3.0,3
658808,CR-0000052467,0,0,0,0,Violation Driver 1,Other,08:46,5.0,3
658809,CR-0000045095,0,0,0,0,Violation Driver 1,Other,17:17,5.0,3
658810,CR-0000053096,1,0,0,0,Pedestrian At Fault,Other,18:50,3.0,3
658811,CR-0000045257,0,0,0,0,Violation Driver 1,Rear End,15:13,5.0,5
658812,CR-0000047781,0,0,0,0,Violation Driver 1,Head On,17:41,5.0,1
658813,CR-0000053384,0,0,0,0,Violation Driver 1,Other,04:10,5.0,3
658814,CR-0000045936,0,1,0,0,Violation Driver 1,Other,16:00,5.0,3
658815,CR-0000047816,0,0,0,0,Violation Driver 1,Rear End,14:19,5.0,5
658816,CR-0000042845,1,0,0,0,Violation Driver 1,Rear End,15:45,5.0,5
658817,CR-0000052801,0,0,0,0,Unknown,Other,10:00,4.0,3
658818,CR-0000052788,0,1,0,0,Pedestrian At Fault,Other,20:12,3.0,3
658819,CR-0000042182,0,0,0,0,Violation Driver 1,Other,15:00,5.0,3
658820,CR-0000052785,0,1,0,0,Violation Driver 1,Other,23:52,5.0,3
658821,CR-0000042080,1,1,0,0,Violation Driver 1,Broadside,12:50,5.0,0
658822,CR-0000042078,0,0,1,0,Pedestrian At Fault,Other,06:33,3.0,3
658823,CR-0000042060,1,0,0,0,Violation Driver 1,Other,12:28,5.0,3
658824,CR-0000069672,1,0,0,0,Violation Driver 1,Head On,05:45,5.0,1
658825,CR-0000047529,1,0,0,0,Violation Driver 1,Broadside,15:40,5.0,0
658826,CR-0000070699,1,0,0,0,Violation Driver 1,Sideswipe,16:29,5.0,6
658827,CR-0000070382,1,0,0,0,Violation Driver 1,Vehicle/Pedestrian,19:33,5.0,8
658828,CR-0000070374,0,0,0,0,Violation Driver 2,Broadside,11:36,6.0,0
658829,CR-0000070190,0,0,0,0,Violation Driver 1,Broadside,23:00,5.0,0
658830,CR-0000037662,0,1,0,0,Violation Driver 1,Other,02:50,5.0,3
658831,CR-0000036662,0,0,0,0,Violation Driver 1,Sideswipe,17:40,5.0,6
658832,CR-0000047869,0,0,0,0,Violation Driver 1,Sideswipe,17:25,5.0,6
658833,CR-0000068794,2,0,0,0,Violation Driver 1,Broadside,22:53,5.0,0
658834,CR-0000065983,0,0,0,0,Violation Driver 1,Rear End,02:07,5.0,5
658835,CR-0000064996,1,0,0,0,Violation Driver 1,Broadside,13:08,5.0,0
658836,CR-0000063222,2,0,0,0,Violation Driver 1,Vehicle/Pedestrian,09:18,5.0,8
658837,CR-0000066100,0,1,0,0,Violation Driver 1,Hit Object,12:06,5.0,2
658838,CR-0000065805,1,1,0,0,Violation Driver 1,Broadside,15:15,5.0,0
658839,CR-0000064971,0,2,0,0,Violation Driver 1,Vehicle/Pedestrian,08:02,5.0,8
658840,CR-0000042880,1,0,0,0,Violation Driver 1,Broadside,17:40,5.0,0
658841,CR-0000042813,2,0,0,0,Unknown,Broadside,06:30,4.0,0
658842,CR-0000043039,0,0,0,0,Violation Driver 1,Other,20:52,5.0,3
658843,CR-0000047412,0,0,0,0,Violation Driver 1,Rear End,19:47,5.0,5
658844,CR-0000043020,0,0,0,0,Violation Driver 1,Other,01:22,5.0,3
658845,CR-0000043016,1,0,0,0,Violation Driver 1,Broadside,22:05,5.0,0
658846,CR-0000070041,1,0,0,0,Violation Driver 1,Rear End,17:42,5.0,5
658847,CR-0000065385,0,0,0,0,Violation Driver 1,Sideswipe,17:52,5.0,6
658848,CR-0000065376,1,0,0,0,Violation Driver 1,Broadside,16:35,5.0,0
658849,CR-0000041904,0,0,0,0,Violation Driver 1,Other,22:06,5.0,3
658850,CR-0000039949,0,0,0,0,Violation Driver 1,Other,07:15,5.0,3
658851,CR-0000039944,1,0,0,0,Violation Driver 1,Other,19:11,5.0,3
658852,CR-0000037715,1,0,0,0,Violation Driver 1,Rear End,07:36,5.0,5
658853,CR-0000039310,0,0,0,0,Violation Driver 1,Other,16:00,5.0,3
658854,CR-0000051812,0,0,0,0,Violation Driver 1,Broadside,20:32,5.0,0
658855,CR-0000052982,0,0,0,0,Unknown,Other,08:30,4.0,3
658856,CR-0000070474,4,0,0,0,Violation Driver 1,Rear End,20:30,5.0,5
658857,CR-0000036519,0,0,0,0,Unknown,Rear End,09:20,4.0,5
658858,CR-0000037664,0,0,0,0,Violation Driver 1,Other,22:30,5.0,3
658859,CR-0000037680,1,0,0,0,Violation Driver 1,Other,19:15,5.0,3
658860,CR-0000051831,0,1,0,0,Violation Driver 1,Broadside,18:14,5.0,0
658861,CR-0000052657,0,0,0,0,Unknown,Other,21:10,4.0,3
658862,CR-0000051693,1,0,0,0,Violation Driver 1,Head On,10:47,5.0,1
658863,CR-0000052665,0,0,0,0,Violation Driver 1,Other,02:07,5.0,3
658864,CR-0000065268,0,0,0,0,Violation Driver 1,Sideswipe,10:40,5.0,6
658865,CR-0000065758,1,0,0,0,Violation Driver 1,Broadside,15:39,5.0,0
658866,CR-0000065489,1,0,0,0,Violation Driver 1,Rear End,17:48,5.0,5
658867,CR-0000065259,0,0,0,0,Violation Driver 1,Broadside,10:02,5.0,0
658868,CR-0000065598,1,0,0,0,Violation Driver 1,Sideswipe,18:26,5.0,6
658869,CR-0000065641,0,0,0,0,Violation Driver 1,Broadside,16:50,5.0,0
658870,CR-0000065193,0,0,0,0,Violation Driver 1,Sideswipe,04:51,5.0,6
658871,CR-0000065184,1,0,0,0,Violation Driver 1,Vehicle/Bike,15:30,5.0,7
658872,CR-0000065756,1,0,0,0,Violation Driver 1,Broadside,11:59,5.0,0
658873,CR-0000065161,0,1,0,0,Violation Driver 1,Head On,14:49,5.0,1
658874,CR-0000065625,1,0,0,0,Violation Driver 1,Broadside,12:45,5.0,0
658875,CR-0000066245,0,0,0,0,Violation Driver 1,Rear End,14:52,5.0,5
658876,CR-0000069799,0,0,0,0,Violation Driver 1,Rear End,00:17,5.0,5
658877,CR-0000070011,1,0,0,0,Violation Driver 1,Vehicle/Bike,08:19,5.0,7
658878,CR-0000070522,1,0,0,0,Violation Driver 1,Broadside,12:26,5.0,0
658879,CR-0000070198,2,2,0,0,Violation Driver 1,Rear End,09:56,5.0,5
658880,CR-0000070165,1,0,0,0,Violation Driver 1,Sideswipe,11:25,5.0,6
658881,CR-0000070264,1,0,0,0,Violation Driver 1,Sideswipe,14:20,5.0,6
658882,CR-0000070935,1,0,0,0,Violation Driver 1,Rear End,17:27,5.0,5
658883,CR-0000070924,0,0,0,0,Violation Driver 1,Rear End,00:49,5.0,5
658884,CR-0000052461,0,0,0,0,Violation Driver 1,Other,00:54,5.0,3
658885,CR-0000041827,1,0,0,0,Violation Driver 1,Other,06:29,5.0,3
658886,CR-0000052592,0,0,0,0,Violation Driver 1,Rear End,08:30,5.0,5
658887,CR-0000052643,1,0,0,0,Other Than Driver,Other,05:00,2.0,3
658888,CR-0000065548,0,0,0,0,Violation Driver 1,Broadside,10:00,5.0,0
658889,CR-0000065700,0,0,0,0,Violation Driver 1,Broadside,14:14,5.0,0
658890,CR-0000065698,0,1,0,0,Violation Driver 1,Broadside,09:38,5.0,0
658891,CR-0000065965,1,0,0,0,Violation Driver 1,Broadside,19:48,5.0,0
658892,CR-0000068162,0,0,0,0,Violation Driver 1,Sideswipe,21:25,5.0,6
658893,CR-0000066189,0,0,0,0,Violation Driver 1,Broadside,17:15,5.0,0
658894,CR-0000066155,1,0,0,0,Violation Driver 1,Rear End,15:56,5.0,5