CrashFactId,Name,MinorInjuries,ModerateInjuries,SevereInjuries,FatalInjuries,PrimaryCollisionFactor,CollisionType,CrashTime,PrimaryCollisionFactor_Code,CollisionType_Code
661151,CR-0000042602,0,0,0,0,Violation Driver 1,Other,22:15,5.0,3
661152,CR-0000042220,0,0,0,0,Unknown,Rear End,16:30,4.0,5
661153,CR-0000047143,0,0,0,0,Violation Driver 1,Head On,15:30,5.0,1
661154,CR-0000052793,0,0,0,0,Violation Driver 1,Rear End,01:26,5.0,5
661155,CR-0000041442,1,0,0,0,Violation Driver 1,Rear End,18:49,5.0,5
661156,CR-0000041658,0,0,0,0,Violation Driver 1,Rear End,12:56,5.0,5
661157,CR-0000042600,0,0,0,0,Violation Driver 1,Other,17:30,5.0,3
661158,CR-0000054494,0,0,0,0,Violation Driver 1,Head On,19:01,5.0,1
661160,CR-0000041234,0,0,0,0,Unknown,Other,09:00,4.0,3
661161,CR-0000041384,1,0,0,0,Violation Driver 1,Rear End,11:26,5.0,5
661162,CR-0000041938,0,0,0,0,Violation Driver 1,Rear End,21:24,5.0,5
661163,CR-0000040959,1,0,0,0,Bike At Fault,Other,16:39,0.0,3
661164,CR-0000039481,0,0,0,0,Violation Driver 1,Broadside,11:00,5.0,0
661165,CR-0000039432,0,0,0,0,Violation Driver 1,Other,17:58,5.0,3
661168,CR-0000041943,0,0,0,0,Unknown,Rear End,07:58,4.0,5
661169,CR-0000053672,0,0,0,0,Violation Driver 1,Other,01:30,5.0,3
661170,CR-0000051872,0,0,0,0,Violation Driver 1,Other,23:32,5.0,3
661171,CR-0000043009,1,0,0,0,Violation Driver 1,Rear End,07:40,5.0,5
661172,CR-0000043018,0,0,0,0,Unknown,Broadside,07:30,4.0,0
661173,CR-0000070357,0,1,0,0,Violation Driver 1,Rear End,14:49,5.0,5
661174,CR-0000070437,4,0,0,0,Violation Driver 1,Broadside,19:09,5.0,0
661175,CR-0000070294,0,0,0,0,Violation Driver 1,Sideswipe,17:49,5.0,6
661176,CR-0000042280,1,0,0,0,Violation Driver 1,Rear End,18:15,5.0,5
661177,CR-0000042155,1,0,0,0,Violation Driver 1,Broadside,20:26,5.0,0
661178,CR-0000065393,0,0,0,0,Violation Driver 1,Sideswipe,00:01,5.0,6
661179,CR-0000047732,0,0,0,0,Violation Driver 1,Head On,23:23,5.0,1
661180,CR-0000047713,0,0,0,0,Violation Driver 1,Other,23:46,5.0,3
661181,CR-0000041804,0,0,0,0,Unknown,Other,12:00,4.0,3
661182,CR-0000041656,0,0,0,0,Unknown,Head On,12:28,4.0,1
661190,CR-0000042735,0,0,0,0,Violation Driver 1,Broadside,15:35,5.0,0
661195,CR-0000042127,0,0,0,0,Violation Driver 1,Other,08:20,5.0,3
661196,CR-0000040802,0,0,0,0,Violation Driver 1,Other,02:30,5.0,3
661197,CR-0000041493,1,0,0,0,Violation Driver 1,Rear End,17:10,5.0,5
661198,CR-0000042467,0,0,0,0,Violation Driver 1,Rear End,08:50,5.0,5
661199,CR-0000042530,0,0,0,0,Violation Driver 1,Head On,18:06,5.0,1
661200,CR-0000042529,0,1,0,0,Violation Driver 1,Other,17:41,5.0,3
661201,CR-0000042594,1,0,0,0,Violation Driver 1,Broadside,11:19,5.0,0
661202,CR-0000042592,3,0,0,0,Violation Driver 1,Broadside,10:49,5.0,0
661209,CR-0000037710,0,1,0,0,Bike At Fault,Other,14:57,0.0,3
661210,CR-0000037701,1,0,0,0,Violation Driver 1,Other,08:00,5.0,3
661211,CR-0000039790,1,0,0,0,Violation Driver 1,Broadside,15:28,5.0,0
661212,CR-0000047678,0,0,0,0,Unknown,Other,11:00,4.0,3
661213,CR-0000047203,3,0,0,0,Violation Driver 1,Head On,07:33,5.0,1
661214,CR-0000052970,0,0,0,0,Unknown,Other,06:00,4.0,3
661215,CR-0000047616,1,0,0,0,Violation Driver 1,Other,17:21,5.0,3
661216,CR-0000041844,1,0,0,0,Unknown,Other,09:47,4.0,3
661217,CR-0000041665,0,2,0,0,Violation Driver 1,Broadside,17:04,5.0,0
661223,CR-0000037024,0,0,0,0,Violation Driver 1,Other,11:39,5.0,3
661224,CR-0000037809,0,0,0,0,Violation Driver 1,Other,02:00,5.0,3
661233,CR-0000053691,0,0,0,0,Unknown,Rear End,04:40,4.0,5
661234,CR-0000041260,0,0,0,0,Violation Driver 1,Other,20:44,5.0,3
661235,CR-0000042694,0,1,0,0,Violation Driver 1,Rear End,03:02,5.0,5
661236,CR-0000047507,0,1,0,0,Violation Driver 1,Other,06:51,5.0,3
661237,CR-0000042372,0,0,0,0,Violation Driver 1,Rear End,18:16,5.0,5
661238,CR-0000041500,0,0,0,0,Unknown,Other,09:10,4.0,3
661239,CR-0000042205,0,0,0,0,Unknown,Rear End,11:45,4.0,5
661240,CR-0000047448,0,0,0,0,Violation Driver 1,Broadside,11:55,5.0,0
661241,CR-0000041357,1,0,0,0,Unknown,Other,21:30,4.0,3
661242,CR-0000037022,0,2,0,0,Violation Driver 1,Broadside,14:07,5.0,0
661243,CR-0000037754,1,0,0,0,Violation Driver 1,Broadside,19:50,5.0,0
661247,CR-0000037760,3,0,0,0,Violation Driver 1,Broadside,13:18,5.0,0
661248,CR-0000037758,0,0,0,0,Violation Driver 1,Other,04:30,5.0,3
661249,CR-0000037641,0,0,0,0,Violation Driver 1,Other,00:45,5.0,3
661250,CR-0000037745,0,0,0,0,Unknown,Rear End,11:00,4.0,5
661251,CR-0000037575,0,0,0,0,Unknown,Other,11:30,4.0,3
661258,CR-0000036589,2,0,0,0,Violation Driver 1,Rear End,19:07,5.0,5
661259,CR-0000037692,1,0,0,0,Violation Driver 1,Rear End,18:41,5.0,5
661260,CR-0000039898,2,0,0,0,Violation Driver 1,Broadside,08:51,5.0,0
661261,CR-0000039880,1,0,0,0,Violation Driver 1,Rear End,11:15,5.0,5
661262,CR-0000053307,0,0,0,0,Violation Driver 1,Head On,23:15,5.0,1
661263,CR-0000052193,0,0,0,0,Violation Driver 1,Other,20:13,5.0,3
661264,CR-0000042884,0,0,1,0,Violation Driver 1,Vehicle/Bike,20:56,5.0,7
661265,CR-0000041794,0,0,0,0,Unknown,Head On,19:30,4.0,1
661266,CR-0000042615,4,0,0,0,Violation Driver 1,Rear End,09:49,5.0,5
661267,CR-0000047542,0,0,0,0,Unknown,Broadside,11:30,4.0,0
661268,CR-0000042660,0,0,0,0,Unknown,Other,09:00,4.0,3
661269,CR-0000069913,0,0,0,0,Violation Driver 1,Sideswipe,16:36,5.0,6
661270,CR-0000070905,1,0,0,0,Violation Driver 1,Sideswipe,17:46,5.0,6
661271,CR-0000037968,0,0,0,0,Unknown,Other,14:20,4.0,3
661272,CR-0000037725,0,0,0,0,Unknown,Other,23:30,4.0,3
661273,CR-0000052972,1,0,0,0,Violation Driver 1,Other,08:19,5.0,3
661276,CR-0000051905,0,1,0,0,Violation Driver 1,Broadside,12:44,5.0,0
661277,CR-0000069945,0,0,0,0,Violation Driver 1,Sideswipe,02:20,5.0,6
661286,CR-0000036604,0,0,0,0,Violation Driver 1,Other,01:19,5.0,3
661289,CR-0000052965,0,0,0,0,Violation Driver 1,Rear End,20:22,5.0,5
661293,CR-0000047584,2,0,0,0,Violation Driver 1,Other,07:47,5.0,3
661294,CR-0000051939,1,1,0,0,Violation Driver 1,Broadside,23:11,5.0,0
661295,CR-0000042426,0,1,0,0,Violation Driver 1,Other,16:30,5.0,3
661296,CR-0000042295,0,0,0,0,Violation Driver 1,Head On,11:10,5.0,1
661297,CR-0000042285,0,0,0,0,Unknown,Other,14:26,4.0,3
661302,CR-0000051928,0,0,0,0,Violation Driver 1,Other,12:00,5.0,3
661303,CR-0000069923,0,0,0,0,Violation Driver 1,Head On,07:30,5.0,1
661304,CR-0000037744,0,0,0,0,Violation Driver 1,Broadside,12:30,5.0,0
661305,CR-0000037743,0,0,0,0,Unknown,Other,08:30,4.0,3
661306,CR-0000036636,1,0,0,0,Violation Driver 1,Broadside,10:24,5.0,0
661307,CR-0000037695,0,0,0,0,Unknown,Other,14:00,4.0,3
661308,CR-0000041048,0,0,0,0,Unknown,Other,14:00,4.0,3
661317,CR-0000047788,0,0,0,0,Unknown,Other,00:00,4.0,3
661318,CR-0000042836,0,0,0,0,Violation Driver 1,Head On,00:55,5.0,1
661319,CR-0000051925,2,0,0,0,Violation Driver 1,Broadside,08:17,5.0,0
661320,CR-0000041494,0,0,0,0,Violation Driver 1,Broadside,18:30,5.0,0
661321,CR-0000041511,2,0,0,0,Violation Driver 1,Broadside,03:00,5.0,0
661322,CR-0000039570,1,0,0,0,Violation Driver 1,Other,17:20,5.0,3
661323,CR-0000037734,0,0,0,0,Violation Driver 1,Rear End,16:08,5.0,5
661324,CR-0000047212,1,0,0,0,Violation Driver 1,Other,18:40,5.0,3
661325,CR-0000052987,0,0,0,0,Violation Driver 1,Other,02:17,5.0,3
661326,CR-0000042025,2,0,0,0,Violation Driver 1,Rear End,08:30,5.0,5
661329,CR-0000041920,0,1,0,0,Violation Driver 1,Other,06:30,5.0,3
661330,CR-0000047549,0,0,0,0,Violation Driver 1,Rear End,08:46,5.0,5
661331,CR-0000041005,2,2,0,0,Violation Driver 1,Broadside,11:53,5.0,0
661332,CR-0000040885,0,0,0,0,Violation Driver 1,Broadside,08:11,5.0,0
661333,CR-0000042428,0,0,0,1,Violation Driver 1,Other,13:30,5.0,3
661334,CR-0000041410,0,0,0,0,Unknown,Other,22:10,4.0,3
661335,CR-0000065793,0,0,0,0,Violation Driver 1,Broadside,10:50,5.0,0
661336,CR-0000065763,1,0,0,0,Violation Driver 1,Rear End,22:02,5.0,5
661337,CR-0000065745,0,0,0,0,Violation Driver 1,Sideswipe,17:16,5.0,6
661338,CR-0000042419,0,0,0,0,Violation Driver 1,Other,16:30,5.0,3
661339,CR-0000065761,0,0,0,0,Violation Driver 1,Rear End,19:51,5.0,5
661345,CR-0000047506,0,0,0,0,Unknown,Head On,06:30,4.0,1
661346,CR-0000069943,0,0,0,0,Violation Driver 1,Rear End,00:33,5.0,5
661347,CR-0000069910,2,1,0,0,Violation Driver 1,Rear End,13:00,5.0,5
661348,CR-0000037969,0,0,0,0,Violation Driver 1,Other,15:33,5.0,3
661349,CR-0000047750,0,0,0,0,Violation Driver 1,Rear End,12:37,5.0,5
661350,CR-0000047152,0,0,0,0,Violation Driver 1,Sideswipe,08:27,5.0,6
661351,CR-0000042765,1,0,0,0,Violation Driver 1,Broadside,18:55,5.0,0
661352,CR-0000047431,0,0,0,0,Violation Driver 1,Broadside,22:35,5.0,0
661353,CR-0000041225,0,1,0,0,Bike At Fault,Other,18:20,0.0,3
661354,CR-0000041212,1,0,0,0,Violation Driver 1,Broadside,00:00,5.0,0
661355,CR-0000036545,2,0,0,0,Violation Driver 1,Broadside,12:27,5.0,0
661356,CR-0000037993,1,0,0,0,Unknown,Broadside,11:56,4.0,0
661357,CR-0000037959,0,0,0,0,Violation Driver 1,Broadside,10:08,5.0,0
661358,CR-0000042581,0,0,0,0,Violation Driver 1,Other,17:25,5.0,3
661366,CR-0000036677,0,0,0,0,Violation Driver 1,Other,14:35,5.0,3
661367,CR-0000039416,0,0,0,0,Violation Driver 1,Other,16:30,5.0,3
661368,CR-0000036670,0,0,0,0,Violation Driver 1,Other,23:44,5.0,3
661369,CR-0000036579,0,0,0,0,Unknown,Broadside,11:08,4.0,0
661370,CR-0000041070,0,0,0,0,Unknown,Other,07:20,4.0,3
661371,CR-0000042195,0,0,0,0,Violation Driver 1,Broadside,02:04,5.0,0
661372,CR-0000042193,0,0,0,0,Unknown,Other,00:00,4.0,3
661373,CR-0000042184,1,0,0,0,Violation Driver 1,Rear End,16:20,5.0,5
661374,CR-0000046972,1,0,0,0,Violation Driver 1,Broadside,14:02,5.0,0
661375,CR-0000047509,0,1,0,0,Violation Driver 1,Broadside,09:50,5.0,0
661376,CR-0000047099,1,0,0,0,Violation Driver 1,Broadside,08:45,5.0,0
661377,CR-0000038000,0,0,0,0,Unknown,Other,21:30,4.0,3
661378,CR-0000047665,0,0,0,0,Unknown,Other,08:10,4.0,3
661379,CR-0000042424,0,1,0,0,Violation Driver 1,Broadside,19:56,5.0,0
661380,CR-0000041853,0,0,0,0,Violation Driver 1,Other,22:15,5.0,3
661381,CR-0000042770,2,0,0,0,Unknown,Rear End,07:30,4.0,5
661382,CR-0000042278,0,0,0,0,Violation Driver 1,Rear End,19:04,5.0,5
661383,CR-0000065743,0,0,0,0,Violation Driver 1,Rear End,09:04,5.0,5
661394,CR-0000039483,0,1,0,0,Violation Driver 1,Other,02:47,5.0,3
661395,CR-0000041051,0,0,0,0,Unknown,Other,15:00,4.0,3
661396,CR-0000041019,0,0,1,0,Violation Driver 1,Other,03:38,5.0,3
661397,CR-0000042449,0,0,0,1,Unknown,Other,18:34,4.0,3
661398,CR-0000042444,2,0,0,1,Violation Driver 1,Other,23:20,5.0,3
661399,CR-0000042442,0,0,0,1,Unknown,Other,22:47,4.0,3
661400,CR-0000042200,2,0,0,0,Violation Driver 1,Rear End,18:02,5.0,5
661404,CR-0000041324,0,1,0,0,Violation Driver 1,Other,17:10,5.0,3
661405,CR-0000041780,1,0,0,0,Violation Driver 1,Other,15:44,5.0,3
661406,CR-0000042685,1,0,0,0,Unknown,Other,10:30,4.0,3
661407,CR-0000047389,0,0,0,0,Violation Driver 1,Rear End,12:10,5.0,5
661408,CR-0000047540,0,0,0,0,Unknown,Other,01:00,4.0,3
661409,CR-0000041723,1,0,0,0,Violation Driver 1,Rear End,16:30,5.0,5
661410,CR-0000069543,1,0,0,0,Violation Driver 1,Broadside,06:43,5.0,0
661411,CR-0000065519,2,0,0,0,Violation Driver 1,Rear End,13:49,5.0,5
661412,CR-0000065518,1,0,0,0,Violation Driver 1,Vehicle/Pedestrian,14:07,5.0,8
661416,CR-0000042273,0,0,0,0,Violation Driver 1,Other,15:53,5.0,3
661417,CR-0000038821,2,0,0,0,Violation Driver 1,Other,17:22,5.0,3
661418,CR-0000036467,0,0,1,0,Violation Driver 1,Other,02:26,5.0,3
661419,CR-0000039452,0,0,0,0,Violation Driver 1,Other,15:00,5.0,3
661420,CR-0000039118,2,0,0,0,Violation Driver 1,Other,18:59,5.0,3
661421,CR-0000039559,0,0,0,0,Violation Driver 1,Other,21:04,5.0,3
661422,CR-0000037798,0,0,0,0,Violation Driver 1,Other,18:00,5.0,3
661427,CR-0000042189,0,0,0,0,Violation Driver 1,Head On,22:27,5.0,1
661428,CR-0000042173,0,0,0,0,Unknown,Sideswipe,09:15,4.0,6
661429,CR-0000042276,0,0,1,0,Violation Driver 1,Rear End,17:41,5.0,5
661430,CR-0000041963,0,1,0,0,Violation Driver 1,Broadside,13:45,5.0,0
661432,CR-0000047086,0,0,0,0,Violation Driver 1,Other,23:33,5.0,3
661433,CR-0000053056,0,0,0,0,Unknown,Other,16:00,4.0,3
661434,CR-0000040964,0,0,1,0,Violation Driver 1,Rear End,17:25,5.0,5
661435,CR-0000069911,3,0,0,0,Violation Driver 1,Broadside,16:00,5.0,0
661436,CR-0000046819,0,0,0,0,Violation Driver 1,Other,17:55,5.0,3
661437,CR-0000051745,0,0,0,0,Unknown,Sideswipe,10:30,4.0,6
661438,CR-0000065728,0,0,1,0,Violation Driver 1,Vehicle/Pedestrian,11:59,5.0,8
661443,CR-0000042401,0,0,0,0,Violation Driver 1,Other,08:25,5.0,3
661449,CR-0000069907,0,0,0,0,Violation Driver 1,Rear End,00:56,5.0,5
661450,CR-0000038806,1,0,0,0,Violation Driver 1,Other,11:40,5.0,3
661451,CR-0000039177,0,0,0,0,Unknown,Other,06:00,4.0,3
661452,CR-0000036303,0,0,0,0,Violation Driver 1,Other,11:24,5.0,3
661456,CR-0000053313,0,0,0,0,Unknown,Rear End,18:30,4.0,5
661457,CR-0000041333,1,0,0,0,Unknown,Rear End,14:52,4.0,5
661458,CR-0000053060,0,0,0,0,Violation Driver 2,Other,06:38,6.0,3
661459,CR-0000037053,0,0,0,0,Unknown,Rear End,21:40,4.0,5
661460,CR-0000036594,0,1,0,0,Violation Driver 1,Other,09:15,5.0,3
661461,CR-0000035385,2,0,0,0,Violation Driver 1,Rear End,18:45,5.0,5
661462,CR-0000053200,1,0,0,0,Bike At Fault,Other,18:16,0.0,3
661463,CR-0000047690,0,0,0,0,Violation Driver 1,Rear End,17:40,5.0,5
661464,CR-0000052966,1,0,0,0,Violation Driver 2,Broadside,21:30,6.0,0
661465,CR-0000042382,0,0,0,0,Violation Driver 1,Other,01:41,5.0,3
661466,CR-0000042159,0,0,1,0,Violation Driver 1,Broadside,05:15,5.0,0
661467,CR-0000069615,0,0,0,0,Violation Driver 1,Rear End,11:45,5.0,5
661468,CR-0000069548,0,0,0,0,Other Improper Driving,Broadside,15:10,1.0,0
661469,CR-0000065175,0,0,0,0,Violation Driver 1,Broadside,02:33,5.0,0
661471,CR-0000047786,0,0,0,0,Unknown,Broadside,09:00,4.0,0
661472,CR-0000047776,0,0,0,0,Violation Driver 1,Other,04:30,5.0,3
661473,CR-0000042512,0,0,0,0,Violation Driver 1,Other,00:07,5.0,3
661474,CR-0000047567,1,1,0,0,Violation Driver 1,Broadside,13:12,5.0,0
661475,CR-0000047480,1,0,0,0,Violation Driver 1,Broadside,07:40,5.0,0
661476,CR-0000042235,1,0,0,0,Violation Driver 1,Other,10:39,5.0,3
661477,CR-0000041257,1,0,0,0,Violation Driver 1,Rear End,17:56,5.0,5
661478,CR-0000041398,1,0,0,0,Violation Driver 1,Other,06:36,5.0,3
661479,CR-0000065470,1,0,0,0,Violation Driver 1,Broadside,16:57,5.0,0
661480,CR-0000069448,0,0,0,0,Violation Driver 1,Broadside,11:30,5.0,0
661481,CR-0000065439,1,0,0,0,Violation Driver 1,Broadside,21:20,5.0,0
661482,CR-0000065423,3,0,0,0,Violation Driver 1,Head On,11:40,5.0,1
661483,CR-0000069779,1,0,0,0,Violation Driver 1,Sideswipe,15:57,5.0,6
661484,CR-0000066211,0,0,0,0,Violation Driver 1,Broadside,13:25,5.0,0
661487,CR-0000052004,0,0,0,0,Violation Driver 1,Other,13:45,5.0,3
661488,CR-0000050352,1,0,0,0,Violation Driver 1,Broadside,08:59,5.0,0
661489,CR-0000040529,0,1,0,0,Violation Driver 1,Other,03:44,5.0,3
661490,CR-0000047121,0,0,0,0,Unknown,Other,09:00,4.0,3
661491,CR-0000045070,0,1,0,0,Unknown,Other,19:12,4.0,3
661492,CR-0000047906,1,0,0,0,Violation Driver 1,Broadside,10:17,5.0,0
661493,CR-0000069620,0,0,0,0,Violation Driver 1,Broadside,16:03,5.0,0
661494,CR-0000047602,0,0,0,0,Unknown,Other,02:00,4.0,3
661495,CR-0000042726,0,1,0,0,Violation Driver 1,Broadside,01:22,5.0,0
661496,CR-0000042270,0,1,0,0,Violation Driver 1,Other,13:35,5.0,3
661497,CR-0000041403,1,0,0,0,Violation Driver 1,Broadside,17:35,5.0,0
661498,CR-0000042596,0,0,0,0,Violation Driver 1,Other,12:45,5.0,3
661499,CR-0000069624,0,1,0,0,Violation Driver 1,Rear End,22:19,5.0,5
661500,CR-0000065159,1,0,0,0,Violation Driver 1,Vehicle/Bike,14:03,5.0,7
661501,CR-0000065472,0,0,0,0,Violation Driver 1,Rear End,08:28,5.0,5
661502,CR-0000069778,0,0,0,0,Violation Driver 1,Sideswipe,08:56,5.0,6
661503,CR-0000037748,0,0,0,0,Violation Driver 1,Other,13:30,5.0,3
661504,CR-0000044756,1,0,0,0,Violation Driver 1,Broadside,16:35,5.0,0
661505,CR-0000047157,0,0,0,0,Unknown,Other,07:00,4.0,3
661506,CR-0000054472,0,0,0,0,Violation Driver 1,Other,16:44,5.0,3
661507,CR-0000053156,1,0,0,0,Unknown,Broadside,13:01,4.0,0
661508,CR-0000042399,0,0,0,0,Violation Driver 1,Other,00:47,5.0,3
661509,CR-0000042518,1,0,0,0,Unknown,Other,18:00,4.0,3
661510,CR-0000042202,0,0,0,0,Violation Driver 1,Rear End,18:40,5.0,5
661511,CR-0000042190,0,0,0,0,Unknown,Other,23:40,4.0,3
661512,CR-0000041703,0,2,0,0,Violation Driver 1,Other,07:48,5.0,3
661513,CR-0000042599,0,0,0,0,Unknown,Other,04:25,4.0,3
661514,CR-0000065538,1,0,0,0,Violation Driver 1,Rear End,21:50,5.0,5
661515,CR-0000041023,2,0,0,0,Violation Driver 1,Broadside,10:30,5.0,0
661516,CR-0000047725,0,0,0,0,Violation Driver 1,Other,17:23,5.0,3
661517,CR-0000047724,1,0,0,0,Violation Driver 1,Rear End,15:42,5.0,5
661519,CR-0000041331,0,0,0,0,Unknown,Other,14:30,4.0,3
661520,CR-0000042147,0,1,0,0,Violation Driver 1,Broadside,13:35,5.0,0
661521,CR-0000042531,1,0,0,0,Violation Driver 1,Rear End,19:04,5.0,5
661522,CR-0000041307,0,1,0,0,Violation Driver 1,Other,18:23,5.0,3
661523,CR-0000042233,0,1,0,0,Violation Driver 1,Other,07:00,5.0,3
661524,CR-0000042211,0,0,0,0,Unknown,Rear End,21:20,4.0,5
661525,CR-0000042501,0,0,1,0,Violation Driver 1,Other,08:00,5.0,3
661526,CR-0000042721,2,0,0,0,Unknown,Other,19:22,4.0,3
661527,CR-0000041317,0,0,0,0,Violation Driver 1,Rear End,08:11,5.0,5
661528,CR-0000047783,0,0,0,0,Unknown,Other,19:51,4.0,3
661529,CR-0000042920,1,0,0,0,Violation Driver 1,Broadside,16:24,5.0,0
661530,CR-0000047475,0,0,0,0,Unknown,Other,17:00,4.0,3
661531,CR-0000041524,1,0,0,0,Violation Driver 1,Broadside,16:04,5.0,0
661532,CR-0000041567,2,0,0,0,Violation Driver 1,Rear End,09:59,5.0,5
661533,CR-0000042819,0,0,0,0,Violation Driver 1,Broadside,10:01,5.0,0
661534,CR-0000069568,0,0,0,0,Violation Driver 1,Broadside,17:56,5.0,0
661535,CR-0000066220,0,1,0,0,Violation Driver 1,Vehicle/Pedestrian,11:43,5.0,8
661536,CR-0000065370,1,0,0,0,Violation Driver 1,Broadside,09:19,5.0,0
661539,CR-0000047080,0,0,0,0,Unknown,Head On,18:30,4.0,1
661540,CR-0000042519,0,0,0,0,Violation Driver 1,Rear End,18:25,5.0,5
661541,CR-0000042889,0,0,0,0,Unknown,Rear End,19:24,4.0,5
661542,CR-0000042478,0,0,0,0,Violation Driver 1,Broadside,14:10,5.0,0
661543,CR-0000069760,0,0,0,0,Violation Driver 1,Sideswipe,06:24,5.0,6
661549,CR-0000040404,0,0,0,0,Violation Driver 1,Rear End,14:27,5.0,5
661550,CR-0000047642,0,0,0,0,Unknown,Other,21:04,4.0,3
661551,CR-0000054490,1,0,0,0,Violation Driver 1,Rear End,10:32,5.0,5
661552,CR-0000069639,0,0,0,0,Violation Driver 1,Broadside,20:48,5.0,0
661553,CR-0000069625,0,0,0,0,Violation Driver 1,Sideswipe,22:33,5.0,6
661554,CR-0000065377,0,0,0,0,Violation Driver 1,Head On,12:48,5.0,1
661555,CR-0000065291,0,0,0,0,Violation Driver 1,Rear End,18:25,5.0,5
661559,CR-0000041166,0,0,0,0,Violation Driver 1,Other,01:07,5.0,3
661560,CR-0000042551,2,0,0,0,Violation Driver 1,Rear End,11:31,5.0,5
661561,CR-0000042124,0,0,0,0,Unknown,Rear End,14:06,4.0,5
661562,CR-0000042506,0,0,0,0,Violation Driver 1,Broadside,21:22,5.0,0
661563,CR-0000041119,0,0,0,0,Violation Driver 1,Rear End,07:27,5.0,5
661564,CR-0000069441,1,0,0,0,Violation Driver 1,Vehicle/Bike,07:33,5.0,7
661565,CR-0000066234,0,0,0,1,Violation Driver 1,Vehicle/Pedestrian,11:15,5.0,8
661568,CR-0000042391,0,0,0,0,Violation Driver 1,Head On,21:17,5.0,1
661569,CR-0000053311,0,0,0,0,Unknown,Head On,11:40,4.0,1
661570,CR-0000047075,0,1,0,0,Violation Driver 1,Sideswipe,16:36,5.0,6
661571,CR-0000042739,0,1,0,0,Unknown,Rear End,19:00,4.0,5
661572,CR-0000047474,0,0,0,0,Unknown,Rear End,07:45,4.0,5
661573,CR-0000041549,0,1,0,0,Violation Driver 1,Other,07:39,5.0,3
661574,CR-0000069761,2,0,0,0,Violation Driver 1,Broadside,08:23,5.0,0
661575,CR-0000066209,2,0,0,0,Violation Driver 1,Broadside,13:01,5.0,0
661582,CR-0000051729,0,0,0,0,Violation Driver 1,Other,01:25,5.0,3
661583,CR-0000046804,0,1,0,0,Bike At Fault,Other,07:47,0.0,3
661584,CR-0000041728,1,0,0,0,Unknown,Other,19:06,4.0,3
661585,CR-0000042161,1,0,0,0,Pedestrian At Fault,Other,10:29,3.0,3
661586,CR-0000046219,0,0,0,0,Unknown,Rear End,10:51,4.0,5
661587,CR-0000046203,1,0,0,0,Violation Driver 1,Broadside,08:06,5.0,0
661588,CR-0000065356,0,0,0,0,Violation Driver 1,Rear End,17:58,5.0,5
661589,CR-0000065233,1,0,0,0,Violation Driver 1,Sideswipe,22:29,5.0,6
661592,CR-0000047077,0,0,0,0,Unknown,Other,15:00,4.0,3
661593,CR-0000047585,0,0,0,0,Violation Driver 1,Broadside,11:12,5.0,0
661594,CR-0000051930,1,0,0,0,Violation Driver 1,Rear End,12:44,5.0,5
661595,CR-0000039145,0,0,0,0,Unknown,Other,00:00,4.0,3
661596,CR-0000039555,0,1,0,0,Violation Driver 1,Other,14:28,5.0,3
661597,CR-0000036506,0,0,0,0,Violation Driver 1,Other,16:20,5.0,3
661598,CR-0000065168,0,0,0,0,Violation Driver 1,Rear End,17:02,5.0,5
661599,CR-0000065453,3,1,0,0,Violation Driver 1,Broadside,03:08,5.0,0
661600,CR-0000042379,0,1,0,0,Violation Driver 2,Other,09:35,6.0,3
661601,CR-0000041173,0,0,0,0,Unknown,Other,20:00,4.0,3
661602,CR-0000042552,1,0,0,0,Violation Driver 1,Broadside,14:09,5.0,0
661603,CR-0000042550,0,0,0,0,Violation Driver 1,Broadside,07:45,5.0,0
661604,CR-0000042539,1,0,0,0,Other Than Driver,Broadside,17:52,2.0,0
661605,CR-0000042535,0,1,0,0,Unknown,Other,00:11,4.0,3
661606,CR-0000042527,0,0,0,0,Violation Driver 1,Other,15:47,5.0,3
661607,CR-0000069459,2,0,0,0,Violation Driver 1,Rear End,15:52,5.0,5
661608,CR-0000066250,0,0,0,0,Violation Driver 1,Broadside,19:46,5.0,0
661609,CR-0000066241,0,0,0,0,Violation Driver 1,Rear End,02:30,5.0,5
661610,CR-0000069368,0,0,1,0,Violation Driver 1,Rear End,17:18,5.0,5
661611,CR-0000066225,0,0,0,0,Violation Driver 1,Rear End,19:04,5.0,5
661613,CR-0000042706,1,0,0,0,Violation Driver 1,Head On,21:21,5.0,1
661614,CR-0000042804,1,0,0,0,Unknown,Rear End,08:27,4.0,5
661615,CR-0000042453,0,0,2,1,Unknown,Other,15:24,4.0,3
661616,CR-0000042662,0,0,0,0,Violation Driver 1,Rear End,08:39,5.0,5
661617,CR-0000069879,0,0,0,0,Violation Driver 1,Sideswipe,20:08,5.0,6
661618,CR-0000069937,2,0,0,0,Violation Driver 1,Rear End,14:50,5.0,5
661619,CR-0000037931,0,0,0,0,Unknown,Other,00:00,4.0,3
661620,CR-0000039442,0,0,0,0,Unknown,Head On,16:10,4.0,1
661621,CR-0000042705,0,1,0,0,Violation Driver 1,Other,19:39,5.0,3
661622,CR-0000047777,0,0,0,0,Violation Driver 1,Broadside,07:38,5.0,0
661623,CR-0000047586,2,0,0,0,Unknown,Broadside,12:29,4.0,0