CrashFactId,Name,MinorInjuries,ModerateInjuries,SevereInjuries,FatalInjuries,PrimaryCollisionFactor,CollisionType,CrashTime,PrimaryCollisionFactor_Code,CollisionType_Code
661624,CR-0000047581,2,1,0,0,Unknown,Sideswipe,09:04,4.0,6
661625,CR-0000041516,0,0,0,0,Violation Driver 1,Rear End,19:17,5.0,5
661626,CR-0000042486,0,0,0,0,Violation Driver 1,Other,23:50,5.0,3
661635,CR-0000037716,1,0,0,0,Violation Driver 1,Head On,07:56,5.0,1
661636,CR-0000042245,0,0,0,0,Unknown,Other,06:30,4.0,3
661637,CR-0000042243,0,0,0,1,Violation Driver 1,Other,18:09,5.0,3
661638,CR-0000042494,0,0,0,0,Violation Driver 1,Rear End,17:47,5.0,5
661639,CR-0000042829,0,0,0,0,Violation Driver 1,Other,21:13,5.0,3
661640,CR-0000042469,0,0,0,0,Violation Driver 1,Other,12:28,5.0,3
661641,CR-0000041391,0,1,0,0,Violation Driver 1,Head On,18:23,5.0,1
661642,CR-0000047463,0,0,0,0,Violation Driver 1,Broadside,15:00,5.0,0
661643,CR-0000047689,4,0,0,0,Violation Driver 1,Broadside,17:54,5.0,0
661644,CR-0000040873,1,0,0,0,Violation Driver 1,Rear End,10:31,5.0,5
661645,CR-0000045097,0,0,0,0,Violation Driver 1,Other,17:33,5.0,3
661646,CR-0000041830,1,0,0,0,Violation Driver 1,Rear End,14:40,5.0,5
661647,CR-0000042166,0,0,0,0,Violation Driver 1,Other,14:40,5.0,3
661648,CR-0000040627,0,0,0,0,Violation Driver 1,Other,10:16,5.0,3
661649,CR-0000069671,0,0,0,0,Violation Driver 1,Rear End,00:10,5.0,5
661650,CR-0000040930,0,0,0,0,Unknown,Broadside,09:45,4.0,0
661651,CR-0000042678,0,0,0,0,Unknown,Head On,14:40,4.0,1
661652,CR-0000042617,0,0,0,0,Violation Driver 1,Rear End,13:21,5.0,5
661653,CR-0000040957,0,0,0,0,Violation Driver 1,Other,13:50,5.0,3
661654,CR-0000041205,0,0,0,0,Unknown,Rear End,14:12,4.0,5
661655,CR-0000069848,1,0,0,0,Violation Driver 1,Broadside,16:38,5.0,0
661656,CR-0000069903,0,0,0,0,Violation Driver 1,Sideswipe,23:00,5.0,6
661657,CR-0000037847,0,0,0,0,Violation Driver 1,Rear End,08:10,5.0,5
661658,CR-0000042227,1,0,0,0,Violation Driver 1,Head On,15:57,5.0,1
661659,CR-0000042207,2,0,0,0,Violation Driver 1,Broadside,13:41,5.0,0
661660,CR-0000042365,1,0,0,0,Violation Driver 1,Broadside,12:17,5.0,0
661661,CR-0000051859,0,0,0,0,Violation Driver 1,Head On,21:37,5.0,1
661662,CR-0000041759,0,0,0,0,Violation Driver 1,Other,20:03,5.0,3
661663,CR-0000041207,0,0,0,0,Unknown,Rear End,14:15,4.0,5
661664,CR-0000037804,0,0,0,0,Violation Driver 1,Rear End,21:29,5.0,5
661665,CR-0000039512,0,0,0,0,Violation Driver 1,Other,16:45,5.0,3
661666,CR-0000037974,0,0,0,0,Unknown,Rear End,14:52,4.0,5
661667,CR-0000047006,0,0,0,0,Violation Driver 1,Rear End,09:50,5.0,5
661668,CR-0000047597,0,0,0,0,Violation Driver 1,Rear End,18:30,5.0,5
661669,CR-0000047582,0,0,0,0,Violation Driver 1,Other,01:52,5.0,3
661670,CR-0000042923,0,0,0,0,Violation Driver 1,Other,18:00,5.0,3
661671,CR-0000053341,1,0,0,0,Unknown,Other,16:55,4.0,3
661672,CR-0000053334,1,0,0,0,Violation Driver 1,Broadside,10:48,5.0,0
661673,CR-0000037045,0,0,0,0,Violation Driver 2,Rear End,16:00,6.0,5
661674,CR-0000037827,1,0,0,0,Violation Driver 1,Other,21:38,5.0,3
661675,CR-0000039426,0,0,0,0,Unknown,Other,19:09,4.0,3
661676,CR-0000037790,4,0,0,0,Violation Driver 1,Rear End,10:20,5.0,5
661677,CR-0000039519,0,0,0,0,Violation Driver 1,Sideswipe,00:00,5.0,6
661678,CR-0000042871,0,0,0,0,Unknown,Other,23:30,4.0,3
661679,CR-0000041467,0,0,0,0,Unknown,Other,08:22,4.0,3
661680,CR-0000042652,0,0,0,0,Violation Driver 1,Broadside,15:39,5.0,0
661681,CR-0000065355,2,0,0,0,Violation Driver 1,Broadside,17:00,5.0,0
661682,CR-0000065292,1,0,0,0,Violation Driver 1,Broadside,20:41,5.0,0
661683,CR-0000065197,0,0,0,0,Violation Driver 1,Sideswipe,12:35,5.0,6
661684,CR-0000065182,1,0,0,0,Violation Driver 1,Vehicle/Pedestrian,15:46,5.0,8
661685,CR-0000039876,0,0,0,0,Violation Driver 1,Other,08:50,5.0,3
661686,CR-0000051741,2,0,0,0,Violation Driver 1,Broadside,02:27,5.0,0
661687,CR-0000052012,1,0,0,0,Violation Driver 1,Other,09:35,5.0,3
661688,CR-0000069534,0,0,0,0,Violation Driver 1,Sideswipe,07:00,5.0,6
661689,CR-0000065276,1,0,0,0,Violation Driver 1,Head On,17:09,5.0,1
661690,CR-0000069604,2,1,0,0,Bike At Fault,Rear End,19:55,0.0,5
661691,CR-0000069809,0,1,0,0,Bike At Fault,Vehicle/Bike,08:00,0.0,7
661692,CR-0000069442,1,0,0,0,Violation Driver 1,Head On,08:12,5.0,1
661693,CR-0000069414,0,0,0,0,Violation Driver 1,Broadside,11:31,5.0,0
661694,CR-0000069399,1,0,0,0,Bike At Fault,Vehicle/Bike,12:11,0.0,7
661695,CR-0000069777,0,0,0,0,Violation Driver 2,Broadside,08:11,6.0,0
661696,CR-0000069695,0,0,0,0,Violation Driver 1,Broadside,23:30,5.0,0
661697,CR-0000065112,2,0,0,0,Violation Driver 1,Sideswipe,16:45,5.0,6
661698,CR-0000065109,0,0,0,0,Violation Driver 1,Hit Object,14:20,5.0,2
661699,CR-0000065637,0,1,0,0,Violation Driver 1,Vehicle/Bike,13:08,5.0,7
661700,CR-0000065636,0,0,0,0,Violation Driver 1,Sideswipe,11:17,5.0,6
661701,CR-0000069449,1,1,0,0,Violation Driver 1,Head On,17:10,5.0,1
661702,CR-0000069475,0,0,0,0,Violation Driver 1,Sideswipe,17:45,5.0,6
661703,CR-0000069429,0,0,0,0,Violation Driver 1,Rear End,18:08,5.0,5
661704,CR-0000069464,0,0,0,0,Violation Driver 1,Rear End,19:45,5.0,5
661705,CR-0000065438,0,0,0,0,Violation Driver 1,Sideswipe,18:49,5.0,6
661706,CR-0000065436,1,0,0,0,Bike At Fault,Vehicle/Bike,17:59,0.0,7
661707,CR-0000069408,0,1,0,0,Violation Driver 1,Rear End,02:50,5.0,5
661708,CR-0000069402,2,0,0,0,Violation Driver 1,Rear End,17:18,5.0,5
661709,CR-0000065095,0,0,0,0,Violation Driver 1,Rear End,17:36,5.0,5
661710,CR-0000065070,1,0,0,0,Violation Driver 1,Broadside,11:52,5.0,0
661711,CR-0000065068,0,0,0,0,Violation Driver 1,Broadside,11:20,5.0,0
661712,CR-0000066251,1,0,0,0,Violation Driver 1,Broadside,20:51,5.0,0
661713,CR-0000047446,1,0,0,0,Violation Driver 1,Rear End,08:30,5.0,5
661714,CR-0000042651,1,0,0,0,Bike At Fault,Other,13:08,0.0,3
661715,CR-0000047517,2,0,0,0,Violation Driver 1,Rear End,21:30,5.0,5
661716,CR-0000069914,0,0,0,0,Violation Driver 1,Sideswipe,19:08,5.0,6
661717,CR-0000039146,0,0,0,0,Unknown,Broadside,11:45,4.0,0
661718,CR-0000037825,1,0,0,0,Violation Driver 1,Other,19:32,5.0,3
661719,CR-0000039428,0,1,0,0,Unknown,Other,07:15,4.0,3
661720,CR-0000066244,0,0,0,0,Violation Driver 1,Rear End,14:23,5.0,5
661721,CR-0000069701,1,0,0,0,Violation Driver 1,Rear End,08:20,5.0,5
661722,CR-0000065125,0,0,0,0,Violation Driver 1,Sideswipe,22:36,5.0,6
661723,CR-0000069492,0,0,1,0,Pedestrian At Fault,Vehicle/Pedestrian,08:10,3.0,8
661724,CR-0000066233,0,1,0,0,Violation Driver 1,Head On,21:46,5.0,1
661727,CR-0000037781,1,0,0,0,Violation Driver 1,Broadside,07:20,5.0,0
661728,CR-0000037774,1,0,0,0,Violation Driver 1,Rear End,22:23,5.0,5
661729,CR-0000037027,0,0,0,0,Violation Driver 1,Other,15:30,5.0,3
661730,CR-0000036702,0,0,0,0,Violation Driver 1,Other,15:03,5.0,3
661731,CR-0000037961,0,0,0,0,Violation Driver 1,Other,13:00,5.0,3
661732,CR-0000036647,1,0,0,0,Violation Driver 1,Broadside,19:17,5.0,0
661733,CR-0000037694,0,0,0,0,Unknown,Other,00:00,4.0,3
661734,CR-0000039901,0,0,0,0,Violation Driver 1,Rear End,14:55,5.0,5
661735,CR-0000065231,0,0,0,0,Unknown,Rear End,18:00,4.0,5
661736,CR-0000065278,2,0,0,0,Violation Driver 1,Head On,18:20,5.0,1
661737,CR-0000065651,1,0,0,0,Violation Driver 1,Broadside,05:59,5.0,0
661738,CR-0000065179,0,0,0,0,Violation Driver 1,Sideswipe,13:12,5.0,6
661739,CR-0000069507,1,0,0,0,Violation Driver 1,Rear End,04:29,5.0,5
661740,CR-0000065454,2,0,0,0,Violation Driver 1,Broadside,06:10,5.0,0
661741,CR-0000065219,0,0,0,0,Violation Driver 1,Sideswipe,11:57,5.0,6
661742,CR-0000065212,2,0,0,0,Violation Driver 1,Head On,14:08,5.0,1
661743,CR-0000069465,1,0,0,0,Violation Driver 1,Broadside,21:21,5.0,0
661744,CR-0000065086,1,0,0,0,Violation Driver 1,Broadside,11:35,5.0,0
661745,CR-0000065079,1,0,0,0,Violation Driver 1,Broadside,23:47,5.0,0
661746,CR-0000065417,0,0,0,0,Violation Driver 1,Broadside,11:19,5.0,0
661747,CR-0000065406,0,0,0,0,Violation Driver 1,Rear End,08:30,5.0,5
661751,CR-0000042395,0,0,0,0,Unknown,Other,00:00,4.0,3
661752,CR-0000041301,0,0,0,0,Unknown,Sideswipe,17:08,4.0,6
661753,CR-0000042547,0,0,0,0,Unknown,Other,19:00,4.0,3
661754,CR-0000041312,0,0,0,0,Violation Driver 1,Other,22:10,5.0,3
661755,CR-0000069935,1,0,0,0,Violation Driver 1,Broadside,11:15,5.0,0
661764,CR-0000069621,1,0,0,0,Violation Driver 1,Rear End,20:50,5.0,5
661765,CR-0000065232,0,0,0,0,Violation Driver 1,Broadside,19:57,5.0,0
661766,CR-0000065229,0,0,0,0,Violation Driver 1,Sideswipe,20:47,5.0,6
661767,CR-0000065302,2,0,0,0,Violation Driver 1,Broadside,11:55,5.0,0
661768,CR-0000065198,0,0,0,0,Violation Driver 1,Broadside,16:28,5.0,0
661769,CR-0000069509,0,0,0,0,Violation Driver 1,Sideswipe,07:13,5.0,6
661770,CR-0000069571,0,1,0,0,Violation Driver 1,Head On,20:43,5.0,1
661771,CR-0000069763,0,0,0,0,Violation Driver 1,Sideswipe,19:30,5.0,6
661773,CR-0000037865,0,0,0,0,Unknown,Other,17:45,4.0,3
661774,CR-0000037740,0,0,0,0,Violation Driver 1,Rear End,16:58,5.0,5
661775,CR-0000037711,0,1,0,0,Violation Driver 1,Broadside,13:13,5.0,0
661776,CR-0000042557,1,0,0,0,Violation Driver 1,Sideswipe,15:55,5.0,6
661777,CR-0000069814,2,0,0,0,Violation Driver 1,Broadside,09:25,5.0,0
661779,CR-0000047062,1,1,0,0,Violation Driver 1,Broadside,16:31,5.0,0
661780,CR-0000041103,0,0,0,0,Violation Driver 1,Other,03:58,5.0,3
661781,CR-0000042906,1,0,0,0,Violation Driver 1,Broadside,18:30,5.0,0
661782,CR-0000042701,0,1,0,0,Violation Driver 1,Rear End,14:52,5.0,5
661783,CR-0000042222,0,1,0,0,Violation Driver 1,Other,01:44,5.0,3
661784,CR-0000042814,3,1,0,0,Violation Driver 1,Broadside,01:59,5.0,0
661785,CR-0000041786,1,0,0,0,Violation Driver 1,Other,17:46,5.0,3
661786,CR-0000041368,1,0,0,0,Violation Driver 1,Broadside,18:02,5.0,0
661787,CR-0000069872,0,0,0,0,Violation Driver 1,Broadside,06:45,5.0,0
661788,CR-0000039553,0,0,0,0,Violation Driver 1,Rear End,15:00,5.0,5
661789,CR-0000039444,0,0,0,0,Unknown,Other,14:09,4.0,3
661790,CR-0000037803,1,0,0,0,Violation Driver 1,Other,11:59,5.0,3
661791,CR-0000037756,0,0,0,0,Violation Driver 1,Other,11:45,5.0,3
661792,CR-0000037999,1,0,0,0,Violation Driver 1,Other,17:50,5.0,3
661793,CR-0000069934,0,0,0,0,Violation Driver 1,Vehicle/Pedestrian,17:20,5.0,8
661794,CR-0000037777,0,0,0,0,Violation Driver 1,Other,22:05,5.0,3
661795,CR-0000037813,0,0,0,0,Violation Driver 1,Other,08:30,5.0,3
661796,CR-0000037595,0,0,0,0,Unknown,Rear End,11:30,4.0,5
661797,CR-0000036624,0,0,0,0,Violation Driver 1,Rear End,19:00,5.0,5
661803,CR-0000069886,0,0,0,0,Violation Driver 1,Rear End,18:15,5.0,5
661804,CR-0000039535,0,0,0,0,Violation Driver 1,Other,04:10,5.0,3
661805,CR-0000065110,0,0,0,0,Violation Driver 1,Broadside,17:30,5.0,0
661806,CR-0000066203,0,1,0,0,Violation Driver 1,Rear End,07:33,5.0,5
661807,CR-0000039862,0,0,0,0,Violation Driver 1,Other,01:18,5.0,3
661808,CR-0000051837,0,0,0,0,Unknown,Other,08:20,4.0,3
661809,CR-0000052048,1,0,0,0,Violation Driver 1,Other,11:15,5.0,3
661810,CR-0000051710,0,1,0,0,Violation Driver 1,Other,21:35,5.0,3
661811,CR-0000042431,0,0,0,1,Pedestrian At Fault,Other,18:10,3.0,3
661812,CR-0000042423,0,0,0,0,Violation Driver 1,Other,19:38,5.0,3
661813,CR-0000041444,0,0,0,0,Violation Driver 1,Other,21:14,5.0,3
661814,CR-0000047555,0,0,0,0,Violation Driver 1,Other,17:28,5.0,3
661815,CR-0000051941,0,0,0,0,Violation Driver 1,Other,00:01,5.0,3
661816,CR-0000042839,0,0,0,0,Violation Driver 1,Other,02:40,5.0,3
661817,CR-0000041558,1,0,0,0,Violation Driver 1,Broadside,17:51,5.0,0
661818,CR-0000051857,1,0,0,0,Pedestrian At Fault,Other,20:18,3.0,3
661819,CR-0000042447,0,0,0,1,Unknown,Other,02:01,4.0,3
661820,CR-0000041076,1,0,0,0,Violation Driver 1,Rear End,15:57,5.0,5
661821,CR-0000042420,0,0,0,0,Unknown,Other,18:09,4.0,3
661822,CR-0000047638,0,0,0,0,Violation Driver 1,Other,17:00,5.0,3
661823,CR-0000047550,0,0,0,0,Violation Driver 1,Broadside,08:54,5.0,0
661824,CR-0000042676,1,0,0,0,Unknown,Other,07:30,4.0,3
661825,CR-0000069877,0,0,0,0,Violation Driver 1,Rear End,13:50,5.0,5
661826,CR-0000037785,0,0,0,0,Violation Driver 1,Broadside,18:20,5.0,0
661827,CR-0000037753,0,1,0,0,Violation Driver 1,Other,01:23,5.0,3
661828,CR-0000037984,1,0,0,0,Violation Driver 1,Rear End,08:15,5.0,5
661829,CR-0000052046,1,0,0,0,Pedestrian At Fault,Other,08:00,3.0,3
661830,CR-0000041089,1,0,0,0,Violation Driver 1,Broadside,07:25,5.0,0
661831,CR-0000042628,0,0,0,0,Unknown,Other,21:12,4.0,3
661832,CR-0000041767,1,0,0,0,Violation Driver 1,Other,06:45,5.0,3
661833,CR-0000042620,0,0,0,0,Violation Driver 1,Rear End,15:45,5.0,5
661834,CR-0000042659,1,0,0,0,Unknown,Rear End,19:00,4.0,5
661835,CR-0000042575,0,0,0,0,Unknown,Broadside,12:31,4.0,0
661836,CR-0000053160,0,0,0,0,Violation Driver 1,Broadside,19:10,5.0,0
661837,CR-0000052936,0,0,0,0,Unknown,Rear End,11:15,4.0,5
661838,CR-0000052038,0,1,0,0,Violation Driver 1,Rear End,20:09,5.0,5
661840,CR-0000037801,1,0,0,0,Violation Driver 1,Broadside,21:57,5.0,0
661841,CR-0000037767,2,0,0,0,Violation Driver 1,Rear End,14:21,5.0,5
661842,CR-0000038002,0,1,0,0,Bike At Fault,Other,18:15,0.0,3
661843,CR-0000037719,0,0,0,0,Violation Driver 1,Other,20:13,5.0,3
661844,CR-0000042800,0,0,0,0,Violation Driver 1,Other,03:30,5.0,3
661845,CR-0000042413,0,1,0,0,Pedestrian At Fault,Other,13:28,3.0,3
661846,CR-0000042878,1,0,0,0,Violation Driver 1,Rear End,16:56,5.0,5
661850,CR-0000047070,0,0,0,0,Violation Driver 1,Rear End,08:20,5.0,5
661851,CR-0000041164,0,0,0,0,Unknown,Other,11:00,4.0,3
661852,CR-0000041162,0,0,1,0,Unknown,Other,23:00,4.0,3
661853,CR-0000046890,0,0,0,0,Violation Driver 1,Other,23:19,5.0,3
661854,CR-0000047754,0,0,0,0,Violation Driver 1,Rear End,21:15,5.0,5
661855,CR-0000053676,1,0,0,0,Violation Driver 1,Rear End,07:40,5.0,5
661856,CR-0000042688,0,0,1,0,Pedestrian At Fault,Other,17:54,3.0,3
661857,CR-0000047392,0,0,0,0,Violation Driver 1,Rear End,14:00,5.0,5
661858,CR-0000037876,1,0,0,0,Violation Driver 1,Other,22:58,5.0,3
661859,CR-0000042566,1,0,0,0,Unknown,Other,18:30,4.0,3
661860,CR-0000042561,0,0,0,0,Violation Driver 1,Other,18:53,5.0,3
661863,CR-0000053317,0,0,0,0,Violation Driver 1,Head On,03:14,5.0,1
661864,CR-0000053304,4,0,0,0,Violation Driver 1,Broadside,18:25,5.0,0
661865,CR-0000047044,0,0,0,0,Violation Driver 1,Other,04:26,5.0,3
661866,CR-0000047054,0,0,0,0,Violation Driver 1,Other,02:20,5.0,3
661867,CR-0000046999,0,0,0,0,Violation Driver 1,Other,20:00,5.0,3
661868,CR-0000042679,0,0,0,0,Unknown,Other,18:00,4.0,3
661869,CR-0000042667,0,0,0,0,Violation Driver 1,Other,15:00,5.0,3
661870,CR-0000042648,1,0,0,0,Violation Driver 1,Broadside,12:10,5.0,0
661871,CR-0000053332,0,0,0,0,Unknown,Other,15:30,4.0,3
661872,CR-0000039462,0,0,0,0,Violation Driver 1,Other,01:35,5.0,3
661873,CR-0000037985,1,0,0,0,Violation Driver 1,Other,15:18,5.0,3
661874,CR-0000037735,0,0,0,0,Unknown,Rear End,18:03,4.0,5
661875,CR-0000041024,0,1,0,0,Violation Driver 1,Other,12:40,5.0,3
661876,CR-0000042445,0,0,0,1,Unknown,Other,01:01,4.0,3
661877,CR-0000042201,0,0,0,0,Violation Driver 1,Rear End,18:13,5.0,5
661878,CR-0000042262,0,0,0,0,Unknown,Rear End,20:13,4.0,5
661879,CR-0000069640,0,0,0,0,Violation Driver 1,Head On,21:28,5.0,1
661880,CR-0000065545,0,0,0,0,Violation Driver 1,Rear End,01:51,5.0,5
661881,CR-0000065683,0,0,0,0,Violation Driver 1,Broadside,17:34,5.0,0
661882,CR-0000065528,1,0,0,0,Violation Driver 1,Broadside,21:49,5.0,0
661883,CR-0000065515,0,0,1,0,Violation Driver 1,Vehicle/Bike,10:40,5.0,7
661884,CR-0000065496,1,0,0,0,Violation Driver 1,Vehicle/Pedestrian,06:35,5.0,8
661889,CR-0000036472,0,1,0,0,Violation Driver 1,Sideswipe,16:59,5.0,6
661890,CR-0000052696,0,1,0,0,Violation Driver 1,Broadside,09:20,5.0,0
661891,CR-0000042439,0,0,0,1,Pedestrian At Fault,Other,01:15,3.0,3
661892,CR-0000041455,1,0,0,0,Violation Driver 1,Sideswipe,19:46,5.0,6
661893,CR-0000053680,0,0,0,0,Violation Driver 1,Rear End,12:37,5.0,5
661894,CR-0000051891,2,0,0,0,Violation Driver 1,Rear End,23:04,5.0,5
661895,CR-0000042649,0,0,0,0,Violation Driver 1,Other,12:24,5.0,3
661896,CR-0000042647,0,1,0,0,Violation Driver 1,Broadside,11:55,5.0,0
661897,CR-0000051876,0,0,0,0,Violation Driver 1,Other,04:43,5.0,3
661898,CR-0000042625,0,0,0,0,Violation Driver 1,Head On,18:48,5.0,1
661899,CR-0000065469,0,0,0,0,Violation Driver 1,Rear End,16:15,5.0,5
661900,CR-0000065633,1,0,0,0,Violation Driver 1,Vehicle/Pedestrian,08:05,5.0,8
661901,CR-0000065626,2,0,0,0,Violation Driver 1,Hit Object,13:41,5.0,2
661902,CR-0000069162,0,0,0,0,Violation Driver 1,Rear End,20:03,5.0,5
661903,CR-0000065617,1,0,0,0,Violation Driver 1,Broadside,19:20,5.0,0
661904,CR-0000065616,0,0,0,0,Violation Driver 1,Sideswipe,16:55,5.0,6
661905,CR-0000069843,0,1,0,0,Violation Driver 1,Sideswipe,10:02,5.0,6
661906,CR-0000069366,0,0,0,0,Violation Driver 1,Sideswipe,14:48,5.0,6
661907,CR-0000065120,1,0,0,0,Violation Driver 1,Head On,09:56,5.0,1
661908,CR-0000069796,0,0,0,0,Violation Driver 1,Rear End,07:30,5.0,5
661909,CR-0000069553,1,0,0,0,Violation Driver 1,Broadside,00:11,5.0,0
661910,CR-0000069347,2,0,0,0,Violation Driver 1,Sideswipe,13:17,5.0,6
661914,CR-0000042793,1,0,0,0,Violation Driver 1,Head On,16:35,5.0,1
661915,CR-0000042761,0,0,0,0,Violation Driver 1,Other,12:03,5.0,3
661916,CR-0000052795,0,0,0,0,Violation Driver 1,Rear End,02:05,5.0,5
661918,CR-0000040688,0,0,0,0,Bike At Fault,Other,17:50,0.0,3
661919,CR-0000044996,0,0,0,0,Violation Driver 1,Other,20:17,5.0,3
661920,CR-0000041146,0,0,0,0,Pedestrian At Fault,Other,09:17,3.0,3
661921,CR-0000051908,0,0,0,0,Unknown,Other,23:00,4.0,3
661922,CR-0000047521,0,0,0,0,Unknown,Other,07:00,4.0,3
661923,CR-0000053346,1,0,0,0,Violation Driver 1,Rear End,06:40,5.0,5
661924,CR-0000052946,0,0,0,0,Violation Driver 1,Other,11:15,5.0,3
661925,CR-0000042264,1,0,0,0,Violation Driver 1,Rear End,08:51,5.0,5
661926,CR-0000069658,0,0,0,0,Violation Driver 1,Broadside,23:26,5.0,0
661927,CR-0000069617,0,0,0,0,Violation Driver 1,Broadside,14:41,5.0,0
661928,CR-0000065533,0,0,0,0,Violation Driver 1,Sideswipe,13:32,5.0,6
661929,CR-0000065656,1,0,0,0,Violation Driver 1,Broadside,08:35,5.0,0
661930,CR-0000065511,2,0,0,0,Violation Driver 1,Broadside,06:38,5.0,0
661931,CR-0000065595,0,0,0,0,Violation Driver 1,Broadside,19:00,5.0,0
661932,CR-0000042446,0,0,0,1,Pedestrian At Fault,Other,16:17,3.0,3
661933,CR-0000069667,0,0,0,0,Violation Driver 1,Rear End,22:00,5.0,5
661934,CR-0000065536,0,0,0,0,Violation Driver 1,Rear End,19:04,5.0,5
661935,CR-0000065186,0,0,1,0,Violation Driver 1,Vehicle/Bike,17:26,5.0,7
661936,CR-0000065484,0,0,0,0,Violation Driver 1,Sideswipe,14:02,5.0,6
661937,CR-0000065565,0,0,0,0,Violation Driver 1,Hit Object,22:14,5.0,2
661938,CR-0000065424,0,0,0,0,Violation Driver 1,Head On,05:55,5.0,1
661939,CR-0000046889,0,0,0,0,Unknown,Broadside,22:33,4.0,0
661940,CR-0000051579,1,0,0,0,Violation Driver 1,Other,08:00,5.0,3
661941,CR-0000041148,1,0,0,0,Violation Driver 1,Rear End,12:40,5.0,5
661942,CR-0000044978,0,0,0,0,Unknown,Other,20:30,4.0,3
661943,CR-0000044880,0,0,0,0,Unknown,Other,11:00,4.0,3
661944,CR-0000042847,1,0,0,0,Violation Driver 1,Rear End,19:25,5.0,5
661945,CR-0000044853,0,0,1,0,Violation Driver 1,Broadside,07:28,5.0,0
661946,CR-0000042411,0,0,0,0,Violation Driver 1,Other,22:26,5.0,3
661947,CR-0000042300,0,0,0,0,Violation Driver 1,Head On,15:05,5.0,1
661948,CR-0000069680,0,0,0,0,Violation Driver 1,Rear End,18:58,5.0,5
661949,CR-0000069663,0,0,1,0,Violation Driver 1,Vehicle/Pedestrian,14:03,5.0,8
661950,CR-0000069065,0,0,0,0,Violation Driver 1,Rear End,19:10,5.0,5
661951,CR-0000065801,0,0,0,0,Violation Driver 1,Broadside,09:09,5.0,0
661952,CR-0000069533,1,0,0,0,Violation Driver 1,Head On,14:54,5.0,1
661953,CR-0000052029,1,0,0,0,Violation Driver 1,Other,08:05,5.0,3
661954,CR-0000047626,0,1,0,0,Violation Driver 1,Other,07:00,5.0,3
661955,CR-0000041828,0,0,0,0,Violation Driver 1,Other,10:19,5.0,3
661956,CR-0000052760,0,0,0,0,Violation Driver 1,Broadside,23:40,5.0,0
661957,CR-0000069212,0,0,1,0,Violation Driver 1,Vehicle/Pedestrian,06:46,5.0,8
661958,CR-0000065045,0,0,0,0,Violation Driver 1,Rear End,12:29,5.0,5
661959,CR-0000069059,0,0,1,0,Violation Driver 1,Vehicle/Pedestrian,23:35,5.0,8
661960,CR-0000044898,0,0,0,0,Violation Driver 1,Other,21:16,5.0,3
661961,CR-0000040672,1,0,0,0,Violation Driver 1,Other,09:45,5.0,3
661962,CR-0000047589,0,0,0,0,Violation Driver 1,Rear End,13:15,5.0,5
661963,CR-0000052199,0,0,0,0,Unknown,Other,17:10,4.0,3
661964,CR-0000047476,0,0,0,0,Unknown,Sideswipe,08:15,4.0,6
661965,CR-0000041000,0,0,0,0,Violation Driver 1,Other,06:48,5.0,3
661966,CR-0000051895,0,0,0,0,Violation Driver 1,Other,01:14,5.0,3
661967,CR-0000047610,0,0,0,0,Violation Driver 1,Other,00:38,5.0,3
661968,CR-0000069079,1,1,0,0,Violation Driver 1,Broadside,17:26,5.0,0
661969,CR-0000068950,1,0,0,0,Violation Driver 1,Rear End,16:47,5.0,5
661970,CR-0000041722,0,0,0,0,Violation Driver 1,Broadside,16:08,5.0,0
661971,CR-0000047609,0,0,0,0,Unknown,Broadside,08:00,4.0,0
661972,CR-0000041654,1,0,0,0,Violation Driver 1,Other,10:18,5.0,3
661973,CR-0000042584,1,0,0,0,Violation Driver 1,Head On,23:09,5.0,1
661974,CR-0000053246,0,0,0,0,Unknown,Other,22:50,4.0,3
661975,CR-0000042418,1,0,0,0,Violation Driver 1,Rear End,16:26,5.0,5
661976,CR-0000054488,1,0,0,0,Violation Driver 1,Other,08:57,5.0,3
661977,CR-0000069077,0,1,0,0,Violation Driver 1,Broadside,13:45,5.0,0
661978,CR-0000069112,0,0,0,0,Violation Driver 1,Rear End,17:16,5.0,5
661979,CR-0000069038,0,0,0,0,Violation Driver 1,Rear End,17:45,5.0,5
661980,CR-0000069299,0,1,0,0,Violation Driver 1,Broadside,14:59,5.0,0
661981,CR-0000042582,2,0,0,0,Violation Driver 1,Rear End,18:37,5.0,5
661982,CR-0000051848,0,1,0,0,Violation Driver 1,Rear End,07:10,5.0,5
661983,CR-0000069142,1,1,0,0,Violation Driver 1,Head On,16:48,5.0,1
661984,CR-0000069124,0,0,0,0,Violation Driver 1,Broadside,07:07,5.0,0
661985,CR-0000065590,0,0,0,0,Violation Driver 1,Hit Object,13:00,5.0,2
661986,CR-0000065477,0,0,0,0,Violation Driver 1,Head On,18:07,5.0,1
661987,CR-0000065464,0,0,0,0,Violation Driver 1,Head On,23:18,5.0,1
661988,CR-0000065220,1,0,0,0,Bike At Fault,Vehicle/Bike,11:41,0.0,7
661989,CR-0000065563,1,0,0,0,Violation Driver 1,Sideswipe,12:12,5.0,6
661990,CR-0000065900,1,0,0,0,Violation Driver 1,Broadside,03:10,5.0,0
661992,CR-0000051934,0,1,0,0,Unknown,Other,15:37,4.0,3