CrashFactId,Name,MinorInjuries,ModerateInjuries,SevereInjuries,FatalInjuries,PrimaryCollisionFactor,CollisionType,CrashTime,PrimaryCollisionFactor_Code,CollisionType_Code
668907,CR-0000045138,1,0,0,0,Violation Driver 1,Other,16:15,5.0,3
668908,CR-0000033624,1,1,0,0,Unknown,Broadside,20:26,4.0,0
668909,CR-0000044501,0,1,0,0,Violation Driver 1,Other,08:39,5.0,3
668911,CR-0000044952,0,0,0,0,Violation Driver 1,Other,05:38,5.0,3
668912,CR-0000036284,0,0,0,0,Violation Driver 1,Other,21:53,5.0,3
668914,CR-0000046715,0,0,0,0,Violation Driver 1,Head On,13:33,5.0,1
668915,CR-0000041907,0,0,0,0,Unknown,Sideswipe,17:00,4.0,6
668916,CR-0000039747,0,0,0,0,Violation Driver 1,Other,02:07,5.0,3
668917,CR-0000039504,0,0,0,0,Violation Driver 1,Other,00:03,5.0,3
668918,CR-0000039664,0,1,0,0,Unknown,Other,14:45,4.0,3
668919,CR-0000047149,0,0,0,0,Unknown,Rear End,01:05,4.0,5
668920,CR-0000041729,2,0,0,0,Violation Driver 1,Other,20:27,5.0,3
668923,CR-0000068782,0,0,1,0,Violation Driver 1,Hit Object,15:37,5.0,2
668924,CR-0000067973,1,0,0,0,Violation Driver 1,Rear End,09:27,5.0,5
668925,CR-0000063460,0,1,0,0,Violation Driver 1,Broadside,17:00,5.0,0
668926,CR-0000068764,0,0,0,0,Violation Driver 1,Rear End,01:15,5.0,5
668927,CR-0000063633,0,0,0,0,Violation Driver 1,Sideswipe,03:54,5.0,6
668928,CR-0000046392,1,0,0,0,Violation Driver 1,Other,07:35,5.0,3
668929,CR-0000063848,1,0,0,0,Violation Driver 1,Rear End,12:19,5.0,5
668930,CR-0000064969,0,0,0,0,Violation Driver 1,Sideswipe,11:38,5.0,6
668931,CR-0000068390,0,1,0,0,Violation Driver 1,Rear End,12:58,5.0,5
668932,CR-0000063948,0,0,0,0,Violation Driver 1,Broadside,08:04,5.0,0
668933,CR-0000068127,0,0,0,0,Violation Driver 1,Broadside,06:55,5.0,0
668934,CR-0000063797,1,0,0,0,Violation Driver 1,Rear End,15:15,5.0,5
668935,CR-0000064962,1,1,0,0,Violation Driver 1,Broadside,17:30,5.0,0
668936,CR-0000068360,0,1,0,0,Pedestrian At Fault,Vehicle/Pedestrian,09:55,3.0,8
668937,CR-0000068359,1,0,0,0,Violation Driver 1,Broadside,10:31,5.0,0
668938,CR-0000063946,0,0,0,0,Violation Driver 2,Hit Object,06:39,6.0,2
668939,CR-0000068293,0,0,0,0,Violation Driver 1,Sideswipe,17:30,5.0,6
668940,CR-0000068125,0,0,0,0,Violation Driver 1,Sideswipe,19:50,5.0,6
668941,CR-0000069743,0,0,0,0,Violation Driver 1,Head On,22:00,5.0,1
668942,CR-0000052879,0,0,0,0,Violation Driver 1,Other,18:45,5.0,3
668952,CR-0000044579,2,0,0,0,Violation Driver 1,Broadside,14:02,5.0,0
668953,CR-0000034471,2,1,0,0,Violation Driver 2,Broadside,13:16,6.0,0
668954,CR-0000037788,0,0,0,0,Violation Driver 1,Other,19:34,5.0,3
668955,CR-0000054453,0,1,0,0,Violation Driver 1,Other,18:04,5.0,3
668956,CR-0000063667,0,0,0,0,Violation Driver 1,Broadside,13:54,5.0,0
668957,CR-0000063582,1,0,0,0,Pedestrian At Fault,Vehicle/Pedestrian,19:57,3.0,8
668962,CR-0000071442,1,0,0,0,Violation Driver 1,Broadside,23:06,5.0,0
668963,CR-0000063565,1,0,0,0,Violation Driver 1,Sideswipe,08:10,5.0,6
668964,CR-0000068694,0,0,0,0,Violation Driver 1,Sideswipe,18:28,5.0,6
668971,CR-0000052522,1,0,0,0,Bike At Fault,Other,15:21,0.0,3
668972,CR-0000051493,1,0,0,0,Violation Driver 1,Sideswipe,08:23,5.0,6
668973,CR-0000051401,0,0,0,0,Violation Driver 1,Other,09:00,5.0,3
668974,CR-0000064998,1,0,0,0,Violation Driver 1,Rear End,17:43,5.0,5
668975,CR-0000063229,1,0,0,0,Violation Driver 1,Vehicle/Bike,14:56,5.0,7
668976,CR-0000064987,1,0,0,0,Violation Driver 1,Rear End,07:50,5.0,5
668977,CR-0000063963,0,0,0,0,Violation Driver 1,Rear End,04:47,5.0,5
668978,CR-0000068377,1,0,0,0,Violation Driver 1,Rear End,13:30,5.0,5
668979,CR-0000068376,1,0,0,0,Violation Driver 1,Broadside,10:25,5.0,0
668980,CR-0000068375,0,0,0,0,Violation Driver 1,Sideswipe,09:38,5.0,6
668981,CR-0000068374,1,0,0,0,Violation Driver 1,Rear End,06:32,5.0,5
668982,CR-0000063533,1,0,0,0,Violation Driver 1,Vehicle/Pedestrian,11:17,5.0,8
668983,CR-0000063532,0,0,0,0,Violation Driver 1,Sideswipe,02:45,5.0,6
668984,CR-0000063566,0,0,0,0,Violation Driver 1,Broadside,09:11,5.0,0
668985,CR-0000068459,0,0,0,0,Violation Driver 1,Hit Object,01:35,5.0,2
668989,CR-0000040745,0,0,0,0,Violation Driver 1,Other,03:57,5.0,3
668990,CR-0000040711,0,0,0,0,Violation Driver 1,Other,20:01,5.0,3
668991,CR-0000046424,0,0,0,0,Unknown,Sideswipe,08:49,4.0,6
668992,CR-0000041550,2,0,0,0,Violation Driver 1,Other,08:55,5.0,3
668993,CR-0000046801,0,0,0,0,Violation Driver 1,Head On,17:50,5.0,1
668994,CR-0000040586,2,0,0,0,Violation Driver 1,Head On,12:00,5.0,1
668995,CR-0000047401,1,0,0,0,Violation Driver 1,Broadside,11:34,5.0,0
668996,CR-0000041906,1,0,0,0,Unknown,Rear End,11:45,4.0,5
668997,CR-0000064064,1,0,1,0,Violation Driver 1,Head On,06:35,5.0,1
668998,CR-0000068343,0,0,0,0,Violation Driver 1,Rear End,19:00,5.0,5
668999,CR-0000068326,0,0,0,0,Violation Driver 1,Head On,15:46,5.0,1
669000,CR-0000068111,0,0,0,0,Violation Driver 1,Sideswipe,04:00,5.0,6
669001,CR-0000067982,0,0,0,0,Violation Driver 1,Rear End,19:03,5.0,5
669002,CR-0000067953,0,1,1,0,Pedestrian At Fault,Vehicle/Pedestrian,13:10,3.0,8
669003,CR-0000062573,1,0,0,0,Violation Driver 1,Rear End,19:42,5.0,5
669004,CR-0000065357,0,0,0,0,Violation Driver 1,Hit Object,18:22,5.0,2
669005,CR-0000067587,0,0,0,0,Unknown,Broadside,00:40,4.0,0
669007,CR-0000052530,2,0,0,0,Violation Driver 1,Broadside,19:41,5.0,0
669008,CR-0000047069,0,0,0,0,Violation Driver 1,Other,11:14,5.0,3
669009,CR-0000047067,0,0,0,0,Violation Driver 1,Other,19:00,5.0,3
669010,CR-0000047063,1,0,0,0,Violation Driver 1,Other,16:34,5.0,3
669011,CR-0000046996,0,0,0,0,Violation Driver 1,Other,20:14,5.0,3
669012,CR-0000052290,0,0,0,0,Violation Driver 1,Other,17:42,5.0,3
669013,CR-0000063874,0,0,0,0,Other Than Driver,Hit Object,14:06,2.0,2
669014,CR-0000063854,0,0,0,0,Other Than Driver,Overturned,11:40,2.0,4
669015,CR-0000064994,0,0,0,0,Violation Driver 1,Hit Object,20:00,5.0,2
669016,CR-0000063089,0,0,0,0,Violation Driver 1,Head On,00:40,5.0,1
669024,CR-0000052106,0,0,0,0,Violation Driver 1,Broadside,16:08,5.0,0
669025,CR-0000051574,0,0,0,0,Violation Driver 1,Other,21:16,5.0,3
669026,CR-0000060257,0,1,0,0,Violation Driver 1,Hit Object,08:37,5.0,2
669027,CR-0000070975,1,0,0,0,Other Improper Driving,Hit Object,02:06,1.0,2
669028,CR-0000060521,0,0,0,0,Violation Driver 1,Sideswipe,11:46,5.0,6
669029,CR-0000055915,0,1,0,0,Violation Driver 1,Other,02:47,5.0,3
669030,CR-0000056550,0,0,0,0,Violation Driver 1,Hit Object,23:48,5.0,2
669031,CR-0000054549,0,0,0,0,Violation Driver 1,Overturned,05:00,5.0,4
669032,CR-0000061962,0,0,0,0,Fell Asleep,Hit Object,05:23,,2
669033,CR-0000071311,2,0,0,0,Violation Driver 1,Broadside,14:05,5.0,0
669035,CR-0000071759,0,0,0,0,Violation Driver 1,Broadside,17:45,5.0,0
669036,CR-0000052138,2,0,0,0,Violation Driver 1,Rear End,11:59,5.0,5
669037,CR-0000052123,0,1,0,0,Violation Driver 1,Other,17:22,5.0,3
669038,CR-0000068142,0,1,0,0,Violation Driver 1,Head On,20:13,5.0,1
669039,CR-0000068393,0,0,0,0,Violation Driver 1,Broadside,18:10,5.0,0
669040,CR-0000068361,3,0,0,0,Violation Driver 1,Broadside,13:54,5.0,0
669041,CR-0000069711,0,0,0,0,Violation Driver 1,Rear End,22:34,5.0,5
669042,CR-0000064147,3,1,0,0,Violation Driver 1,Broadside,22:51,5.0,0
669048,CR-0000039786,0,0,0,0,Unknown,Other,00:39,4.0,3
669049,CR-0000039120,0,0,0,0,Violation Driver 1,Other,10:40,5.0,3
669050,CR-0000039395,0,0,0,0,Violation Driver 1,Rear End,17:22,5.0,5
669051,CR-0000038891,0,0,0,0,Violation Driver 1,Other,00:00,5.0,3
669052,CR-0000039375,0,0,0,0,Violation Driver 1,Other,21:40,5.0,3
669053,CR-0000040220,0,0,0,0,Violation Driver 1,Head On,08:45,5.0,1
669054,CR-0000040131,1,0,0,0,Violation Driver 1,Other,18:01,5.0,3
669055,CR-0000063765,0,0,0,0,Violation Driver 1,Sideswipe,04:02,5.0,6
669056,CR-0000067998,0,1,0,0,Violation Driver 1,Sideswipe,17:07,5.0,6
669057,CR-0000075843,0,1,0,0,Violation Driver 1,Vehicle/Pedestrian,17:04,5.0,8
669058,CR-0000077746,1,0,0,0,Violation Driver 1,Broadside,01:12,5.0,0
669059,CR-0000054629,0,1,1,0,Violation Driver 1,Head On,21:29,5.0,1
669060,CR-0000069143,0,0,0,0,Other Improper Driving,Hit Object,17:26,1.0,2
669061,CR-0000064227,0,0,0,0,Violation Driver 1,Hit Object,13:07,5.0,2
669066,CR-0000051327,2,0,0,0,Violation Driver 1,Broadside,20:50,5.0,0
669067,CR-0000051436,0,0,0,0,Violation Driver 1,Other,01:36,5.0,3
669068,CR-0000047019,0,0,0,0,Unknown,Rear End,00:00,4.0,5
669069,CR-0000067816,0,0,0,0,Fell Asleep,Hit Object,07:05,,2
669071,CR-0000070209,0,1,0,0,Other Improper Driving,Hit Object,16:46,1.0,2
669076,CR-0000051463,0,0,1,0,Violation Driver 1,Other,13:40,5.0,3
669077,CR-0000062363,0,1,0,0,Parked/Rolling,Vehicle/Pedestrian,16:30,,8
669078,CR-0000065216,0,0,1,0,Violation Driver 1,Hit Object,15:04,5.0,2
669079,CR-0000073576,0,0,0,0,Unknown,Hit Object,23:14,4.0,2
669080,CR-0000072594,0,0,0,0,Other Improper Driving,Hit Object,10:42,1.0,2
669081,CR-0000067430,0,0,0,0,Violation Driver 1,Head On,09:15,5.0,1
669083,CR-0000062498,0,0,0,0,Violation Driver 1,Hit Object,02:20,5.0,2
669084,CR-0000052299,0,0,0,0,Unknown,Head On,07:55,4.0,1
669085,CR-0000052256,1,0,0,0,Violation Driver 1,Broadside,09:20,5.0,0
669086,CR-0000041499,0,0,0,0,Unknown,Head On,08:25,4.0,1
669087,CR-0000041556,1,0,0,0,Pedestrian At Fault,Other,15:11,3.0,3
669088,CR-0000052540,4,1,0,0,Violation Driver 1,Broadside,17:47,5.0,0
669089,CR-0000071294,2,0,0,0,Violation Driver 1,Broadside,18:19,5.0,0
669090,CR-0000071275,0,1,0,0,Violation Driver 1,Broadside,20:55,5.0,0
669091,CR-0000042012,1,0,0,0,Violation Driver 1,Rear End,12:21,5.0,5
669092,CR-0000040508,0,0,0,0,Violation Driver 1,Other,14:00,5.0,3
669093,CR-0000047147,0,0,0,0,Unknown,Broadside,14:10,4.0,0
669094,CR-0000041731,0,0,0,0,Violation Driver 1,Broadside,21:30,5.0,0
669095,CR-0000052304,1,1,0,0,Violation Driver 1,Rear End,09:30,5.0,5
669096,CR-0000040606,5,0,0,0,Violation Driver 1,Rear End,19:45,5.0,5
669097,CR-0000052409,1,1,0,0,Violation Driver 1,Broadside,18:51,5.0,0
669098,CR-0000064122,0,0,0,0,Violation Driver 1,Sideswipe,08:43,5.0,6
669099,CR-0000071317,0,0,0,0,Bike At Fault,Vehicle/Bike,18:39,0.0,7
669100,CR-0000039851,0,0,0,0,Violation Driver 1,Other,23:07,5.0,3
669101,CR-0000039002,0,0,0,0,Violation Driver 1,Rear End,14:25,5.0,5
669102,CR-0000040011,0,1,0,0,Bike At Fault,Other,17:47,0.0,3
669103,CR-0000039694,1,0,0,0,Violation Driver 1,Other,19:58,5.0,3
669104,CR-0000039936,1,0,0,0,Violation Driver 1,Other,08:17,5.0,3
669105,CR-0000039923,0,0,0,0,Violation Driver 1,Other,19:03,5.0,3
669106,CR-0000040128,1,0,0,0,Violation Driver 1,Other,10:35,5.0,3
669107,CR-0000047349,2,0,0,0,Violation Driver 1,Head On,19:08,5.0,1
669108,CR-0000046783,0,0,0,0,Violation Driver 1,Sideswipe,17:14,5.0,6
669109,CR-0000047362,1,0,0,0,Bike At Fault,Other,13:23,0.0,3
669110,CR-0000041802,1,0,0,0,Violation Driver 1,Rear End,07:57,5.0,5
669111,CR-0000041776,1,0,0,0,Violation Driver 1,Rear End,12:44,5.0,5
669112,CR-0000041774,0,0,0,0,Violation Driver 1,Other,12:21,5.0,3
669113,CR-0000039848,0,0,0,0,Unknown,Other,21:57,4.0,3
669114,CR-0000039531,1,0,0,0,Bike At Fault,Broadside,18:00,0.0,0
669115,CR-0000065064,1,0,0,0,Violation Driver 1,Head On,03:45,5.0,1
669117,CR-0000068128,1,0,0,0,Violation Driver 1,Rear End,22:27,5.0,5
669118,CR-0000060965,0,1,1,0,Violation Driver 1,Broadside,17:12,5.0,0
669119,CR-0000064061,0,0,0,0,Unknown,Sideswipe,11:30,4.0,6
669120,CR-0000075507,0,0,0,0,Violation Driver 1,Hit Object,09:13,5.0,2
669121,CR-0000063665,3,0,0,0,Violation Driver 1,Rear End,08:50,5.0,5
669122,CR-0000063664,1,0,0,0,Violation Driver 1,Vehicle/Pedestrian,06:42,5.0,8
669123,CR-0000063748,0,1,0,0,Violation Driver 1,Sideswipe,16:05,5.0,6
669135,CR-0000030420,0,0,0,0,Unknown,Broadside,11:45,4.0,0
669139,CR-0000052876,0,0,0,0,Violation Driver 1,Rear End,02:17,5.0,5
669140,CR-0000041663,0,0,0,0,Violation Driver 1,Head On,16:00,5.0,1
669141,CR-0000064304,0,0,0,0,Violation Driver 1,Broadside,11:29,5.0,0
669142,CR-0000064121,1,0,0,0,Violation Driver 1,Vehicle/Pedestrian,08:25,5.0,8
669143,CR-0000064120,2,0,0,0,Violation Driver 1,Rear End,07:27,5.0,5
669144,CR-0000068608,0,0,0,0,Violation Driver 1,Broadside,05:00,5.0,0
669145,CR-0000068417,2,0,0,0,Violation Driver 1,Rear End,16:41,5.0,5
669146,CR-0000039918,1,0,0,0,Violation Driver 1,Other,15:08,5.0,3
669147,CR-0000040288,0,0,0,0,Unknown,Rear End,11:15,4.0,5
669148,CR-0000039601,0,0,0,0,Violation Driver 1,Other,06:00,5.0,3
669149,CR-0000041894,0,0,0,0,Unknown,Other,07:30,4.0,3
669150,CR-0000041992,0,0,0,0,Violation Driver 1,Other,23:25,5.0,3
669151,CR-0000060119,2,0,0,0,Violation Driver 1,Broadside,23:16,5.0,0
669156,CR-0000052531,1,0,0,0,Violation Driver 1,Rear End,19:45,5.0,5
669157,CR-0000047058,2,0,0,0,Violation Driver 1,Rear End,13:23,5.0,5
669158,CR-0000063080,0,0,0,0,Other Than Driver,Hit Object,09:31,2.0,2
669159,CR-0000069015,0,0,0,0,Other Improper Driving,Hit Object,03:43,1.0,2
669160,CR-0000065659,0,0,0,0,Violation Driver 1,Hit Object,13:55,5.0,2
669161,CR-0000069484,0,0,0,0,Other Improper Driving,Hit Object,07:45,1.0,2
669162,CR-0000069340,0,0,0,0,Other Improper Driving,Hit Object,00:32,1.0,2
669164,CR-0000070213,1,0,0,0,Other Improper Driving,Hit Object,19:15,1.0,2
669165,CR-0000056071,0,1,0,0,Violation Driver 1,Hit Object,07:40,5.0,2
669166,CR-0000067649,1,0,0,0,Violation Driver 1,Head On,22:45,5.0,1
669167,CR-0000061139,0,0,0,0,Violation Driver 1,Hit Object,08:03,5.0,2
669168,CR-0000064290,0,0,0,0,Fell Asleep,Head On,03:37,,1
669169,CR-0000066438,0,0,0,0,Fell Asleep,Head On,07:00,,1
669172,CR-0000047026,0,0,0,0,Violation Driver 1,Rear End,12:30,5.0,5
669173,CR-0000046433,0,1,0,0,Violation Driver 1,Broadside,10:15,5.0,0
669174,CR-0000071287,1,0,0,0,Violation Driver 1,Broadside,09:40,5.0,0
669175,CR-0000071276,2,0,0,0,Violation Driver 1,Rear End,17:02,5.0,5
669176,CR-0000071368,0,0,0,0,Violation Driver 1,Sideswipe,06:35,5.0,6
669177,CR-0000039136,0,0,0,0,Violation Driver 1,Rear End,20:25,5.0,5
669178,CR-0000040004,0,0,0,0,Violation Driver 2,Rear End,08:00,6.0,5
669179,CR-0000039181,0,0,0,0,Violation Driver 1,Other,01:22,5.0,3
669180,CR-0000040704,0,0,0,0,Violation Driver 1,Other,03:00,5.0,3
669181,CR-0000047348,0,0,0,0,Violation Driver 1,Rear End,14:00,5.0,5
669182,CR-0000052080,2,1,0,0,Violation Driver 1,Broadside,14:15,5.0,0
669183,CR-0000041401,0,1,0,0,Bike At Fault,Other,14:52,0.0,3
669184,CR-0000071147,0,0,0,0,Violation Driver 1,Sideswipe,07:45,5.0,6
669185,CR-0000071214,1,0,0,0,Violation Driver 1,Rear End,10:56,5.0,5
669186,CR-0000039845,0,2,0,0,Unknown,Broadside,22:10,4.0,0
669187,CR-0000047301,0,0,1,0,Bike At Fault,Other,14:52,0.0,3
669190,CR-0000066288,0,0,0,0,Violation Driver 1,Hit Object,17:37,5.0,2
669191,CR-0000060818,0,0,0,0,Unknown,Sideswipe,10:59,4.0,6
669195,CR-0000047385,0,0,0,0,Unknown,Other,22:00,4.0,3
669196,CR-0000047378,0,0,0,0,Violation Driver 1,Broadside,15:39,5.0,0
669197,CR-0000047376,0,0,0,0,Violation Driver 1,Other,09:00,5.0,3
669198,CR-0000051340,0,0,0,0,Violation Driver 1,Sideswipe,12:30,5.0,6
669199,CR-0000039574,0,0,0,0,Violation Driver 1,Rear End,20:15,5.0,5
669200,CR-0000039465,1,0,0,0,Violation Driver 1,Other,12:38,5.0,3
669201,CR-0000051516,0,0,0,0,Violation Driver 1,Other,01:27,5.0,3
669202,CR-0000052894,1,0,0,0,Violation Driver 1,Other,16:33,5.0,3
669203,CR-0000068583,0,0,0,0,Violation Driver 1,Broadside,17:23,5.0,0
669204,CR-0000068563,0,0,0,0,Violation Driver 1,Sideswipe,01:25,5.0,6
669205,CR-0000068402,0,0,0,0,Violation Driver 1,Other,14:00,5.0,3
669206,CR-0000063973,3,0,0,0,Violation Driver 1,Rear End,20:36,5.0,5
669207,CR-0000063971,2,0,0,0,Violation Driver 1,Broadside,18:57,5.0,0
669208,CR-0000039508,0,1,0,0,Violation Driver 1,Other,10:42,5.0,3
669209,CR-0000056682,0,0,0,0,Fell Asleep,Head On,00:53,,1
669210,CR-0000049883,0,3,0,0,Violation Driver 1,Other,16:30,5.0,3
669214,CR-0000045128,1,0,0,0,Unknown,Rear End,21:01,4.0,5
669217,CR-0000040441,1,0,0,0,Violation Driver 1,Broadside,18:28,5.0,0
669218,CR-0000041662,1,0,0,0,Violation Driver 1,Rear End,16:00,5.0,5
669219,CR-0000063889,1,0,0,0,Violation Driver 1,Vehicle/Bike,09:00,5.0,7
669220,CR-0000064137,3,0,0,0,Violation Driver 1,Head On,19:19,5.0,1
669221,CR-0000064123,2,0,0,0,Violation Driver 1,Head On,11:54,5.0,1
669222,CR-0000064033,1,0,0,0,Violation Driver 1,Vehicle/Pedestrian,06:40,5.0,8
669223,CR-0000068564,0,0,0,0,Violation Driver 1,Rear End,02:20,5.0,5
669224,CR-0000064490,0,0,0,0,Violation Driver 1,Sideswipe,08:35,5.0,6
669225,CR-0000064487,0,0,0,0,Violation Driver 1,Sideswipe,16:45,5.0,6
669226,CR-0000063804,0,0,0,0,Violation Driver 1,Head On,20:05,5.0,1
669227,CR-0000064055,0,0,0,0,Violation Driver 1,Broadside,22:26,5.0,0
669228,CR-0000064238,0,0,0,0,Violation Driver 1,Sideswipe,13:03,5.0,6
669229,CR-0000063780,0,0,0,0,Violation Driver 1,Rear End,21:41,5.0,5
669230,CR-0000067987,0,0,0,0,Violation Driver 1,Rear End,00:04,5.0,5
669231,CR-0000062231,0,1,0,0,Other Improper Driving,Other,14:57,1.0,3
669232,CR-0000069560,0,1,0,0,Other Improper Driving,Hit Object,08:25,1.0,2
669233,CR-0000056095,1,0,0,0,Violation Driver 1,Hit Object,02:50,5.0,2
669234,CR-0000067475,0,0,0,0,Fell Asleep,Hit Object,20:30,,2
669235,CR-0000063935,0,0,0,0,Fell Asleep,Hit Object,12:41,,2
669236,CR-0000068658,1,0,0,0,Fell Asleep,Hit Object,17:25,,2
669237,CR-0000066495,0,1,0,0,Violation Driver 1,Head On,14:39,5.0,1
669256,CR-0000033727,0,1,0,0,Violation Driver 1,Other,08:20,5.0,3
669258,CR-0000052843,0,0,0,0,Unknown,Other,17:15,4.0,3
669259,CR-0000041542,0,0,0,0,Unknown,Other,21:30,4.0,3
669260,CR-0000071351,2,0,0,0,Violation Driver 1,Broadside,14:00,5.0,0
669261,CR-0000071398,0,1,0,0,Violation Driver 1,Vehicle/Pedestrian,16:34,5.0,8
669262,CR-0000040211,0,0,0,0,Violation Driver 1,Other,20:45,5.0,3
669263,CR-0000036453,0,0,0,0,Violation Driver 1,Rear End,22:27,5.0,5
669264,CR-0000039945,1,0,0,0,Pedestrian At Fault,Other,21:05,3.0,3
669265,CR-0000039819,1,0,0,0,Violation Driver 1,Rear End,09:40,5.0,5
669266,CR-0000041712,0,0,0,0,Violation Driver 1,Rear End,00:13,5.0,5
669267,CR-0000041711,0,0,0,0,Unknown,Rear End,17:45,4.0,5
669268,CR-0000041846,0,0,0,0,Violation Driver 1,Broadside,12:05,5.0,0
669269,CR-0000052445,0,0,1,0,Unknown,Other,20:16,4.0,3
669270,CR-0000041697,0,0,0,0,Unknown,Other,00:29,4.0,3
669271,CR-0000068435,0,0,0,0,Violation Driver 1,Sideswipe,18:52,5.0,6
669272,CR-0000063870,2,0,0,0,Violation Driver 1,Head On,11:24,5.0,1
669274,CR-0000050934,0,0,1,0,Violation Driver 1,Other,10:31,5.0,3
669275,CR-0000068175,1,0,0,0,Violation Driver 1,Hit Object,20:30,5.0,2
669277,CR-0000029186,0,0,0,0,Unknown,Other,00:00,4.0,3
669278,CR-0000068548,0,0,0,0,Violation Driver 1,Sideswipe,11:25,5.0,6
669279,CR-0000064224,1,0,0,0,Violation Driver 1,Broadside,17:47,5.0,0
669282,CR-0000060857,0,1,0,0,Unknown,Hit Object,15:48,4.0,2
669285,CR-0000063823,0,0,0,0,Violation Driver 1,Head On,14:25,5.0,1
669286,CR-0000064471,0,0,0,0,Violation Driver 1,Rear End,18:26,5.0,5
669287,CR-0000042010,0,0,0,0,Violation Driver 1,Other,09:10,5.0,3
669288,CR-0000040524,0,0,0,0,Violation Driver 1,Head On,12:15,5.0,1
669289,CR-0000040522,0,0,0,0,Violation Driver 1,Rear End,09:50,5.0,5
669290,CR-0000040513,0,0,0,0,Violation Driver 1,Other,18:27,5.0,3
669291,CR-0000040465,0,0,0,0,Violation Driver 1,Other,11:26,5.0,3
669293,CR-0000037775,0,0,0,0,Violation Driver 1,Other,13:26,5.0,3
669294,CR-0000038905,3,0,0,0,Violation Driver 1,Other,08:21,5.0,3
669295,CR-0000046562,1,0,0,0,Unknown,Other,18:00,4.0,3
669296,CR-0000052901,1,0,0,0,Violation Driver 1,Broadside,06:41,5.0,0
669297,CR-0000052434,0,0,0,0,Unknown,Rear End,19:49,4.0,5
669298,CR-0000052392,1,0,0,0,Violation Driver 1,Other,15:34,5.0,3
669299,CR-0000041735,0,0,0,0,Violation Driver 1,Rear End,06:18,5.0,5
669300,CR-0000040370,0,0,0,0,Unknown,Other,21:00,4.0,3
669301,CR-0000041824,0,0,0,0,Violation Driver 1,Other,01:48,5.0,3
669302,CR-0000070809,0,0,0,0,Other Improper Driving,Hit Object,11:05,1.0,2
669303,CR-0000039046,0,0,0,0,Violation Driver 1,Other,01:02,5.0,3
669304,CR-0000040270,0,0,0,0,Violation Driver 1,Other,09:50,5.0,3
669307,CR-0000056824,0,1,0,0,Violation Driver 1,Other,11:35,5.0,3
669309,CR-0000078576,0,0,0,0,Other Improper Driving,Hit Object,02:52,1.0,2
669310,CR-0000070370,0,0,0,0,Other Improper Driving,Hit Object,02:10,1.0,2
669311,CR-0000039961,0,1,0,0,Violation Driver 1,Other,21:04,5.0,3
669312,CR-0000039676,1,0,0,0,Violation Driver 1,Rear End,10:53,5.0,5
669313,CR-0000067237,0,0,0,0,Violation Driver 1,Broadside,09:34,5.0,0
669314,CR-0000066944,2,0,0,0,Violation Driver 1,Rear End,08:04,5.0,5
669315,CR-0000066927,0,0,0,0,Violation Driver 1,Hit Object,21:30,5.0,2
669316,CR-0000041025,0,0,0,0,Violation Driver 1,Other,14:36,5.0,3
669317,CR-0000061679,0,0,1,0,Violation Driver 1,Head On,15:33,5.0,1
669323,CR-0000040295,0,0,0,0,Violation Driver 1,Rear End,21:50,5.0,5
669324,CR-0000039963,0,0,0,0,Violation Driver 1,Other,23:09,5.0,3
669325,CR-0000039334,0,0,0,0,Violation Driver 1,Other,00:04,5.0,3
669326,CR-0000039997,0,0,0,0,Violation Driver 1,Other,03:21,5.0,3
669327,CR-0000041999,0,0,0,0,Violation Driver 1,Sideswipe,17:34,5.0,6
669328,CR-0000047298,0,0,0,0,Violation Driver 1,Rear End,08:50,5.0,5
669329,CR-0000041806,0,0,0,0,Unknown,Other,13:30,4.0,3
669338,CR-0000042092,0,0,0,0,Unknown,Other,12:35,4.0,3
669339,CR-0000041690,1,0,0,0,Violation Driver 1,Rear End,19:50,5.0,5
669340,CR-0000041667,3,0,0,0,Violation Driver 1,Broadside,18:00,5.0,0
669341,CR-0000041869,0,0,0,0,Violation Driver 1,Other,20:55,5.0,3
669342,CR-0000040549,0,0,0,0,Violation Driver 1,Rear End,18:15,5.0,5
669343,CR-0000040495,2,0,0,0,Violation Driver 1,Rear End,13:04,5.0,5
669344,CR-0000052499,0,0,0,0,Unknown,Sideswipe,07:42,4.0,6
669345,CR-0000040381,1,0,0,0,Violation Driver 1,Sideswipe,16:12,5.0,6
669346,CR-0000051299,0,1,0,0,Violation Driver 1,Other,19:16,5.0,3
669347,CR-0000063873,2,0,0,0,Violation Driver 1,Broadside,13:49,5.0,0
669352,CR-0000052891,0,0,0,0,Violation Driver 1,Rear End,09:16,5.0,5
669353,CR-0000052425,0,0,0,0,Violation Driver 1,Other,07:00,5.0,3
669354,CR-0000052884,1,0,0,0,Violation Driver 1,Rear End,20:00,5.0,5
669355,CR-0000064009,0,0,0,0,Violation Driver 1,Sideswipe,19:35,5.0,6
669356,CR-0000064003,0,0,0,0,Violation Driver 1,Broadside,21:51,5.0,0