CrashFactId,Name,MinorInjuries,ModerateInjuries,SevereInjuries,FatalInjuries,PrimaryCollisionFactor,CollisionType,CrashTime,PrimaryCollisionFactor_Code,CollisionType_Code
676250,CR-0000071594,0,0,0,0,Violation Driver 1,Rear End,16:33,5.0,5
676251,CR-0000043561,0,0,0,0,Unknown,Other,08:15,4.0,3
676252,CR-0000055972,1,0,0,0,Violation Driver 1,Broadside,22:51,5.0,0
676253,CR-0000055966,1,0,0,0,Violation Driver 1,Rear End,17:57,5.0,5
676254,CR-0000055870,0,0,1,0,Violation Driver 1,Broadside,06:18,5.0,0
676255,CR-0000057665,0,0,0,0,Violation Driver 1,Other,02:12,5.0,3
676256,CR-0000057678,0,1,0,0,Violation Driver 1,Broadside,16:30,5.0,0
676257,CR-0000066746,0,0,0,0,Violation Driver 1,Rear End,22:05,5.0,5
676258,CR-0000066761,1,0,0,0,Pedestrian At Fault,Vehicle/Pedestrian,13:43,3.0,8
676259,CR-0000067029,3,0,0,0,Violation Driver 1,Rear End,17:28,5.0,5
676260,CR-0000067026,0,0,0,0,Other Than Driver,Other,11:20,2.0,3
676261,CR-0000066861,1,0,0,0,Violation Driver 1,Broadside,16:13,5.0,0
676262,CR-0000054954,0,0,0,0,Violation Driver 1,Sideswipe,16:51,5.0,6
676263,CR-0000047512,0,0,0,0,Violation Driver 1,Other,14:54,5.0,3
676264,CR-0000070784,1,0,0,0,Violation Driver 1,Broadside,15:38,5.0,0
676265,CR-0000070682,0,0,0,0,Violation Driver 1,Rear End,01:15,5.0,5
676266,CR-0000070188,0,0,0,0,Violation Driver 1,Rear End,18:37,5.0,5
676267,CR-0000070265,1,0,0,0,Violation Driver 1,Broadside,15:08,5.0,0
676268,CR-0000071206,3,0,0,0,Violation Driver 1,Broadside,12:06,5.0,0
676269,CR-0000037837,0,0,1,0,Violation Driver 1,Other,00:00,5.0,3
676270,CR-0000037228,0,0,0,0,Violation Driver 1,Other,15:45,5.0,3
676271,CR-0000037869,0,0,0,0,Violation Driver 1,Other,00:21,5.0,3
676272,CR-0000038068,0,0,0,0,Violation Driver 1,Other,20:43,5.0,3
676273,CR-0000036685,1,0,0,0,Violation Driver 1,Other,19:05,5.0,3
676274,CR-0000037137,0,0,0,0,Violation Driver 1,Other,00:00,5.0,3
676275,CR-0000038006,0,0,0,0,Violation Driver 1,Other,00:00,5.0,3
676276,CR-0000038101,3,0,0,0,Violation Driver 1,Rear End,12:50,5.0,5
676277,CR-0000048200,0,0,0,0,Violation Driver 1,Rear End,07:36,5.0,5
676278,CR-0000048762,0,0,0,0,Violation Driver 1,Other,08:57,5.0,3
676279,CR-0000048179,0,1,0,0,Violation Driver 1,Other,14:23,5.0,3
676280,CR-0000048602,0,0,0,0,Violation Driver 1,Other,02:45,5.0,3
676281,CR-0000054712,0,0,0,0,Violation Driver 1,Broadside,11:00,5.0,0
676282,CR-0000048593,1,0,0,0,Violation Driver 1,Broadside,16:25,5.0,0
676283,CR-0000048581,0,0,0,0,Violation Driver 1,Broadside,16:02,5.0,0
676284,CR-0000056032,0,0,0,0,Violation Driver 1,Sideswipe,21:27,5.0,6
676285,CR-0000043037,0,0,0,0,Violation Driver 1,Other,18:20,5.0,3
676286,CR-0000070500,1,0,0,0,Violation Driver 1,Broadside,18:07,5.0,0
676287,CR-0000070499,0,1,0,0,Bike At Fault,Vehicle/Bike,18:06,0.0,7
676288,CR-0000037880,1,0,0,0,Violation Driver 1,Broadside,17:40,5.0,0
676289,CR-0000037855,0,0,0,0,Violation Driver 1,Other,11:30,5.0,3
676290,CR-0000048812,0,0,0,0,Violation Driver 1,Rear End,20:45,5.0,5
676291,CR-0000054873,0,0,0,0,Unknown,Rear End,19:30,4.0,5
676292,CR-0000048580,0,0,0,0,Violation Driver 1,Other,15:16,5.0,3
676293,CR-0000056345,2,1,0,0,Violation Driver 1,Broadside,16:49,5.0,0
676294,CR-0000047620,0,0,0,0,Unknown,Head On,07:50,4.0,1
676295,CR-0000052588,0,1,0,0,Unknown,Other,10:40,4.0,3
676296,CR-0000057702,0,0,0,0,Violation Driver 1,Sideswipe,11:17,5.0,6
676297,CR-0000071129,0,0,0,0,Violation Driver 1,Sideswipe,17:00,5.0,6
676298,CR-0000071114,0,0,0,0,Violation Driver 1,Rear End,21:20,5.0,5
676299,CR-0000071192,1,0,0,0,Violation Driver 1,Rear End,01:01,5.0,5
676300,CR-0000071208,1,0,0,0,Violation Driver 1,Rear End,12:38,5.0,5
676303,CR-0000070563,2,0,0,0,Violation Driver 1,Broadside,09:08,5.0,0
676304,CR-0000043384,0,0,0,0,Unknown,Head On,15:05,4.0,1
676305,CR-0000045161,0,0,0,0,Violation Driver 1,Other,11:35,5.0,3
676306,CR-0000045154,0,0,0,0,Violation Driver 1,Rear End,22:40,5.0,5
676307,CR-0000071098,1,0,0,0,Violation Driver 1,Vehicle/Pedestrian,05:30,5.0,8
676308,CR-0000071066,2,0,0,0,Violation Driver 1,Rear End,08:43,5.0,5
676309,CR-0000037942,0,1,0,0,Violation Driver 1,Other,09:45,5.0,3
676310,CR-0000037936,0,0,0,0,Violation Driver 1,Broadside,12:55,5.0,0
676311,CR-0000038054,0,0,0,0,Unknown,Other,16:45,4.0,3
676312,CR-0000036919,0,0,0,0,Violation Driver 1,Broadside,14:05,5.0,0
676313,CR-0000036903,0,0,0,0,Violation Driver 1,Sideswipe,15:41,5.0,6
676314,CR-0000036650,0,0,0,0,Violation Driver 1,Rear End,13:01,5.0,5
676315,CR-0000038004,1,0,0,0,Violation Driver 1,Rear End,18:38,5.0,5
676316,CR-0000037951,0,0,0,0,Violation Driver 1,Broadside,11:44,5.0,0
676317,CR-0000036942,0,0,0,0,Violation Driver 1,Broadside,06:12,5.0,0
676318,CR-0000036842,0,0,0,0,Violation Driver 1,Other,23:00,5.0,3
676319,CR-0000038057,0,0,0,0,Violation Driver 1,Other,14:15,5.0,3
676320,CR-0000038045,0,0,0,0,Violation Driver 1,Other,02:00,5.0,3
676321,CR-0000037793,0,0,0,0,Violation Driver 1,Other,21:29,5.0,3
676322,CR-0000036844,0,1,0,0,Violation Driver 1,Other,14:13,5.0,3
676323,CR-0000039937,0,0,0,0,Violation Driver 1,Other,09:10,5.0,3
676324,CR-0000036985,0,0,0,0,Violation Driver 1,Head On,18:45,5.0,1
676325,CR-0000036983,0,0,0,0,Violation Driver 1,Head On,08:15,5.0,1
676326,CR-0000048176,0,0,0,0,Violation Driver 1,Other,07:48,5.0,3
676327,CR-0000056041,2,0,0,0,Violation Driver 1,Head On,14:45,5.0,1
676328,CR-0000039927,0,0,0,0,Violation Driver 1,Other,00:25,5.0,3
676329,CR-0000036959,0,0,0,0,Violation Driver 1,Sideswipe,09:00,5.0,6
676330,CR-0000036958,0,0,0,0,Violation Driver 1,Broadside,14:47,5.0,0
676331,CR-0000036690,0,0,0,0,Violation Driver 1,Broadside,18:46,5.0,0
676332,CR-0000043140,0,1,0,0,Unknown,Other,17:40,4.0,3
676333,CR-0000048165,1,0,0,0,Bike At Fault,Other,10:23,0.0,3
676334,CR-0000048588,0,0,0,0,Unknown,Rear End,14:45,4.0,5
676335,CR-0000043618,0,0,0,0,Violation Driver 1,Rear End,18:30,5.0,5
676336,CR-0000056043,0,0,0,0,Violation Driver 1,Broadside,17:25,5.0,0
676337,CR-0000056036,0,0,0,0,Violation Driver 1,Sideswipe,01:30,5.0,6
676338,CR-0000054862,1,0,0,0,Violation Driver 1,Broadside,10:35,5.0,0
676339,CR-0000048148,0,0,0,0,Unknown,Rear End,08:20,4.0,5
676340,CR-0000043250,0,0,0,0,Violation Driver 1,Head On,23:01,5.0,1
676341,CR-0000052454,0,1,0,0,Bike At Fault,Other,12:00,0.0,3
676342,CR-0000043350,1,0,0,0,Violation Driver 1,Other,18:19,5.0,3
676343,CR-0000043316,0,0,0,0,Violation Driver 1,Other,18:49,5.0,3
676344,CR-0000056772,0,1,0,0,Bike At Fault,Vehicle/Bike,09:34,0.0,7
676345,CR-0000052572,0,0,0,0,Violation Driver 1,Rear End,16:10,5.0,5
676346,CR-0000037019,3,0,0,0,Violation Driver 1,Head On,23:28,5.0,1
676347,CR-0000053722,0,0,0,0,Violation Driver 1,Rear End,18:30,5.0,5
676348,CR-0000047479,2,0,0,0,Violation Driver 1,Broadside,06:55,5.0,0
676349,CR-0000043019,0,0,0,0,Violation Driver 1,Rear End,19:49,5.0,5
676350,CR-0000047504,0,0,0,0,Violation Driver 1,Other,14:00,5.0,3
676351,CR-0000071352,2,0,0,0,Violation Driver 1,Rear End,08:50,5.0,5
676352,CR-0000071400,1,0,0,0,Violation Driver 1,Vehicle/Pedestrian,19:38,5.0,8
676353,CR-0000056321,1,0,0,0,Violation Driver 1,Head On,11:34,5.0,1
676354,CR-0000056313,0,0,0,0,Violation Driver 1,Rear End,08:04,5.0,5
676355,CR-0000066778,0,0,0,0,Violation Driver 1,Sideswipe,13:46,5.0,6
676356,CR-0000066077,0,0,0,0,Violation Driver 1,Sideswipe,17:20,5.0,6
676357,CR-0000066274,2,0,0,0,Violation Driver 1,Rear End,13:30,5.0,5
676358,CR-0000067120,1,0,0,0,Violation Driver 1,Broadside,14:55,5.0,0
676359,CR-0000056040,0,0,0,0,Violation Driver 1,Sideswipe,14:01,5.0,6
676360,CR-0000066260,2,0,0,0,Violation Driver 1,Broadside,16:12,5.0,0
676363,CR-0000071597,0,0,0,0,Violation Driver 1,Sideswipe,20:33,5.0,6
676364,CR-0000052568,0,0,0,0,Violation Driver 1,Sideswipe,12:33,5.0,6
676365,CR-0000056343,1,0,0,0,Violation Driver 1,Broadside,14:53,5.0,0
676366,CR-0000048122,1,0,0,0,Violation Driver 1,Broadside,17:52,5.0,0
676367,CR-0000053513,0,0,0,0,Violation Driver 1,Sideswipe,10:54,5.0,6
676368,CR-0000053503,0,0,0,0,Violation Driver 1,Other,13:19,5.0,3
676369,CR-0000057697,0,0,0,0,Unknown,Vehicle/Bike,17:50,4.0,7
676370,CR-0000052625,0,1,0,0,Violation Driver 1,Head On,23:20,5.0,1
676371,CR-0000052619,0,2,0,0,Violation Driver 1,Other,21:39,5.0,3
676372,CR-0000056328,0,1,0,0,Violation Driver 1,Rear End,02:42,5.0,5
676373,CR-0000052607,0,0,0,0,Violation Driver 1,Rear End,10:48,5.0,5
676374,CR-0000067111,0,0,0,0,Violation Driver 1,Rear End,05:20,5.0,5
676379,CR-0000043354,0,0,0,0,Violation Driver 1,Rear End,21:32,5.0,5
676380,CR-0000047768,0,2,0,0,Pedestrian At Fault,Other,17:59,3.0,3
676381,CR-0000048257,2,0,0,0,Unknown,Other,19:56,4.0,3
676382,CR-0000070774,0,0,0,0,Violation Driver 1,Broadside,21:26,5.0,0
676383,CR-0000070763,1,0,0,0,Violation Driver 1,Rear End,18:16,5.0,5
676384,CR-0000070263,2,0,0,0,Violation Driver 1,Rear End,12:50,5.0,5
676385,CR-0000036946,0,0,0,0,Violation Driver 1,Other,13:40,5.0,3
676386,CR-0000037932,1,0,0,0,Violation Driver 1,Other,08:23,5.0,3
676387,CR-0000038033,0,0,0,0,Violation Driver 1,Other,00:05,5.0,3
676388,CR-0000043234,1,0,0,0,Bike At Fault,Other,07:55,0.0,3
676389,CR-0000056340,0,1,0,0,Violation Driver 1,Head On,01:55,5.0,1
676390,CR-0000056319,0,0,0,0,Violation Driver 1,Rear End,10:52,5.0,5
676391,CR-0000056311,0,0,0,0,Other Than Driver,Hit Object,16:18,2.0,2
676392,CR-0000066763,0,1,0,0,Violation Driver 1,Rear End,22:18,5.0,5
676393,CR-0000048329,1,0,0,0,Violation Driver 1,Other,19:15,5.0,3
676394,CR-0000048247,1,0,0,0,Violation Driver 1,Other,18:42,5.0,3
676395,CR-0000037941,0,0,0,0,Violation Driver 1,Other,14:48,5.0,3
676396,CR-0000036824,0,0,0,0,Violation Driver 1,Head On,19:59,5.0,1
676397,CR-0000038141,0,1,0,0,Violation Driver 1,Rear End,18:35,5.0,5
676398,CR-0000048197,1,0,0,0,Violation Driver 1,Head On,02:24,5.0,1
676399,CR-0000043124,2,0,0,0,Unknown,Head On,21:01,4.0,1
676400,CR-0000048157,0,0,0,0,Violation Driver 1,Rear End,19:02,5.0,5
676401,CR-0000057664,0,0,0,0,Unknown,Sideswipe,12:00,4.0,6
676402,CR-0000036935,0,0,0,0,Violation Driver 1,Other,20:30,5.0,3
676403,CR-0000056310,0,0,0,0,Unknown,Rear End,03:00,4.0,5
676404,CR-0000066747,0,0,0,0,Violation Driver 1,Sideswipe,22:40,5.0,6
676405,CR-0000067027,1,0,0,0,Violation Driver 1,Broadside,12:32,5.0,0
676406,CR-0000071596,1,0,0,0,Violation Driver 1,Vehicle/Pedestrian,19:45,5.0,8
676407,CR-0000071576,1,0,0,0,Violation Driver 1,Rear End,22:00,5.0,5
676408,CR-0000048228,0,0,0,0,Unknown,Rear End,16:00,4.0,5
676409,CR-0000048295,0,0,0,0,Violation Driver 1,Other,16:10,5.0,3
676410,CR-0000048289,0,1,0,0,Pedestrian At Fault,Other,01:35,3.0,3
676411,CR-0000054957,1,0,0,0,Violation Driver 1,Vehicle/Bike,21:03,5.0,7
676412,CR-0000048262,0,0,0,0,Unknown,Other,12:40,4.0,3
676413,CR-0000070697,0,0,1,0,Bike At Fault,Vehicle/Bike,15:30,0.0,7
676414,CR-0000070290,1,0,1,0,Violation Driver 1,Broadside,10:33,5.0,0
676415,CR-0000067022,0,0,0,0,Violation Driver 1,Broadside,10:56,5.0,0
676416,CR-0000038039,1,0,0,0,Unknown,Broadside,20:12,4.0,0
676417,CR-0000038026,0,0,0,0,Violation Driver 1,Other,08:25,5.0,3
676418,CR-0000038157,0,0,0,0,Violation Driver 1,Other,00:53,5.0,3
676419,CR-0000038089,0,1,0,0,Unknown,Other,03:11,4.0,3
676420,CR-0000048112,0,0,0,0,Unknown,Head On,14:45,4.0,1
676421,CR-0000052415,0,0,0,0,Unknown,Rear End,17:15,4.0,5
676422,CR-0000052413,4,0,0,0,Violation Driver 1,Broadside,21:57,5.0,0
676423,CR-0000055877,1,0,0,0,Violation Driver 1,Sideswipe,19:48,5.0,6
676424,CR-0000055875,0,0,0,0,Violation Driver 1,Rear End,15:30,5.0,5
676425,CR-0000047518,0,0,0,0,Violation Driver 1,Other,20:36,5.0,3
676426,CR-0000071291,0,0,0,0,Violation Driver 1,Sideswipe,03:17,5.0,6
676427,CR-0000071145,1,0,0,0,Violation Driver 1,Broadside,07:35,5.0,0
676428,CR-0000038021,0,0,0,0,Unknown,Other,18:20,4.0,3
676429,CR-0000037889,1,0,0,0,Violation Driver 1,Rear End,15:25,5.0,5
676430,CR-0000038062,0,0,0,0,Violation Driver 1,Rear End,13:30,5.0,5
676431,CR-0000038125,0,1,0,0,Pedestrian At Fault,Other,22:15,3.0,3
676432,CR-0000057661,2,0,0,0,Violation Driver 1,Broadside,19:16,5.0,0
676433,CR-0000048946,0,0,0,0,Unknown,Other,09:43,4.0,3
676434,CR-0000048905,2,0,0,0,Violation Driver 1,Rear End,19:00,5.0,5
676435,CR-0000052449,1,0,0,0,Violation Driver 1,Rear End,00:29,5.0,5
676436,CR-0000052447,0,0,0,0,Unknown,Rear End,09:35,4.0,5
676437,CR-0000048796,0,0,0,0,Violation Driver 1,Head On,08:01,5.0,1
676438,CR-0000048789,0,0,0,0,Violation Driver 1,Broadside,12:41,5.0,0
676439,CR-0000067065,0,0,1,0,Other Than Driver,Other,16:03,2.0,3
676440,CR-0000066790,0,0,0,0,Violation Driver 1,Head On,23:17,5.0,1
676441,CR-0000071599,0,0,0,0,Violation Driver 1,Sideswipe,23:18,5.0,6
676442,CR-0000052515,0,0,0,0,Violation Driver 1,Broadside,20:49,5.0,0
676443,CR-0000045279,0,0,0,0,Unknown,Broadside,19:17,4.0,0
676444,CR-0000067038,0,0,0,0,Violation Driver 1,Rear End,10:35,5.0,5
676445,CR-0000066855,0,1,0,0,Violation Driver 1,Hit Object,21:28,5.0,2
676446,CR-0000043277,0,0,0,0,Violation Driver 1,Other,05:04,5.0,3
676447,CR-0000045254,0,0,0,0,Violation Driver 1,Other,10:26,5.0,3
676448,CR-0000047495,0,0,0,0,Violation Driver 1,Other,03:00,5.0,3
676449,CR-0000053287,1,0,0,0,Violation Driver 1,Rear End,14:11,5.0,5
676450,CR-0000037046,0,0,0,0,Violation Driver 1,Other,01:00,5.0,3
676451,CR-0000037028,0,0,0,0,Violation Driver 1,Broadside,13:55,5.0,0
676452,CR-0000036887,2,0,0,0,Violation Driver 1,Rear End,15:49,5.0,5
676453,CR-0000036860,1,0,0,0,Violation Driver 1,Other,13:00,5.0,3
676454,CR-0000036926,1,0,0,0,Violation Driver 1,Other,19:30,5.0,3
676455,CR-0000036819,0,0,0,0,Violation Driver 1,Other,09:20,5.0,3
676456,CR-0000036678,1,0,0,0,Violation Driver 1,Head On,18:05,5.0,1
676457,CR-0000045136,1,0,0,0,Bike At Fault,Other,12:19,0.0,3
676458,CR-0000055858,0,0,0,0,Unknown,Rear End,23:08,4.0,5
676459,CR-0000047505,0,0,0,0,Violation Driver 1,Other,00:00,5.0,3
676460,CR-0000055894,1,0,0,0,Unknown,Broadside,17:08,4.0,0
676461,CR-0000071265,1,0,0,0,Violation Driver 1,Head On,21:03,5.0,1
676462,CR-0000038048,0,0,0,0,Violation Driver 1,Other,13:15,5.0,3
676463,CR-0000038043,0,0,0,0,Violation Driver 1,Other,01:12,5.0,3
676464,CR-0000037805,1,0,0,0,Violation Driver 1,Other,15:15,5.0,3
676465,CR-0000037896,0,0,0,0,Violation Driver 1,Other,23:33,5.0,3
676466,CR-0000038100,0,0,0,0,Unknown,Other,06:30,4.0,3
676467,CR-0000049455,0,0,0,0,Unknown,Other,01:00,4.0,3
676468,CR-0000056006,0,0,0,0,Violation Driver 1,Sideswipe,16:55,5.0,6
676469,CR-0000045240,0,0,0,0,Unknown,Other,01:00,4.0,3
676470,CR-0000052349,0,0,0,0,Unknown,Rear End,14:30,4.0,5
676471,CR-0000052433,0,0,0,0,Violation Driver 1,Other,19:15,5.0,3
676472,CR-0000052306,1,0,0,0,Violation Driver 1,Broadside,11:46,5.0,0
676473,CR-0000048780,0,0,0,0,Violation Driver 1,Other,02:30,5.0,3
676474,CR-0000066736,0,0,0,0,Violation Driver 1,Rear End,00:21,5.0,5
676479,CR-0000048599,0,0,0,0,Violation Driver 1,Rear End,21:45,5.0,5
676480,CR-0000056341,0,0,0,0,Violation Driver 1,Sideswipe,02:18,5.0,6
676481,CR-0000053773,0,0,0,0,Violation Driver 1,Rear End,13:00,5.0,5
676482,CR-0000054698,0,1,0,0,Bike At Fault,Broadside,17:12,0.0,0
676483,CR-0000048912,0,0,0,0,Violation Driver 1,Sideswipe,18:05,5.0,6
676484,CR-0000047604,0,0,0,0,Unknown,Rear End,14:30,4.0,5
676485,CR-0000052617,0,0,0,0,Violation Driver 1,Other,20:45,5.0,3
676486,CR-0000052563,0,0,0,0,Violation Driver 1,Broadside,01:33,5.0,0
676487,CR-0000043247,0,0,0,0,Violation Driver 1,Rear End,19:53,5.0,5
676488,CR-0000043220,3,0,0,0,Violation Driver 1,Head On,07:30,5.0,1
676489,CR-0000056769,0,0,0,0,Violation Driver 1,Sideswipe,11:59,5.0,6
676490,CR-0000066273,1,0,0,0,Violation Driver 1,Rear End,13:30,5.0,5
676491,CR-0000066191,0,1,0,0,Violation Driver 1,Head On,21:24,5.0,1
676492,CR-0000048313,1,1,0,0,Violation Driver 1,Head On,12:08,5.0,1
676493,CR-0000043280,0,0,0,0,Violation Driver 1,Other,13:55,5.0,3
676494,CR-0000047594,1,0,0,0,Pedestrian At Fault,Other,15:54,3.0,3
676495,CR-0000047471,0,0,0,0,Violation Driver 1,Other,00:02,5.0,3
676496,CR-0000055889,2,1,0,0,Violation Driver 1,Head On,14:35,5.0,1
676497,CR-0000048296,0,0,0,0,Violation Driver 1,Other,18:09,5.0,3
676498,CR-0000048272,0,1,0,0,Unknown,Other,06:30,4.0,3
676499,CR-0000054959,1,0,0,0,Violation Driver 1,Broadside,21:50,5.0,0
676500,CR-0000052097,0,0,0,0,Violation Driver 1,Rear End,00:37,5.0,5
676501,CR-0000045322,1,0,0,0,Violation Driver 1,Other,14:13,5.0,3
676502,CR-0000033607,0,1,0,0,Violation Driver 1,Other,15:04,5.0,3
676503,CR-0000038069,1,0,0,0,Violation Driver 1,Other,21:28,5.0,3
676504,CR-0000036821,3,0,0,0,Violation Driver 1,Other,21:00,5.0,3
676505,CR-0000036921,0,0,0,0,Violation Driver 1,Broadside,18:45,5.0,0
676506,CR-0000036912,0,0,0,0,Violation Driver 1,Rear End,01:05,5.0,5
676509,CR-0000036680,0,1,0,0,Unknown,Other,07:45,4.0,3
676510,CR-0000048408,1,0,0,0,Violation Driver 1,Rear End,11:57,5.0,5
676511,CR-0000048064,0,0,0,0,Violation Driver 1,Rear End,16:23,5.0,5
676512,CR-0000052244,0,0,0,0,Unknown,Other,20:20,4.0,3
676513,CR-0000052230,0,0,0,0,Violation Driver 1,Rear End,11:15,5.0,5
676514,CR-0000052214,0,0,0,0,Unknown,Rear End,20:31,4.0,5
676515,CR-0000038088,0,1,0,0,Violation Driver 1,Broadside,00:00,5.0,0
676516,CR-0000052570,1,0,0,0,Violation Driver 1,Head On,13:34,5.0,1
676517,CR-0000057663,0,0,0,0,Violation Driver 1,Sideswipe,17:15,5.0,6
676518,CR-0000057657,0,0,0,0,Violation Driver 1,Rear End,22:15,5.0,5
676519,CR-0000057656,0,0,0,0,Unknown,Sideswipe,22:13,4.0,6
676520,CR-0000054729,0,0,0,0,Violation Driver 1,Rear End,14:30,5.0,5
676521,CR-0000045306,1,0,0,0,Bike At Fault,Other,14:15,0.0,3
676522,CR-0000070549,0,0,0,0,Violation Driver 1,Head On,01:16,5.0,1
676523,CR-0000070514,0,0,0,0,Violation Driver 1,Rear End,17:45,5.0,5
676524,CR-0000071127,2,0,0,0,Violation Driver 1,Rear End,13:41,5.0,5
676525,CR-0000049378,0,0,0,0,Violation Driver 1,Other,01:35,5.0,3
676526,CR-0000049726,0,1,0,0,Violation Driver 1,Other,02:05,5.0,3
676527,CR-0000036128,1,0,0,0,Violation Driver 1,Other,22:42,5.0,3
676528,CR-0000046095,1,0,0,0,Violation Driver 1,Broadside,12:40,5.0,0
676529,CR-0000070780,1,0,0,0,Violation Driver 1,Rear End,10:35,5.0,5
676530,CR-0000057680,1,0,0,0,Violation Driver 1,Broadside,19:14,5.0,0
676531,CR-0000057670,0,0,0,0,Unknown,Sideswipe,17:48,4.0,6
676532,CR-0000056309,1,1,1,0,Violation Driver 1,Head On,23:17,5.0,1
676533,CR-0000067024,0,0,1,0,Bike At Fault,Vehicle/Bike,10:50,0.0,7
676534,CR-0000066891,1,0,0,0,Violation Driver 1,Broadside,16:09,5.0,0
676535,CR-0000066860,0,1,0,0,Violation Driver 1,Head On,16:06,5.0,1
676537,CR-0000070716,0,0,0,0,Violation Driver 2,Rear End,07:25,6.0,5
676538,CR-0000037841,0,0,0,0,Violation Driver 1,Other,14:55,5.0,3
676539,CR-0000038028,0,0,0,0,Violation Driver 1,Other,13:00,5.0,3
676540,CR-0000037021,0,0,0,0,Violation Driver 1,Other,22:02,5.0,3
676541,CR-0000036846,1,0,0,0,Violation Driver 1,Broadside,17:20,5.0,0
676542,CR-0000036840,1,0,0,0,Violation Driver 1,Other,17:35,5.0,3
676543,CR-0000036897,0,1,0,0,Unknown,Other,14:39,4.0,3
676544,CR-0000036891,1,0,0,0,Violation Driver 1,Broadside,08:26,5.0,0
676545,CR-0000046065,0,0,0,0,Unknown,Other,02:30,4.0,3
676546,CR-0000043261,1,0,0,0,Unknown,Other,13:41,4.0,3
676547,CR-0000045156,0,0,0,0,Unknown,Rear End,15:00,4.0,5
676548,CR-0000048224,2,0,0,0,Unknown,Broadside,19:09,4.0,0
676549,CR-0000055874,0,1,0,0,Violation Driver 1,Broadside,12:45,5.0,0
676550,CR-0000055860,0,1,0,0,Violation Driver 1,Broadside,20:05,5.0,0
676551,CR-0000055857,0,1,0,0,Pedestrian At Fault,Vehicle/Pedestrian,19:00,3.0,8
676552,CR-0000071350,0,0,0,0,Violation Driver 1,Rear End,08:34,5.0,5
676553,CR-0000036869,0,0,0,0,Violation Driver 1,Sideswipe,18:30,5.0,6
676554,CR-0000036905,1,0,0,0,Pedestrian At Fault,Other,18:05,3.0,3
676555,CR-0000038009,0,0,0,0,Violation Driver 1,Other,01:20,5.0,3
676556,CR-0000038146,0,0,0,0,Violation Driver 1,Other,08:30,5.0,3
676557,CR-0000048426,1,0,0,0,Violation Driver 1,Rear End,18:33,5.0,5
676558,CR-0000048424,1,0,0,0,Violation Driver 1,Rear End,17:31,5.0,5
676559,CR-0000057658,0,1,0,0,Violation Driver 1,Vehicle/Pedestrian,17:44,5.0,8
676560,CR-0000071402,0,0,0,0,Violation Driver 1,Sideswipe,19:40,5.0,6
676561,CR-0000071217,0,0,0,0,Violation Driver 1,Sideswipe,11:34,5.0,6
676562,CR-0000038050,1,0,0,0,Violation Driver 1,Broadside,13:46,5.0,0
676563,CR-0000037823,0,0,0,0,Violation Driver 1,Other,08:30,5.0,3
676564,CR-0000038066,1,0,0,0,Violation Driver 1,Other,14:30,5.0,3
676565,CR-0000038005,0,0,0,0,Violation Driver 1,Other,13:22,5.0,3
676566,CR-0000038126,1,0,0,0,Violation Driver 1,Other,18:42,5.0,3
676567,CR-0000038078,0,0,0,0,Unknown,Broadside,10:49,4.0,0
676568,CR-0000048923,0,0,0,0,Violation Driver 1,Rear End,16:28,5.0,5
676569,CR-0000067114,0,0,0,0,Violation Driver 1,Rear End,11:17,5.0,5
676570,CR-0000066938,0,0,0,0,Violation Driver 1,Broadside,14:48,5.0,0
676571,CR-0000066929,0,0,0,0,Violation Driver 1,Broadside,18:30,5.0,0
676573,CR-0000052272,0,0,0,0,Unknown,Rear End,17:30,4.0,5
676574,CR-0000070530,0,0,1,0,Pedestrian At Fault,Vehicle/Pedestrian,23:09,3.0,8
676575,CR-0000037358,2,1,1,0,Violation Driver 2,Head On,16:03,6.0,1
676576,CR-0000048821,2,0,0,0,Violation Driver 1,Rear End,08:15,5.0,5
676577,CR-0000032760,0,0,0,0,Violation Driver 1,Broadside,19:09,5.0,0
676578,CR-0000049536,0,0,0,0,Violation Driver 1,Other,23:31,5.0,3
676579,CR-0000036417,0,0,1,0,Violation Driver 1,Head On,16:29,5.0,1
676580,CR-0000036142,0,0,0,0,Violation Driver 1,Other,02:00,5.0,3
676581,CR-0000034700,0,3,0,0,Violation Driver 1,Other,03:48,5.0,3
676582,CR-0000034129,0,0,0,0,Violation Driver 1,Other,03:32,5.0,3
676583,CR-0000037435,0,0,0,0,Violation Driver 1,Other,01:47,5.0,3
676584,CR-0000048260,0,0,0,0,Unknown,Other,09:15,4.0,3
676585,CR-0000071112,0,0,0,0,Violation Driver 1,Broadside,19:05,5.0,0
676586,CR-0000050384,0,0,0,0,Violation Driver 1,Other,23:12,5.0,3
676587,CR-0000049337,0,0,0,0,Violation Driver 1,Other,15:24,5.0,3
676588,CR-0000036084,0,0,0,0,Violation Driver 1,Other,21:53,5.0,3
676589,CR-0000035880,0,0,0,0,Violation Driver 1,Other,07:53,5.0,3
676590,CR-0000033235,0,0,0,0,Violation Driver 1,Other,21:13,5.0,3
676591,CR-0000036980,0,1,0,0,Violation Driver 1,Other,14:00,5.0,3