CrashFactId,Name,MinorInjuries,ModerateInjuries,SevereInjuries,FatalInjuries,PrimaryCollisionFactor,CollisionType,CrashTime,PrimaryCollisionFactor_Code,CollisionType_Code
677233,CR-0000086376,0,0,0,0,Violation Driver 1,Hit Object,13:27,5.0,2
677234,CR-0000086377,0,0,0,0,Violation Driver 1,Hit Object,16:30,5.0,2
677235,CR-0000086378,0,0,0,0,Violation Driver 1,Sideswipe,21:08,5.0,6
677236,CR-0000086379,0,0,0,0,Violation Driver 1,Hit Object,05:23,5.0,2
677237,CR-0000086380,1,0,0,0,Unknown,Broadside,21:39,4.0,0
677238,CR-0000086381,1,0,0,0,Violation Driver 1,Vehicle/Bike,13:40,5.0,7
677239,CR-0000086382,1,0,0,0,Violation Driver 1,Rear End,13:13,5.0,5
677240,CR-0000086383,0,1,0,0,Bike At Fault,Vehicle/Bike,18:25,0.0,7
677241,CR-0000086384,0,0,0,0,Violation Driver 1,Broadside,18:50,5.0,0
677242,CR-0000086385,0,1,0,0,Violation Driver 1,Vehicle/Bike,21:00,5.0,7
677243,CR-0000086386,0,0,0,0,Violation Driver 1,Rear End,21:22,5.0,5
677244,CR-0000086387,0,0,0,0,Violation Driver 1,Rear End,21:47,5.0,5
677245,CR-0000086388,0,0,0,0,Violation Driver 1,Sideswipe,22:25,5.0,6
677246,CR-0000086389,1,0,0,0,Pedestrian At Fault,Vehicle/Pedestrian,09:43,3.0,8
677247,CR-0000086390,0,0,0,0,Violation Driver 1,Broadside,11:02,5.0,0
677248,CR-0000086391,0,0,0,0,Violation Driver 1,Broadside,11:30,5.0,0
677249,CR-0000086392,1,0,0,0,Violation Driver 1,Broadside,12:12,5.0,0
677250,CR-0000086393,2,0,0,0,Violation Driver 1,Broadside,12:15,5.0,0
677251,CR-0000086394,0,0,0,0,Violation Driver 1,Rear End,12:55,5.0,5
677252,CR-0000086395,0,0,0,0,Violation Driver 1,Sideswipe,14:40,5.0,6
677253,CR-0000086396,0,0,0,0,Violation Driver 1,Sideswipe,16:00,5.0,6
677254,CR-0000086397,0,0,0,0,Violation Driver 1,Rear End,17:35,5.0,5
677255,CR-0000086398,0,1,0,0,Violation Driver 1,Vehicle/Bike,19:51,5.0,7
677256,CR-0000086400,0,0,0,0,Violation Driver 1,Head On,09:15,5.0,1
677257,CR-0000086401,0,1,0,0,Violation Driver 1,Broadside,12:42,5.0,0
677258,CR-0000086402,0,0,0,0,Violation Driver 1,Sideswipe,13:10,5.0,6
677259,CR-0000086403,2,0,0,0,Violation Driver 1,Rear End,13:54,5.0,5
677260,CR-0000086404,0,0,0,0,Violation Driver 1,Hit Object,16:37,5.0,2
677261,CR-0000086399,0,0,0,0,Violation Driver 1,Hit Object,01:30,5.0,2
677262,CR-0000086405,0,1,0,0,Bike At Fault,Vehicle/Bike,17:50,0.0,7
677263,CR-0000086406,0,1,0,0,Violation Driver 1,Hit Object,17:52,5.0,2
677264,CR-0000086407,1,1,0,0,Violation Driver 1,Rear End,17:59,5.0,5
677265,CR-0000086408,0,0,0,0,Violation Driver 1,Hit Object,18:30,5.0,2
677266,CR-0000086409,0,1,0,0,Violation Driver 1,Vehicle/Pedestrian,22:30,5.0,8
677267,CR-0000086410,2,0,0,0,Violation Driver 1,Broadside,00:27,5.0,0
677268,CR-0000086411,1,0,0,0,Violation Driver 1,Sideswipe,03:25,5.0,6
677269,CR-0000086412,0,1,0,0,Violation Driver 1,Broadside,07:40,5.0,0
677270,CR-0000086413,0,0,0,0,Violation Driver 1,Sideswipe,10:10,5.0,6
677271,CR-0000086414,1,0,0,0,Violation Driver 1,Rear End,15:36,5.0,5
677272,CR-0000086415,0,0,0,0,Violation Driver 1,Head On,18:39,5.0,1
677273,CR-0000086416,0,0,0,0,Violation Driver 1,Hit Object,20:12,5.0,2
677274,CR-0000086417,1,0,0,0,Violation Driver 1,Broadside,21:13,5.0,0
677275,CR-0000086418,2,0,0,0,Unknown,Head On,22:21,4.0,1
677276,CR-0000086419,0,0,0,0,Violation Driver 1,Head On,23:34,5.0,1
677277,CR-0000086420,0,0,0,0,Unknown,Rear End,15:20,4.0,5
677278,CR-0000086421,0,0,0,0,Violation Driver 1,Rear End,08:40,5.0,5
677279,CR-0000086422,2,0,0,0,Violation Driver 1,Broadside,13:02,5.0,0
677280,CR-0000086423,0,0,0,0,Violation Driver 1,Sideswipe,13:48,5.0,6
677281,CR-0000086424,0,0,1,0,Violation Driver 1,Rear End,12:23,5.0,5
677282,CR-0000086425,0,0,0,0,Unknown,Sideswipe,20:25,4.0,6
677283,CR-0000086426,0,0,0,0,Violation Driver 1,Broadside,04:57,5.0,0
677284,CR-0000086427,1,0,0,0,Violation Driver 1,Rear End,08:25,5.0,5
677285,CR-0000086428,3,0,0,0,Violation Driver 1,Broadside,09:24,5.0,0
677286,CR-0000086429,0,0,0,0,Violation Driver 1,Rear End,09:45,5.0,5
677287,CR-0000086430,0,0,0,0,Violation Driver 1,Sideswipe,13:00,5.0,6
677288,CR-0000086431,0,1,0,0,Bike At Fault,Vehicle/Bike,18:19,0.0,7
677289,CR-0000086432,1,1,0,0,Unknown,Broadside,21:43,4.0,0
677290,CR-0000086433,1,0,0,0,Violation Driver 1,Hit Object,10:54,5.0,2
677291,CR-0000086434,0,0,0,0,Violation Driver 1,Rear End,12:15,5.0,5
677292,CR-0000086435,0,0,0,0,Violation Driver 1,Rear End,17:57,5.0,5
677293,CR-0000086436,0,0,0,0,Violation Driver 1,Other,18:44,5.0,3
677294,CR-0000086437,0,1,0,0,Violation Driver 1,Sideswipe,21:05,5.0,6
677295,CR-0000086438,0,0,0,0,Violation Driver 1,Rear End,23:29,5.0,5
677296,CR-0000086439,0,0,0,0,Unknown,Broadside,22:00,4.0,0
677297,CR-0000086440,0,0,0,0,Violation Driver 1,Broadside,20:44,5.0,0
677298,CR-0000086441,0,0,0,0,Violation Driver 1,Rear End,00:59,5.0,5
677299,CR-0000086442,0,1,0,0,Violation Driver 1,Hit Object,04:19,5.0,2
677300,CR-0000086443,0,0,0,0,Violation Driver 1,Sideswipe,14:30,5.0,6
677301,CR-0000086444,2,0,0,0,Violation Driver 1,Broadside,14:36,5.0,0
677302,CR-0000086445,0,0,0,0,Violation Driver 1,Sideswipe,14:57,5.0,6
677303,CR-0000086446,0,0,0,0,Violation Driver 1,Rear End,15:07,5.0,5
677304,CR-0000086447,0,0,0,0,Violation Driver 1,Rear End,15:10,5.0,5
677305,CR-0000086448,0,1,0,0,Violation Driver 1,Vehicle/Bike,18:53,5.0,7
677306,CR-0000086449,0,0,0,0,Unknown,Rear End,15:00,4.0,5
677307,CR-0000086450,0,0,0,0,Unknown,Rear End,16:30,4.0,5
677308,CR-0000086451,0,0,0,0,Unknown,Other,12:15,4.0,3
677309,CR-0000086453,0,0,0,0,Unknown,Rear End,06:30,4.0,5
677310,CR-0000086454,0,0,0,0,Unknown,Head On,05:30,4.0,1
677311,CR-0000086455,0,0,0,0,Unknown,Broadside,22:10,4.0,0
677312,CR-0000086456,0,0,0,0,Violation Driver 1,Broadside,14:30,5.0,0
677313,CR-0000086457,0,0,0,0,Unknown,Rear End,21:00,4.0,5
677314,CR-0000086458,2,0,0,0,Violation Driver 1,Head On,20:16,5.0,1
677315,CR-0000086459,0,0,0,0,Unknown,Sideswipe,00:00,4.0,6
677316,CR-0000086460,0,1,0,0,Violation Driver 1,Broadside,07:06,5.0,0
677317,CR-0000086461,1,0,0,0,Violation Driver 1,Rear End,11:25,5.0,5
677318,CR-0000086462,1,0,0,0,Violation Driver 1,Broadside,12:39,5.0,0
677319,CR-0000086463,0,0,0,0,Violation Driver 1,Broadside,14:59,5.0,0
677320,CR-0000086464,0,0,0,0,Violation Driver 1,Rear End,00:10,5.0,5
677321,CR-0000086465,0,0,0,0,Violation Driver 1,Hit Object,06:50,5.0,2
677322,CR-0000086466,0,0,0,0,Violation Driver 1,Hit Object,07:45,5.0,2
677323,CR-0000086467,0,1,0,0,Violation Driver 1,Broadside,08:40,5.0,0
677324,CR-0000086468,1,0,0,0,Violation Driver 1,Broadside,10:16,5.0,0
677325,CR-0000086469,2,0,0,0,Unknown,Broadside,17:15,4.0,0
677326,CR-0000086470,1,0,1,0,Violation Driver 1,Rear End,20:28,5.0,5
677327,CR-0000086471,2,0,0,0,Violation Driver 1,Broadside,05:49,5.0,0
677328,CR-0000086472,0,0,0,0,Violation Driver 1,Rear End,11:11,5.0,5
677329,CR-0000086473,2,0,0,0,Other Than Driver,Sideswipe,14:24,2.0,6
677330,CR-0000086474,1,0,0,0,Violation Driver 1,Rear End,15:08,5.0,5
677331,CR-0000086475,1,0,0,0,Violation Driver 1,Sideswipe,16:43,5.0,6
677332,CR-0000086476,1,0,0,0,Violation Driver 1,Rear End,17:05,5.0,5
677333,CR-0000086477,1,0,0,0,Violation Driver 1,Rear End,17:17,5.0,5
677334,CR-0000086478,0,0,0,0,Violation Driver 1,Sideswipe,08:01,5.0,6
677335,CR-0000086479,1,0,0,0,Violation Driver 1,Sideswipe,11:21,5.0,6
677336,CR-0000086480,1,0,0,0,Violation Driver 1,Broadside,11:32,5.0,0
677337,CR-0000086481,1,0,0,0,Violation Driver 1,Vehicle/Pedestrian,20:30,5.0,8
677338,CR-0000086482,0,0,0,0,Violation Driver 1,Sideswipe,00:48,5.0,6
677339,CR-0000086483,0,0,1,0,Violation Driver 1,Hit Object,01:55,5.0,2
677340,CR-0000086484,0,1,0,0,Violation Driver 1,Hit Object,03:55,5.0,2
677341,CR-0000086485,0,0,0,0,Violation Driver 1,Hit Object,12:23,5.0,2
677342,CR-0000086486,0,1,0,0,Violation Driver 1,Broadside,12:43,5.0,0
677343,CR-0000086487,0,0,0,0,Violation Driver 1,Sideswipe,14:08,5.0,6
677344,CR-0000086488,0,0,0,0,Violation Driver 1,Rear End,14:24,5.0,5
677345,CR-0000086489,0,0,0,0,Violation Driver 1,Hit Object,16:00,5.0,2
677346,CR-0000086490,1,0,0,0,Violation Driver 1,Hit Object,18:15,5.0,2
677347,CR-0000086491,0,1,0,0,Violation Driver 1,Vehicle/Pedestrian,06:20,5.0,8
677348,CR-0000086492,1,0,0,0,Violation Driver 1,Broadside,07:00,5.0,0
677349,CR-0000086493,1,0,0,0,Violation Driver 1,Broadside,08:07,5.0,0
677350,CR-0000086494,0,0,0,0,Violation Driver 1,Rear End,14:30,5.0,5
677351,CR-0000086495,0,0,0,0,Unknown,Hit Object,05:42,4.0,2
677352,CR-0000086496,2,0,0,0,Violation Driver 1,Broadside,07:29,5.0,0
677353,CR-0000086497,0,0,0,0,Violation Driver 1,Sideswipe,16:43,5.0,6
677354,CR-0000086498,1,0,0,0,Violation Driver 1,Broadside,18:05,5.0,0
677355,CR-0000086499,0,0,0,0,Violation Driver 1,Hit Object,07:38,5.0,2
677356,CR-0000086500,0,1,0,0,Violation Driver 1,Broadside,08:30,5.0,0
677357,CR-0000086501,0,0,1,0,Unknown,Vehicle/Pedestrian,11:51,4.0,8
677358,CR-0000086502,0,0,0,0,Violation Driver 1,Rear End,18:20,5.0,5
677359,CR-0000086503,0,0,0,0,Violation Driver 1,Other,19:48,5.0,3
677360,CR-0000086504,0,0,0,0,Violation Driver 1,Broadside,00:00,5.0,0
677361,CR-0000086505,1,0,0,0,Unknown,Broadside,07:45,4.0,0
677362,CR-0000086506,1,1,0,0,Violation Driver 1,Head On,08:05,5.0,1
677363,CR-0000086507,0,0,0,0,Violation Driver 1,Broadside,08:10,5.0,0
677364,CR-0000086508,1,0,0,0,Violation Driver 1,Sideswipe,16:34,5.0,6
677365,CR-0000086509,2,1,0,0,Violation Driver 1,Head On,17:14,5.0,1
677366,CR-0000086510,0,0,0,0,Violation Driver 1,Hit Object,00:59,5.0,2
677367,CR-0000086511,0,0,0,0,Violation Driver 1,Rear End,10:18,5.0,5
677368,CR-0000086512,0,0,0,0,Violation Driver 1,Sideswipe,14:15,5.0,6
677369,CR-0000086513,1,1,0,0,Violation Driver 1,Rear End,14:57,5.0,5
677370,CR-0000086514,0,0,0,0,Violation Driver 1,Sideswipe,15:03,5.0,6
677371,CR-0000086515,1,0,0,0,Violation Driver 1,Sideswipe,15:56,5.0,6
677372,CR-0000086516,0,0,0,0,Unknown,Rear End,14:00,4.0,5
677373,CR-0000086517,0,0,0,0,Unknown,Other,18:00,4.0,3
677374,CR-0000086518,0,0,0,0,Unknown,Rear End,11:00,4.0,5
677375,CR-0000086519,0,0,0,0,Unknown,Sideswipe,22:00,4.0,6
677376,CR-0000086520,0,0,0,1,Unknown,Vehicle/Pedestrian,20:34,4.0,8
677377,CR-0000086521,0,0,0,1,Unknown,Vehicle/Bike,22:25,4.0,7
677378,CR-0000086522,1,0,0,0,Unknown,Vehicle/Bike,21:00,4.0,7
677379,CR-0000086523,0,0,0,0,Unknown,Sideswipe,06:50,4.0,6
677380,CR-0000086524,0,0,0,0,Unknown,Rear End,18:45,4.0,5
677381,CR-0000086525,0,0,0,0,Violation Driver 1,Rear End,14:51,5.0,5
677382,CR-0000086526,0,0,0,0,Violation Driver 1,Rear End,16:03,5.0,5
677383,CR-0000086527,0,2,0,0,Violation Driver 1,Sideswipe,12:08,5.0,6
677384,CR-0000086528,0,0,0,0,Violation Driver 1,Rear End,18:55,5.0,5
677385,CR-0000086529,0,0,0,0,Unknown,Other,04:00,4.0,3
677386,CR-0000086530,0,0,0,0,Unknown,Sideswipe,23:30,4.0,6
677387,CR-0000086531,0,0,0,0,Violation Driver 1,Rear End,02:10,5.0,5
677388,CR-0000086532,0,0,0,0,Violation Driver 1,Sideswipe,03:41,5.0,6
677389,CR-0000086533,0,0,0,0,Violation Driver 1,Head On,05:06,5.0,1
677390,CR-0000086534,1,0,0,0,Violation Driver 1,Vehicle/Bike,11:07,5.0,7
677391,CR-0000086535,0,1,0,0,Violation Driver 1,Rear End,11:17,5.0,5
677392,CR-0000086536,0,0,0,0,Unknown,Rear End,12:00,4.0,5
677393,CR-0000086537,0,1,0,0,Violation Driver 1,Hit Object,14:23,5.0,2
677394,CR-0000086538,0,0,0,0,Violation Driver 1,Rear End,16:30,5.0,5
677395,CR-0000086539,0,1,0,0,Pedestrian At Fault,Vehicle/Pedestrian,22:39,3.0,8
677396,CR-0000086540,0,0,0,0,Unknown,Sideswipe,14:10,4.0,6
677397,CR-0000086541,0,0,0,0,Unknown,Rear End,14:47,4.0,5
677398,CR-0000086542,0,0,0,0,Unknown,Rear End,20:00,4.0,5
677399,CR-0000086545,1,0,0,1,Violation Driver 1,Rear End,01:09,5.0,5
677400,CR-0000086546,0,1,0,0,Violation Driver 1,Hit Object,01:01,5.0,2
677401,CR-0000086547,0,0,0,0,Unknown,Hit Object,12:31,4.0,2
677402,CR-0000086548,0,0,0,0,Unknown,Rear End,17:15,4.0,5
677403,CR-0000086549,0,1,0,0,Violation Driver 1,Vehicle/Bike,21:52,5.0,7
677404,CR-0000086550,1,1,0,0,Violation Driver 1,Hit Object,23:22,5.0,2
677405,CR-0000086551,0,0,0,0,Unknown,Sideswipe,08:40,4.0,6
677406,CR-0000086552,0,0,0,0,Unknown,Rear End,21:05,4.0,5
677407,CR-0000086553,0,0,0,0,Violation Driver 1,Sideswipe,11:35,5.0,6
677408,CR-0000086554,0,0,0,0,Violation Driver 1,Sideswipe,20:17,5.0,6
677409,CR-0000086555,0,0,0,0,Unknown,Other,11:50,4.0,3
677410,CR-0000086556,0,0,0,0,Unknown,Sideswipe,00:05,4.0,6
677411,CR-0000086557,0,0,0,0,Unknown,Sideswipe,08:07,4.0,6
677412,CR-0000086558,0,0,0,0,Unknown,Broadside,15:34,4.0,0
677413,CR-0000086559,0,0,0,0,Unknown,Rear End,00:50,4.0,5
677414,CR-0000086560,0,0,0,0,Violation Driver 1,Hit Object,23:13,5.0,2
677415,CR-0000086561,0,1,0,0,Pedestrian At Fault,Vehicle/Pedestrian,18:38,3.0,8
677416,CR-0000086562,1,0,0,0,Violation Driver 1,Rear End,21:13,5.0,5
677417,CR-0000086563,1,0,0,0,Violation Driver 1,Rear End,20:31,5.0,5
677419,CR-0000086565,0,0,0,0,Violation Driver 1,Hit Object,18:31,5.0,2
677420,CR-0000086566,0,0,0,0,Violation Driver 1,Rear End,09:15,5.0,5
677421,CR-0000086567,0,0,0,0,Violation Driver 1,Broadside,18:26,5.0,0
677422,CR-0000086568,0,0,0,0,Violation Driver 1,Sideswipe,22:04,5.0,6
677423,CR-0000086569,0,0,0,0,Violation Driver 1,Rear End,01:37,5.0,5
677424,CR-0000086570,0,0,0,0,Violation Driver 1,Rear End,08:10,5.0,5
677425,CR-0000086571,0,0,0,0,Violation Driver 1,Rear End,10:54,5.0,5
677426,CR-0000086572,0,0,0,0,Violation Driver 1,Rear End,16:14,5.0,5
677427,CR-0000086573,0,0,0,0,Violation Driver 1,Sideswipe,14:00,5.0,6
677428,CR-0000086574,0,0,1,0,Violation Driver 1,Rear End,21:08,5.0,5
677429,CR-0000086575,0,0,0,0,Violation Driver 1,Rear End,21:40,5.0,5
677430,CR-0000086576,0,0,0,0,Violation Driver 1,Hit Object,23:54,5.0,2
677431,CR-0000086577,1,0,1,0,Violation Driver 1,Broadside,00:15,5.0,0
677432,CR-0000086578,0,0,0,0,Violation Driver 1,Rear End,10:51,5.0,5
677433,CR-0000086579,0,0,0,0,Violation Driver 1,Rear End,16:27,5.0,5
677434,CR-0000086580,1,0,0,0,Violation Driver 1,Broadside,17:04,5.0,0
677435,CR-0000086581,0,0,0,0,Violation Driver 1,Hit Object,20:06,5.0,2
677436,CR-0000086582,0,0,0,0,Violation Driver 1,Rear End,21:10,5.0,5
677437,CR-0000086583,1,0,0,0,Violation Driver 1,Head On,21:10,5.0,1
677438,CR-0000086584,0,0,0,0,Violation Driver 1,Sideswipe,12:20,5.0,6
677439,CR-0000086585,0,0,0,0,Violation Driver 1,Hit Object,19:16,5.0,2
677440,CR-0000086586,0,0,0,0,Violation Driver 1,Head On,02:00,5.0,1
677441,CR-0000086587,1,0,0,0,Violation Driver 1,Sideswipe,07:35,5.0,6
677442,CR-0000086588,0,0,0,0,Violation Driver 1,Hit Object,13:45,5.0,2
677443,CR-0000086589,0,0,0,0,Violation Driver 1,Rear End,16:13,5.0,5
677444,CR-0000086590,0,0,0,0,Violation Driver 1,Hit Object,16:25,5.0,2
677445,CR-0000086591,0,0,0,0,Violation Driver 1,Broadside,13:49,5.0,0
677446,CR-0000086592,1,0,0,0,Violation Driver 1,Hit Object,23:30,5.0,2
677447,CR-0000086593,0,0,1,0,Violation Driver 1,Sideswipe,18:31,5.0,6
677448,CR-0000086595,0,0,0,0,Violation Driver 1,Hit Object,02:11,5.0,2
677449,CR-0000086596,0,0,0,0,Violation Driver 1,Rear End,14:29,5.0,5
677450,CR-0000086597,0,0,0,0,Violation Driver 1,Rear End,18:07,5.0,5
677451,CR-0000086598,0,0,0,0,Violation Driver 1,Sideswipe,08:53,5.0,6
677452,CR-0000086599,0,0,0,0,Violation Driver 1,Hit Object,17:09,5.0,2
677453,CR-0000086600,0,0,0,0,Violation Driver 1,Rear End,07:35,5.0,5
677454,CR-0000086601,0,0,0,0,Violation Driver 1,Hit Object,12:27,5.0,2
677455,CR-0000086602,0,0,0,0,Violation Driver 1,Hit Object,18:50,5.0,2
677456,CR-0000086603,1,0,0,0,Violation Driver 1,Broadside,06:42,5.0,0
677457,CR-0000086604,2,2,0,0,Violation Driver 1,Broadside,07:20,5.0,0
677458,CR-0000086605,0,0,0,0,Violation Driver 1,Hit Object,08:59,5.0,2
677459,CR-0000086606,1,0,0,0,Violation Driver 1,Rear End,12:06,5.0,5
677460,CR-0000086607,0,0,0,0,Violation Driver 1,Hit Object,13:22,5.0,2
677461,CR-0000086608,0,1,0,0,Violation Driver 1,Vehicle/Pedestrian,21:30,5.0,8
677462,CR-0000086609,0,0,0,0,Violation Driver 1,Sideswipe,21:52,5.0,6
677463,CR-0000086610,0,0,0,0,Violation Driver 1,Hit Object,22:41,5.0,2
677464,CR-0000086611,0,0,0,0,Violation Driver 1,Sideswipe,23:33,5.0,6
677465,CR-0000086612,1,0,0,0,Violation Driver 1,Vehicle/Bike,10:49,5.0,7
677466,CR-0000086613,1,0,0,0,Unknown,Broadside,15:06,4.0,0
677467,CR-0000086614,0,0,1,0,Violation Driver 1,Broadside,16:40,5.0,0
677468,CR-0000086615,1,0,0,0,Violation Driver 1,Broadside,18:50,5.0,0
677469,CR-0000086616,0,0,0,0,Violation Driver 1,Broadside,19:12,5.0,0
677470,CR-0000086617,0,0,0,0,Violation Driver 1,Rear End,22:00,5.0,5
677471,CR-0000086618,0,1,0,0,Pedestrian At Fault,Vehicle/Pedestrian,00:34,3.0,8
677472,CR-0000086619,0,1,0,0,Bike At Fault,Vehicle/Bike,14:55,0.0,7
677473,CR-0000086620,1,0,0,0,Other Than Driver,Rear End,16:08,2.0,5
677474,CR-0000086621,2,2,0,0,Violation Driver 1,Broadside,18:28,5.0,0
677475,CR-0000086622,0,0,0,0,Violation Driver 1,Broadside,08:42,5.0,0
677476,CR-0000086623,0,1,0,0,Violation Driver 1,Broadside,09:30,5.0,0
677477,CR-0000086624,0,0,0,0,Violation Driver 1,Sideswipe,07:27,5.0,6
677478,CR-0000086625,0,0,0,0,Violation Driver 1,Sideswipe,12:20,5.0,6
677479,CR-0000086626,0,2,1,0,Violation Driver 1,Rear End,21:45,5.0,5
677480,CR-0000086627,1,1,0,0,Violation Driver 1,Broadside,13:12,5.0,0
677481,CR-0000086628,0,1,0,0,Violation Driver 1,Hit Object,17:00,5.0,2
677482,CR-0000086629,0,1,0,0,Violation Driver 1,Broadside,18:00,5.0,0
677483,CR-0000086630,1,0,0,0,Violation Driver 1,Sideswipe,20:23,5.0,6
677484,CR-0000086631,0,0,0,0,Violation Driver 1,Sideswipe,09:05,5.0,6
677485,CR-0000086632,2,0,0,0,Violation Driver 1,Rear End,10:10,5.0,5
677486,CR-0000086633,1,0,0,0,Violation Driver 1,Vehicle/Pedestrian,18:00,5.0,8
677487,CR-0000086634,0,1,0,0,Violation Driver 1,Broadside,21:36,5.0,0
677488,CR-0000086635,1,0,0,0,Violation Driver 1,Rear End,15:26,5.0,5
677489,CR-0000086636,0,1,0,0,Violation Driver 1,Sideswipe,04:23,5.0,6
677490,CR-0000086637,1,0,0,0,Violation Driver 1,Rear End,10:52,5.0,5
677491,CR-0000086638,2,0,0,0,Violation Driver 1,Rear End,11:30,5.0,5
677492,CR-0000086639,1,0,0,0,Violation Driver 1,Rear End,16:11,5.0,5
677493,CR-0000086640,0,0,0,1,Unknown,Vehicle/Pedestrian,21:44,4.0,8
677494,CR-0000086641,0,0,0,1,Unknown,Vehicle/Pedestrian,21:20,4.0,8
677495,CR-0000086642,0,0,0,1,Unknown,Vehicle/Pedestrian,21:25,4.0,8
677496,CR-0000086647,0,0,0,0,Unknown,Rear End,15:00,4.0,5
677497,CR-0000086648,2,0,0,0,Unknown,Rear End,15:00,4.0,5
677498,CR-0000086649,0,0,0,0,Violation Driver 1,Rear End,21:01,5.0,5
677499,CR-0000086651,0,1,1,0,Violation Driver 1,Vehicle/Pedestrian,20:56,5.0,8
677500,CR-0000086653,1,0,0,0,Violation Driver 1,Broadside,11:21,5.0,0
677501,CR-0000086654,0,0,0,0,Violation Driver 1,Sideswipe,10:04,5.0,6
677502,CR-0000086655,0,0,0,0,Violation Driver 1,Sideswipe,04:42,5.0,6
677503,CR-0000086656,0,0,0,0,Violation Driver 1,Broadside,18:00,5.0,0
677504,CR-0000086657,0,0,0,0,Violation Driver 1,Hit Object,16:29,5.0,2
677505,CR-0000086658,0,0,1,0,Violation Driver 1,Broadside,01:37,5.0,0
677506,CR-0000086659,1,0,0,0,Violation Driver 1,Sideswipe,18:21,5.0,6
677507,CR-0000086661,1,0,1,0,Unknown,Broadside,17:38,4.0,0
677508,CR-0000086662,0,0,0,0,Violation Driver 1,Head On,23:33,5.0,1
677509,CR-0000086652,0,0,0,0,Violation Driver 1,Hit Object,07:06,5.0,2
677510,CR-0000086664,1,0,0,0,Violation Driver 1,Hit Object,15:37,5.0,2
677511,CR-0000086665,0,0,0,0,Violation Driver 1,Sideswipe,09:00,5.0,6
677512,CR-0000086660,0,0,0,0,Violation Driver 1,Hit Object,22:00,5.0,2
677513,CR-0000086663,0,0,0,0,Violation Driver 1,Hit Object,02:15,5.0,2
677514,CR-0000086666,0,0,0,0,Violation Driver 1,Sideswipe,06:00,5.0,6
677515,CR-0000086667,0,0,0,0,Violation Driver 1,Rear End,16:30,5.0,5
677516,CR-0000086668,0,0,0,0,Violation Driver 1,Sideswipe,00:42,5.0,6
677517,CR-0000086669,0,0,1,0,Violation Driver 1,Vehicle/Pedestrian,07:52,5.0,8
677518,CR-0000086670,0,0,0,0,Violation Driver 1,Head On,11:10,5.0,1
677519,CR-0000086671,0,0,0,0,Violation Driver 1,Sideswipe,13:46,5.0,6
677520,CR-0000086672,0,0,0,0,Unknown,Sideswipe,15:10,4.0,6
677521,CR-0000086673,0,0,0,0,Violation Driver 1,Sideswipe,16:34,5.0,6
677522,CR-0000086674,0,0,2,2,Violation Driver 1,Broadside,21:57,5.0,0
677523,CR-0000086675,2,0,0,0,Violation Driver 1,Broadside,08:52,5.0,0
677524,CR-0000086676,1,0,0,0,Violation Driver 1,Vehicle/Bike,15:55,5.0,7
677525,CR-0000086677,0,0,0,0,Violation Driver 1,Other,16:30,5.0,3
677526,CR-0000086678,1,0,0,0,Violation Driver 1,Sideswipe,17:18,5.0,6
677527,CR-0000086679,1,0,0,0,Violation Driver 1,Vehicle/Bike,21:54,5.0,7
677528,CR-0000086680,0,1,0,0,Violation Driver 1,Broadside,11:16,5.0,0
677529,CR-0000086681,2,0,0,0,Violation Driver 1,Rear End,11:29,5.0,5
677530,CR-0000086683,0,0,2,1,Violation Driver 1,Vehicle/Pedestrian,22:06,5.0,8
677531,CR-0000086684,1,0,0,1,Unknown,Hit Object,22:58,4.0,2
677532,CR-0000086685,0,0,0,1,Unknown,Hit Object,21:36,4.0,2
677533,CR-0000086686,0,0,0,1,Unknown,Vehicle/Pedestrian,22:48,4.0,8
677534,CR-0000086687,1,2,0,0,Violation Driver 1,Broadside,01:32,5.0,0
677535,CR-0000086688,1,0,0,0,Violation Driver 1,Broadside,08:59,5.0,0
677536,CR-0000086689,0,0,0,0,Violation Driver 1,Other,12:45,5.0,3
677537,CR-0000086690,1,0,0,0,Violation Driver 1,Rear End,14:50,5.0,5
677538,CR-0000086692,0,0,0,0,Violation Driver 1,Sideswipe,15:19,5.0,6
677539,CR-0000086691,1,0,0,0,Violation Driver 1,Sideswipe,15:08,5.0,6
677540,CR-0000086693,0,0,0,0,Violation Driver 1,Hit Object,17:54,5.0,2
677541,CR-0000086694,2,0,0,0,Violation Driver 1,Rear End,18:36,5.0,5
677542,CR-0000086695,0,0,0,0,Violation Driver 1,Sideswipe,19:54,5.0,6
677543,CR-0000086696,0,0,0,0,Violation Driver 1,Head On,23:52,5.0,1
677544,CR-0000086697,0,0,1,0,Violation Driver 1,Broadside,23:23,5.0,0
677545,CR-0000086698,1,0,0,0,Violation Driver 1,Hit Object,03:16,5.0,2
677546,CR-0000086699,0,0,0,0,Violation Driver 1,Hit Object,03:24,5.0,2
677547,CR-0000086700,0,1,0,0,Violation Driver 1,Broadside,13:39,5.0,0
677548,CR-0000086701,0,0,1,0,Pedestrian At Fault,Vehicle/Pedestrian,13:39,3.0,8
677549,CR-0000086702,1,0,0,0,Violation Driver 1,Broadside,14:01,5.0,0
677550,CR-0000086703,0,0,1,0,Violation Driver 1,Vehicle/Bike,16:30,5.0,7